/*
 * Generated by tools/gen_font.py - do not edit by hand.
 *
 * Every face the platform draws in, cut from
 * assets/fonts/MonaspaceNeon-Regular.otf at 4 bpp.
 *
 * Committed rather than generated at build time, the way the icons
 * are: a build on a bare runner must not need a font renderer.
 */
#include <lvgl.h>

#include "catnip_font.h"

/* clang-format off */

/* ---- catnip_font_10: 10 px, 95 glyphs ---------------------------------- */

static LV_ATTRIBUTE_LARGE_CONST const uint8_t catnip_font_10_bitmap[] = {
    0x69, 0x68, 0x58, 0x58, 0x36, 0x00, 0x24, 0x7b, 0xb3, 0x0e, 0xb2, 0x0e, 0xa2, 0x0d, 0x30, 0x04,
    0x01, 0xc0, 0xc1, 0x03, 0xa0, 0xd0, 0x3e, 0xed, 0xfb, 0x06, 0x61, 0xc0, 0x08, 0x52, 0xa0, 0x09,
    0x44, 0x90, 0x8f, 0xde, 0xe6, 0x0c, 0x07, 0x60, 0x0d, 0x09, 0x40, 0x00, 0x13, 0x00, 0x00, 0x37,
    0x00, 0x06, 0xde, 0xa1, 0x1e, 0x47, 0x98, 0x1f, 0x57, 0x01, 0x07, 0xfa, 0x00, 0x00, 0x4e, 0xe3,
    0x23, 0x37, 0x89, 0x3d, 0x47, 0x98, 0x09, 0xef, 0xa1, 0x00, 0x37, 0x00, 0x00, 0x13, 0x00, 0x48,
    0x60, 0x82, 0x72, 0x91, 0x90, 0x16, 0x18, 0x20, 0x00, 0x09, 0x00, 0x00, 0x72, 0x00, 0x00, 0x90,
    0x61, 0x07, 0x37, 0x39, 0x0a, 0x04, 0x86, 0x05, 0xcc, 0x30, 0x0e, 0x12, 0x50, 0x0c, 0x40, 0x00,
    0x08, 0xe1, 0x7b, 0x3b, 0x7a, 0xa1, 0x77, 0x0c, 0xd0, 0x7b, 0x05, 0xe1, 0x1b, 0xdb, 0x8a, 0x68,
    0x58, 0x58, 0x12, 0x00, 0x00, 0x00, 0x04, 0xb0, 0x02, 0xc1, 0x00, 0xa4, 0x00, 0x0e, 0x00, 0x02,
    0xd0, 0x00, 0x2d, 0x00, 0x00, 0xe0, 0x00, 0x0a, 0x40, 0x00, 0x2c, 0x10, 0x00, 0x4b, 0x00, 0x00,
    0x00, 0x96, 0x00, 0x0b, 0x40, 0x01, 0xd0, 0x00, 0xc2, 0x00, 0x94, 0x00, 0x94, 0x00, 0xc2, 0x01,
    0xd0, 0x0b, 0x40, 0x96, 0x00, 0x00, 0x58, 0x00, 0x35, 0x58, 0x44, 0x28, 0xde, 0x94, 0x02, 0xcb,
    0x40, 0x08, 0x42, 0xb0, 0x00, 0x47, 0x00, 0x00, 0x58, 0x00, 0x3c, 0xee, 0xc6, 0x00, 0x58, 0x00,
    0x00, 0x58, 0x00, 0x79, 0x09, 0xf0, 0x0a, 0x08, 0x20, 0x6c, 0xc9, 0x69, 0x9c, 0x00, 0x00, 0xe1,
    0x00, 0x06, 0x90, 0x00, 0x0d, 0x30, 0x00, 0x3c, 0x00, 0x00, 0xa5, 0x00, 0x01, 0xe0, 0x00, 0x07,
    0x80, 0x00, 0x0e, 0x10, 0x00, 0x04, 0x00, 0x00, 0x03, 0xbc, 0x50, 0x0e, 0x31, 0xd3, 0x5a, 0x00,
    0x78, 0x78, 0x35, 0x5a, 0x78, 0x47, 0x5a, 0x5a, 0x00, 0x78, 0x1e, 0x10, 0xc3, 0x05, 0xdd, 0x70,
    0x00, 0x9a, 0x00, 0x03, 0xfa, 0x00, 0x0d, 0x9a, 0x00, 0x00, 0x5a, 0x00, 0x00, 0x5a, 0x00, 0x00,
    0x5a, 0x00, 0x00, 0x5a, 0x00, 0x2c, 0xde, 0xc6, 0x09, 0xee, 0x70, 0x3d, 0x00, 0xf1, 0x01, 0x00,
    0xe2, 0x00, 0x06, 0xd0, 0x00, 0x9c, 0x10, 0x0b, 0x90, 0x00, 0x3c, 0x00, 0x00, 0x5e, 0xcc, 0xc6,
    0x07, 0xce, 0x90, 0x2e, 0x00, 0xd3, 0x00, 0x01, 0xe1, 0x00, 0x8f, 0x50, 0x00, 0x04, 0xe3, 0x24,
    0x00, 0x97, 0x3e, 0x00, 0xc5, 0x08, 0xee, 0x90, 0x00, 0x08, 0xc0, 0x00, 0x3d, 0xc0, 0x00, 0xc4,
    0xc0, 0x08, 0x72, 0xc0, 0x3c, 0x02, 0xc0, 0x6c, 0xcd, 0xf8, 0x00, 0x02, 0xc0, 0x00, 0x02, 0xc0,
    0x0d, 0xdd, 0xd1, 0x0d, 0x00, 0x00, 0x1c, 0x00, 0x00, 0x2e, 0xac, 0xa0, 0x15, 0x00, 0xc5, 0x12,
    0x00, 0x87, 0x4d, 0x00, 0xc4, 0x08, 0xee, 0x80, 0x04, 0xdd, 0x90, 0x1e, 0x10, 0xb5, 0x4b, 0x00,
    0x00, 0x6c, 0xac, 0xb0, 0x6c, 0x00, 0xb6, 0x4b, 0x00, 0x78, 0x0e, 0x10, 0xc5, 0x05, 0xdd, 0x90,
    0x3d, 0xdd, 0xe6, 0x00, 0x00, 0xd2, 0x00, 0x02, 0xd0, 0x00, 0x08, 0x70, 0x00, 0x0d, 0x20, 0x00,
    0x3d, 0x00, 0x00, 0x87, 0x00, 0x00, 0xd2, 0x00, 0x07, 0xcd, 0x90, 0x1e, 0x00, 0xc4, 0x0e, 0x10,
    0xa3, 0x06, 0xea, 0x90, 0x0a, 0x69, 0xd2, 0x4a, 0x00, 0x97, 0x5c, 0x00, 0xa8, 0x09, 0xed, 0xa0,
    0x07, 0xed, 0x70, 0x2e, 0x10, 0xd2, 0x5b, 0x00, 0x87, 0x3d, 0x00, 0x99, 0x09, 0xda, 0xa9, 0x00,
    0x00, 0x87, 0x2e, 0x00, 0xd3, 0x07, 0xcd, 0x70, 0x69, 0x9c, 0x00, 0x00, 0x69, 0x9c, 0x69, 0x09,
    0xc0, 0x00, 0x00, 0x00, 0x79, 0x09, 0xf0, 0x0a, 0x08, 0x20, 0x00, 0x00, 0x00, 0x00, 0x05, 0xc0,
    0x00, 0xaa, 0x10, 0x1d, 0x50, 0x00, 0x0b, 0x90, 0x00, 0x00, 0x6c, 0x30, 0x00, 0x02, 0xb0, 0x1d,
    0xdd, 0xd3, 0x00, 0x00, 0x00, 0x00, 0x00, 0x00, 0x1d, 0xdd, 0xd3, 0x00, 0x00, 0x0b, 0x70, 0x00,
    0x08, 0xb1, 0x00, 0x03, 0xd3, 0x00, 0x7c, 0x11, 0xb8, 0x00, 0xa4, 0x00, 0x00, 0x09, 0xec, 0x70,
    0x3d, 0x00, 0xe2, 0x01, 0x00, 0xe1, 0x00, 0x2b, 0x70, 0x00, 0x47, 0x00, 0x00, 0x00, 0x00, 0x00,
    0x24, 0x00, 0x00, 0x7b, 0x00, 0x05, 0xcc, 0xa0, 0x2b, 0x00, 0x75, 0x65, 0x4d, 0xa8, 0x83, 0xa3,
    0x39, 0x82, 0xb1, 0x29, 0x82, 0xb1, 0x29, 0x83, 0xa3, 0x39, 0x74, 0x4c, 0x8d, 0x57, 0x00, 0x00,
    0x0d, 0x10, 0x02, 0x04, 0xcb, 0xb5, 0x00, 0x9b, 0x00, 0x00, 0xdd, 0x00, 0x02, 0xb9, 0x50, 0x07,
    0x75, 0x90, 0x0b, 0x20, 0xe0, 0x0e, 0xbb, 0xe3, 0x4a, 0x00, 0x77, 0x95, 0x00, 0x3c, 0x1f, 0xcd,
    0xa0, 0x1d, 0x00, 0xd3, 0x1d, 0x00, 0xe1, 0x1f, 0xbe, 0x50, 0x1d, 0x02, 0xb6, 0x1d, 0x00, 0x5a,
    0x1d, 0x00, 0x88, 0x1f, 0xcd, 0xa1, 0x04, 0xde, 0x90, 0x0e, 0x20, 0xb6, 0x5b, 0x00, 0x35, 0x69,
    0x00, 0x00, 0x69, 0x00, 0x00, 0x5b, 0x00, 0x35, 0x0e, 0x20, 0xb6, 0x04, 0xde, 0x90, 0x2f, 0xcc,
    0x50, 0x2c, 0x01, 0xd2, 0x2c, 0x00, 0x88, 0x2c, 0x00, 0x5a, 0x2c, 0x00, 0x69, 0x2c, 0x00, 0x87,
    0x2c, 0x01, 0xe2, 0x2f, 0xcc, 0x40, 0x2f, 0xdd, 0xd4, 0x2c, 0x00, 0x00, 0x2c, 0x00, 0x00, 0x2f,
    0xcc, 0x90, 0x2c, 0x00, 0x00, 0x2c, 0x00, 0x00, 0x2c, 0x00, 0x00, 0x2f, 0xcc, 0xc4, 0x2f, 0xdd,
    0xd4, 0x2c, 0x00, 0x00, 0x2c, 0x00, 0x00, 0x2c, 0x00, 0x00, 0x2f, 0xcc, 0x90, 0x2c, 0x00, 0x00,
    0x2c, 0x00, 0x00, 0x2c, 0x00, 0x00, 0x04, 0xde, 0x90, 0x0e, 0x20, 0xb5, 0x5b, 0x00, 0x34, 0x69,
    0x00, 0x00, 0x79, 0x09, 0xda, 0x5a, 0x00, 0x49, 0x1e, 0x20, 0x95, 0x04, 0xdd, 0x90, 0x2c, 0x00,
    0x95, 0x2c, 0x00, 0x95, 0x2c, 0x00, 0x95, 0x2f, 0xcc, 0xe5, 0x2c, 0x00, 0x95, 0x2c, 0x00, 0x95,
    0x2c, 0x00, 0x95, 0x2c, 0x00, 0x95, 0x2d, 0xee, 0xd4, 0x00, 0x69, 0x00, 0x00, 0x69, 0x00, 0x00,
    0x69, 0x00, 0x00, 0x69, 0x00, 0x00, 0x69, 0x00, 0x00, 0x69, 0x00, 0x2c, 0xee, 0xc4, 0x0b, 0xdd,
    0xf3, 0x00, 0x00, 0xb3, 0x00, 0x00, 0xb3, 0x00, 0x00, 0xb3, 0x00, 0x00, 0xb3, 0x17, 0x00, 0xb3,
    0x1f, 0x00, 0xd1, 0x07, 0xcd, 0x70, 0x2c, 0x00, 0x96, 0x2c, 0x03, 0xd0, 0x2c, 0x0c, 0x40, 0x2f,
    0xdc, 0x00, 0x2c, 0x0e, 0x10, 0x2c, 0x07, 0x90, 0x2c, 0x01, 0xe1, 0x2c, 0x00, 0x89, 0xf0, 0x00,
    0x0f, 0x00, 0x00, 0xf0, 0x00, 0x0f, 0x00, 0x00, 0xf0, 0x00, 0x0f, 0x00, 0x00, 0xf0, 0x00, 0x0f,
    0xcc, 0xc6, 0x4e, 0x00, 0xa7, 0x4e, 0x30, 0xd7, 0x49, 0x95, 0x97, 0x47, 0xca, 0x57, 0x47, 0x8a,
    0x47, 0x47, 0x35, 0x47, 0x47, 0x00, 0x47, 0x47, 0x00, 0x47, 0x2f, 0x10, 0x75, 0x2f, 0x80, 0x75,
    0x2b, 0xd0, 0x75, 0x2a, 0x85, 0x75, 0x2a, 0x2b, 0x75, 0x2a, 0x0b, 0xa5, 0x2a, 0x05, 0xf5, 0x2a,
    0x00, 0xe5, 0x05, 0xdd, 0x70, 0x1e, 0x10, 0xc3, 0x5a, 0x00, 0x78, 0x78, 0x00, 0x5a, 0x78, 0x00,
    0x5a, 0x5a, 0x00, 0x78, 0x1e, 0x10, 0xc3, 0x05, 0xdd, 0x70, 0x1f, 0xce, 0xb0, 0x1d, 0x00, 0x97,
    0x1d, 0x00, 0x78, 0x1d, 0x00, 0xc5, 0x1f, 0xcc, 0x70, 0x1d, 0x00, 0x00, 0x1d, 0x00, 0x00, 0x1d,
    0x00, 0x00, 0x05, 0xdd, 0x70, 0x1e, 0x10, 0xc3, 0x5a, 0x00, 0x78, 0x78, 0x00, 0x5a, 0x78, 0x00,
    0x5a, 0x5a, 0x15, 0x78, 0x1e, 0x1b, 0xd3, 0x05, 0xde, 0xa0, 0x00, 0x01, 0xd0, 0x00, 0x00, 0x00,
    0x1f, 0xce, 0xa0, 0x1d, 0x00, 0xb6, 0x1d, 0x00, 0x87, 0x1d, 0x02, 0xd2, 0x1f, 0xcf, 0x30, 0x1d,
    0x0a, 0x50, 0x1d, 0x02, 0xe0, 0x1d, 0x00, 0x98, 0x06, 0xdd, 0xb1, 0x1e, 0x00, 0x98, 0x1f, 0x10,
    0x00, 0x07, 0xe8, 0x00, 0x00, 0x2a, 0xe3, 0x23, 0x00, 0x89, 0x5d, 0x00, 0x98, 0x09, 0xed, 0xa1,
    0x5d, 0xee, 0xd8, 0x00, 0x69, 0x00, 0x00, 0x69, 0x00, 0x00, 0x69, 0x00, 0x00, 0x69, 0x00, 0x00,
    0x69, 0x00, 0x00, 0x69, 0x00, 0x00, 0x69, 0x00, 0x3b, 0x00, 0x86, 0x3b, 0x00, 0x86, 0x3b, 0x00,
    0x86, 0x3b, 0x00, 0x86, 0x3b, 0x00, 0x86, 0x3c, 0x00, 0x96, 0x1e, 0x00, 0xc4, 0x06, 0xdd, 0x90,
    0x78, 0x00, 0x5a, 0x2c, 0x00, 0x95, 0x0e, 0x10, 0xd1, 0x0a, 0x51, 0xd0, 0x05, 0x95, 0x80, 0x01,
    0xd9, 0x40, 0x00, 0xde, 0x00, 0x00, 0x8b, 0x00, 0xc2, 0x00, 0x0e, 0x0a, 0x42, 0x40, 0xd0, 0x86,
    0x6b, 0x3a, 0x05, 0x89, 0xa5, 0x80, 0x3a, 0x99, 0x86, 0x01, 0xd8, 0x6d, 0x30, 0x0e, 0x64, 0xf1,
    0x00, 0xc3, 0x1f, 0x00, 0x4c, 0x00, 0x97, 0x0c, 0x51, 0xd0, 0x03, 0xda, 0x60, 0x00, 0xbd, 0x00,
    0x00, 0xce, 0x00, 0x04, 0xb9, 0x70, 0x0d, 0x31, 0xe1, 0x5b, 0x00, 0x88, 0x69, 0x00, 0x59, 0x0d,
    0x20, 0xc2, 0x06, 0x95, 0x90, 0x00, 0xdd, 0x10, 0x00, 0x7a, 0x00, 0x00, 0x69, 0x00, 0x00, 0x69,
    0x00, 0x00, 0x69, 0x00, 0x3c, 0xcc, 0xf3, 0x00, 0x03, 0xc0, 0x00, 0x0c, 0x40, 0x00, 0x4c, 0x00,
    0x00, 0xc3, 0x00, 0x05, 0xb0, 0x00, 0x0d, 0x30, 0x00, 0x4f, 0xdd, 0xd6, 0x3e, 0xbb, 0x03, 0xa0,
    0x00, 0x3a, 0x00, 0x03, 0xa0, 0x00, 0x3a, 0x00, 0x03, 0xa0, 0x00, 0x3a, 0x00, 0x03, 0xa0, 0x00,
    0x3a, 0x00, 0x03, 0xa0, 0x00, 0x3e, 0xbb, 0x00, 0xd3, 0x00, 0x06, 0x90, 0x00, 0x0e, 0x10, 0x00,
    0x96, 0x00, 0x02, 0xd0, 0x00, 0x0c, 0x40, 0x00, 0x5a, 0x00, 0x00, 0xe1, 0x00, 0x03, 0x10, 0xab,
    0xd7, 0x00, 0x77, 0x00, 0x77, 0x00, 0x77, 0x00, 0x77, 0x00, 0x77, 0x00, 0x77, 0x00, 0x77, 0x00,
    0x77, 0x00, 0x77, 0x9b, 0xd7, 0x00, 0x9c, 0x00, 0x02, 0xc9, 0x50, 0x0b, 0x31, 0xd0, 0x3a, 0x00,
    0x77, 0x00, 0x00, 0x00, 0x5a, 0xaa, 0xa7, 0x29, 0x00, 0x0a, 0x60, 0x00, 0xc1, 0x09, 0xbb, 0x70,
    0x1a, 0x01, 0xe0, 0x01, 0x57, 0xf0, 0x1e, 0x30, 0xf0, 0x4c, 0x01, 0xf0, 0x0b, 0xb8, 0xc7, 0x0e,
    0x00, 0x00, 0x0e, 0x00, 0x00, 0x0e, 0x9d, 0xa0, 0x0f, 0x10, 0xb5, 0x0e, 0x00, 0x68, 0x0e, 0x00,
    0x68, 0x0e, 0x10, 0xb5, 0x0d, 0x9d, 0xa0, 0x05, 0xcc, 0x90, 0x2d, 0x10, 0xa6, 0x59, 0x00, 0x00,
    0x59, 0x00, 0x00, 0x2d, 0x00, 0xa5, 0x06, 0xcc, 0x90, 0x00, 0x00, 0xa3, 0x00, 0x00, 0xa3, 0x08,
    0xda, 0xc3, 0x2d, 0x00, 0xc3, 0x59, 0x00, 0xa3, 0x59, 0x00, 0xa3, 0x2d, 0x00, 0xc3, 0x08, 0xda,
    0xb3, 0x05, 0xdd, 0xa0, 0x2e, 0x10, 0xb5, 0x5e, 0x99, 0xc7, 0x59, 0x00, 0x00, 0x1d, 0x00, 0x83,
    0x05, 0xcc, 0x90, 0x00, 0x1a, 0xc6, 0x00, 0xa6, 0x01, 0x00, 0xd1, 0x00, 0x6c, 0xfc, 0xc5, 0x00,
    0xd1, 0x00, 0x00, 0xd1, 0x00, 0x00, 0xd1, 0x00, 0x00, 0xd1, 0x00, 0x2c, 0xfc, 0xb0, 0x08, 0xda,
    0xa3, 0x2e, 0x00, 0xd3, 0x59, 0x00, 0xa3, 0x5a, 0x00, 0xa3, 0x2e, 0x00, 0xd3, 0x08, 0xda, 0xc3,
    0x00, 0x00, 0xb3, 0x1a, 0x00, 0xe1, 0x09, 0xcc, 0x60, 0x0e, 0x00, 0x00, 0x0e, 0x00, 0x00, 0x0e,
    0x7c, 0xb0, 0x0f, 0x20, 0xd3, 0x0e, 0x00, 0xb3, 0x0e, 0x00, 0xa3, 0x0e, 0x00, 0xa3, 0x0e, 0x00,
    0xa3, 0x00, 0xa7, 0x00, 0x00, 0x21, 0x00, 0x2d, 0xe9, 0x00, 0x00, 0x59, 0x00, 0x00, 0x59, 0x00,
    0x00, 0x59, 0x00, 0x00, 0x59, 0x00, 0x2c, 0xde, 0xc4, 0x00, 0x0c, 0x40, 0x00, 0x20, 0x0d, 0xdf,
    0x60, 0x00, 0x86, 0x00, 0x08, 0x60, 0x00, 0x86, 0x00, 0x08, 0x60, 0x00, 0x86, 0x00, 0x09, 0x60,
    0x00, 0xc4, 0x2d, 0xeb, 0x00, 0x0e, 0x00, 0x00, 0x0e, 0x00, 0x00, 0x0e, 0x00, 0xc4, 0x0e, 0x09,
    0x70, 0x0f, 0xcc, 0x00, 0x0e, 0x0d, 0x40, 0x0e, 0x03, 0xe1, 0x0e, 0x00, 0x8a, 0x2d, 0xe9, 0x00,
    0x00, 0x59, 0x00, 0x00, 0x59, 0x00, 0x00, 0x59, 0x00, 0x00, 0x59, 0x00, 0x00, 0x59, 0x00, 0x00,
    0x59, 0x00, 0x2c, 0xde, 0xc4, 0x3b, 0xd9, 0xd4, 0x3a, 0x59, 0x77, 0x39, 0x58, 0x67, 0x39, 0x58,
    0x67, 0x39, 0x58, 0x67, 0x39, 0x58, 0x67, 0x0c, 0x8c, 0xb0, 0x0f, 0x20, 0xd3, 0x0e, 0x00, 0xb3,
    0x0e, 0x00, 0xa3, 0x0e, 0x00, 0xa3, 0x0e, 0x00, 0xa3, 0x05, 0xcc, 0x80, 0x1d, 0x00, 0xc4, 0x59,
    0x00, 0x68, 0x59, 0x00, 0x68, 0x2d, 0x00, 0xb4, 0x06, 0xcc, 0x80, 0x0d, 0x9d, 0xa0, 0x0f, 0x10,
    0xb5, 0x0e, 0x00, 0x68, 0x0e, 0x00, 0x68, 0x0e, 0x10, 0xb5, 0x0e, 0x9d, 0xa0, 0x0e, 0x00, 0x00,
    0x0b, 0x00, 0x00, 0x08, 0xda, 0xb3, 0x2d, 0x00, 0xc3, 0x59, 0x00, 0xa3, 0x59, 0x00, 0xa3, 0x2d,
    0x00, 0xc3, 0x08, 0xda, 0xc3, 0x00, 0x00, 0xa3, 0x00, 0x00, 0x93, 0x3c, 0xe7, 0xe8, 0x00, 0xe5,
    0x00, 0x00, 0xe0, 0x00, 0x00, 0xe0, 0x00, 0x00, 0xe0, 0x00, 0x3c, 0xfc, 0xa0, 0x08, 0xcb, 0x90,
    0x0e, 0x00, 0x82, 0x0b, 0xb6, 0x10, 0x00, 0x49, 0xe2, 0x39, 0x00, 0xb4, 0x09, 0xbc, 0xa0, 0x00,
    0x80, 0x00, 0x00, 0xe0, 0x00, 0x6c, 0xfc, 0xc3, 0x00, 0xe0, 0x00, 0x00, 0xe0, 0x00, 0x00, 0xe0,
    0x00, 0x00, 0xe1, 0x00, 0x00, 0x6e, 0xd5, 0x0e, 0x00, 0xa3, 0x0e, 0x00, 0xa3, 0x0e, 0x00, 0xa3,
    0x0e, 0x00, 0xa3, 0x0f, 0x00, 0xd3, 0x09, 0xd9, 0xa3, 0x5a, 0x00, 0x68, 0x0e, 0x00, 0xb2, 0x09,
    0x51, 0xc0, 0x04, 0xa6, 0x70, 0x00, 0xdb, 0x10, 0x00, 0x9c, 0x00, 0xc1, 0x00, 0x0d, 0x09, 0x44,
    0x91, 0xc0, 0x57, 0x8a, 0x48, 0x02, 0xa8, 0x97, 0x50, 0x0d, 0x75, 0xe2, 0x00, 0xc3, 0x1f, 0x00,
    0x3e, 0x10, 0xb5, 0x07, 0xa5, 0xa0, 0x00, 0xce, 0x10, 0x00, 0xce, 0x10, 0x09, 0x76, 0xb0, 0x4d,
    0x00, 0xb7, 0x6a, 0x00, 0x59, 0x1e, 0x00, 0xa4, 0x0b, 0x40, 0xe0, 0x05, 0xa3, 0xa0, 0x00, 0xe9,
    0x50, 0x00, 0xaf, 0x10, 0x00, 0x5b, 0x00, 0x00, 0xa5, 0x00, 0x5d, 0x80, 0x00, 0x1c, 0xcd, 0xf1,
    0x00, 0x09, 0x80, 0x00, 0x4d, 0x00, 0x00, 0xd4, 0x00, 0x08, 0x90, 0x00, 0x1f, 0xdc, 0xc4, 0x00,
    0x3d, 0xc6, 0x00, 0x87, 0x00, 0x00, 0x59, 0x00, 0x00, 0x88, 0x00, 0x5f, 0xb0, 0x00, 0x02, 0xc5,
    0x00, 0x00, 0x5a, 0x00, 0x00, 0x59, 0x00, 0x00, 0x77, 0x00, 0x00, 0x88, 0x00, 0x00, 0x2d, 0xc6,
    0x00, 0x69, 0x69, 0x69, 0x69, 0x69, 0x69, 0x69, 0x69, 0x69, 0x69, 0x4c, 0xe5, 0x00, 0x00, 0x4b,
    0x00, 0x00, 0x68, 0x00, 0x00, 0x5b, 0x00, 0x00, 0x08, 0xf7, 0x00, 0x3d, 0x30, 0x00, 0x78, 0x00,
    0x00, 0x68, 0x00, 0x00, 0x4a, 0x00, 0x00, 0x5b, 0x00, 0x4b, 0xd4, 0x00, 0x0a, 0xa0, 0x34, 0x2b,
    0x58, 0x85, 0x25, 0x08, 0xc0,
};

static const lv_font_fmt_txt_glyph_dsc_t catnip_font_10_dsc[] = {
    {.bitmap_index = 0, .adv_w = 0, .box_w = 0, .box_h = 0, .ofs_x = 0, .ofs_y = 0},
    {.bitmap_index = 0, .adv_w = 99, .box_w = 0, .box_h = 0, .ofs_x = 0, .ofs_y = 0},
    {.bitmap_index = 0, .adv_w = 99, .box_w = 2, .box_h = 8, .ofs_x = 2, .ofs_y = 0},
    {.bitmap_index = 8, .adv_w = 99, .box_w = 4, .box_h = 4, .ofs_x = 1, .ofs_y = 4},
    {.bitmap_index = 16, .adv_w = 99, .box_w = 6, .box_h = 9, .ofs_x = 0, .ofs_y = -1},
    {.bitmap_index = 43, .adv_w = 99, .box_w = 6, .box_h = 12, .ofs_x = 0, .ofs_y = -2},
    {.bitmap_index = 79, .adv_w = 99, .box_w = 6, .box_h = 8, .ofs_x = 0, .ofs_y = 0},
    {.bitmap_index = 103, .adv_w = 99, .box_w = 6, .box_h = 8, .ofs_x = 0, .ofs_y = 0},
    {.bitmap_index = 127, .adv_w = 99, .box_w = 2, .box_h = 4, .ofs_x = 2, .ofs_y = 4},
    {.bitmap_index = 131, .adv_w = 99, .box_w = 5, .box_h = 11, .ofs_x = 1, .ofs_y = -3},
    {.bitmap_index = 159, .adv_w = 99, .box_w = 4, .box_h = 11, .ofs_x = 1, .ofs_y = -3},
    {.bitmap_index = 181, .adv_w = 99, .box_w = 6, .box_h = 5, .ofs_x = 0, .ofs_y = 1},
    {.bitmap_index = 196, .adv_w = 99, .box_w = 6, .box_h = 5, .ofs_x = 0, .ofs_y = 1},
    {.bitmap_index = 211, .adv_w = 99, .box_w = 3, .box_h = 4, .ofs_x = 2, .ofs_y = -2},
    {.bitmap_index = 217, .adv_w = 99, .box_w = 4, .box_h = 1, .ofs_x = 1, .ofs_y = 3},
    {.bitmap_index = 219, .adv_w = 99, .box_w = 2, .box_h = 2, .ofs_x = 2, .ofs_y = 0},
    {.bitmap_index = 221, .adv_w = 99, .box_w = 6, .box_h = 9, .ofs_x = 0, .ofs_y = -1},
    {.bitmap_index = 248, .adv_w = 99, .box_w = 6, .box_h = 8, .ofs_x = 0, .ofs_y = 0},
    {.bitmap_index = 272, .adv_w = 99, .box_w = 6, .box_h = 8, .ofs_x = 0, .ofs_y = 0},
    {.bitmap_index = 296, .adv_w = 99, .box_w = 6, .box_h = 8, .ofs_x = 0, .ofs_y = 0},
    {.bitmap_index = 320, .adv_w = 99, .box_w = 6, .box_h = 8, .ofs_x = 0, .ofs_y = 0},
    {.bitmap_index = 344, .adv_w = 99, .box_w = 6, .box_h = 8, .ofs_x = 0, .ofs_y = 0},
    {.bitmap_index = 368, .adv_w = 99, .box_w = 6, .box_h = 8, .ofs_x = 0, .ofs_y = 0},
    {.bitmap_index = 392, .adv_w = 99, .box_w = 6, .box_h = 8, .ofs_x = 0, .ofs_y = 0},
    {.bitmap_index = 416, .adv_w = 99, .box_w = 6, .box_h = 8, .ofs_x = 0, .ofs_y = 0},
    {.bitmap_index = 440, .adv_w = 99, .box_w = 6, .box_h = 8, .ofs_x = 0, .ofs_y = 0},
    {.bitmap_index = 464, .adv_w = 99, .box_w = 6, .box_h = 8, .ofs_x = 0, .ofs_y = 0},
    {.bitmap_index = 488, .adv_w = 99, .box_w = 2, .box_h = 6, .ofs_x = 2, .ofs_y = 0},
    {.bitmap_index = 494, .adv_w = 99, .box_w = 3, .box_h = 8, .ofs_x = 2, .ofs_y = -2},
    {.bitmap_index = 506, .adv_w = 99, .box_w = 6, .box_h = 7, .ofs_x = 0, .ofs_y = 0},
    {.bitmap_index = 527, .adv_w = 99, .box_w = 6, .box_h = 4, .ofs_x = 0, .ofs_y = 1},
    {.bitmap_index = 539, .adv_w = 99, .box_w = 5, .box_h = 7, .ofs_x = 1, .ofs_y = 0},
    {.bitmap_index = 557, .adv_w = 99, .box_w = 6, .box_h = 8, .ofs_x = 0, .ofs_y = 0},
    {.bitmap_index = 581, .adv_w = 99, .box_w = 6, .box_h = 11, .ofs_x = 0, .ofs_y = -3},
    {.bitmap_index = 614, .adv_w = 99, .box_w = 6, .box_h = 8, .ofs_x = 0, .ofs_y = 0},
    {.bitmap_index = 638, .adv_w = 99, .box_w = 6, .box_h = 8, .ofs_x = 0, .ofs_y = 0},
    {.bitmap_index = 662, .adv_w = 99, .box_w = 6, .box_h = 8, .ofs_x = 0, .ofs_y = 0},
    {.bitmap_index = 686, .adv_w = 99, .box_w = 6, .box_h = 8, .ofs_x = 0, .ofs_y = 0},
    {.bitmap_index = 710, .adv_w = 99, .box_w = 6, .box_h = 8, .ofs_x = 0, .ofs_y = 0},
    {.bitmap_index = 734, .adv_w = 99, .box_w = 6, .box_h = 8, .ofs_x = 0, .ofs_y = 0},
    {.bitmap_index = 758, .adv_w = 99, .box_w = 6, .box_h = 8, .ofs_x = 0, .ofs_y = 0},
    {.bitmap_index = 782, .adv_w = 99, .box_w = 6, .box_h = 8, .ofs_x = 0, .ofs_y = 0},
    {.bitmap_index = 806, .adv_w = 99, .box_w = 6, .box_h = 8, .ofs_x = 0, .ofs_y = 0},
    {.bitmap_index = 830, .adv_w = 99, .box_w = 6, .box_h = 8, .ofs_x = 0, .ofs_y = 0},
    {.bitmap_index = 854, .adv_w = 99, .box_w = 6, .box_h = 8, .ofs_x = 0, .ofs_y = 0},
    {.bitmap_index = 878, .adv_w = 99, .box_w = 5, .box_h = 8, .ofs_x = 1, .ofs_y = 0},
    {.bitmap_index = 898, .adv_w = 99, .box_w = 6, .box_h = 8, .ofs_x = 0, .ofs_y = 0},
    {.bitmap_index = 922, .adv_w = 99, .box_w = 6, .box_h = 8, .ofs_x = 0, .ofs_y = 0},
    {.bitmap_index = 946, .adv_w = 99, .box_w = 6, .box_h = 8, .ofs_x = 0, .ofs_y = 0},
    {.bitmap_index = 970, .adv_w = 99, .box_w = 6, .box_h = 8, .ofs_x = 0, .ofs_y = 0},
    {.bitmap_index = 994, .adv_w = 99, .box_w = 6, .box_h = 10, .ofs_x = 0, .ofs_y = -2},
    {.bitmap_index = 1024, .adv_w = 99, .box_w = 6, .box_h = 8, .ofs_x = 0, .ofs_y = 0},
    {.bitmap_index = 1048, .adv_w = 99, .box_w = 6, .box_h = 8, .ofs_x = 0, .ofs_y = 0},
    {.bitmap_index = 1072, .adv_w = 99, .box_w = 6, .box_h = 8, .ofs_x = 0, .ofs_y = 0},
    {.bitmap_index = 1096, .adv_w = 99, .box_w = 6, .box_h = 8, .ofs_x = 0, .ofs_y = 0},
    {.bitmap_index = 1120, .adv_w = 99, .box_w = 6, .box_h = 8, .ofs_x = 0, .ofs_y = 0},
    {.bitmap_index = 1144, .adv_w = 99, .box_w = 7, .box_h = 8, .ofs_x = 0, .ofs_y = 0},
    {.bitmap_index = 1172, .adv_w = 99, .box_w = 6, .box_h = 8, .ofs_x = 0, .ofs_y = 0},
    {.bitmap_index = 1196, .adv_w = 99, .box_w = 6, .box_h = 8, .ofs_x = 0, .ofs_y = 0},
    {.bitmap_index = 1220, .adv_w = 99, .box_w = 6, .box_h = 8, .ofs_x = 0, .ofs_y = 0},
    {.bitmap_index = 1244, .adv_w = 99, .box_w = 5, .box_h = 11, .ofs_x = 1, .ofs_y = -3},
    {.bitmap_index = 1272, .adv_w = 99, .box_w = 5, .box_h = 9, .ofs_x = 1, .ofs_y = -1},
    {.bitmap_index = 1295, .adv_w = 99, .box_w = 4, .box_h = 11, .ofs_x = 1, .ofs_y = -3},
    {.bitmap_index = 1317, .adv_w = 99, .box_w = 6, .box_h = 5, .ofs_x = 0, .ofs_y = 3},
    {.bitmap_index = 1332, .adv_w = 99, .box_w = 6, .box_h = 1, .ofs_x = 0, .ofs_y = -2},
    {.bitmap_index = 1335, .adv_w = 99, .box_w = 4, .box_h = 3, .ofs_x = 1, .ofs_y = 6},
    {.bitmap_index = 1341, .adv_w = 99, .box_w = 6, .box_h = 6, .ofs_x = 0, .ofs_y = 0},
    {.bitmap_index = 1359, .adv_w = 99, .box_w = 6, .box_h = 8, .ofs_x = 0, .ofs_y = 0},
    {.bitmap_index = 1383, .adv_w = 99, .box_w = 6, .box_h = 6, .ofs_x = 0, .ofs_y = 0},
    {.bitmap_index = 1401, .adv_w = 99, .box_w = 6, .box_h = 8, .ofs_x = 0, .ofs_y = 0},
    {.bitmap_index = 1425, .adv_w = 99, .box_w = 6, .box_h = 6, .ofs_x = 0, .ofs_y = 0},
    {.bitmap_index = 1443, .adv_w = 99, .box_w = 6, .box_h = 9, .ofs_x = 0, .ofs_y = 0},
    {.bitmap_index = 1470, .adv_w = 99, .box_w = 6, .box_h = 9, .ofs_x = 0, .ofs_y = -3},
    {.bitmap_index = 1497, .adv_w = 99, .box_w = 6, .box_h = 8, .ofs_x = 0, .ofs_y = 0},
    {.bitmap_index = 1521, .adv_w = 99, .box_w = 6, .box_h = 8, .ofs_x = 0, .ofs_y = 0},
    {.bitmap_index = 1545, .adv_w = 99, .box_w = 5, .box_h = 11, .ofs_x = 0, .ofs_y = -3},
    {.bitmap_index = 1573, .adv_w = 99, .box_w = 6, .box_h = 8, .ofs_x = 0, .ofs_y = 0},
    {.bitmap_index = 1597, .adv_w = 99, .box_w = 6, .box_h = 8, .ofs_x = 0, .ofs_y = 0},
    {.bitmap_index = 1621, .adv_w = 99, .box_w = 6, .box_h = 6, .ofs_x = 0, .ofs_y = 0},
    {.bitmap_index = 1639, .adv_w = 99, .box_w = 6, .box_h = 6, .ofs_x = 0, .ofs_y = 0},
    {.bitmap_index = 1657, .adv_w = 99, .box_w = 6, .box_h = 6, .ofs_x = 0, .ofs_y = 0},
    {.bitmap_index = 1675, .adv_w = 99, .box_w = 6, .box_h = 8, .ofs_x = 0, .ofs_y = -2},
    {.bitmap_index = 1699, .adv_w = 99, .box_w = 6, .box_h = 8, .ofs_x = 0, .ofs_y = -2},
    {.bitmap_index = 1723, .adv_w = 99, .box_w = 6, .box_h = 6, .ofs_x = 0, .ofs_y = 0},
    {.bitmap_index = 1741, .adv_w = 99, .box_w = 6, .box_h = 6, .ofs_x = 0, .ofs_y = 0},
    {.bitmap_index = 1759, .adv_w = 99, .box_w = 6, .box_h = 8, .ofs_x = 0, .ofs_y = 0},
    {.bitmap_index = 1783, .adv_w = 99, .box_w = 6, .box_h = 6, .ofs_x = 0, .ofs_y = 0},
    {.bitmap_index = 1801, .adv_w = 99, .box_w = 6, .box_h = 6, .ofs_x = 0, .ofs_y = 0},
    {.bitmap_index = 1819, .adv_w = 99, .box_w = 7, .box_h = 6, .ofs_x = 0, .ofs_y = 0},
    {.bitmap_index = 1840, .adv_w = 99, .box_w = 6, .box_h = 6, .ofs_x = 0, .ofs_y = 0},
    {.bitmap_index = 1858, .adv_w = 99, .box_w = 6, .box_h = 9, .ofs_x = 0, .ofs_y = -3},
    {.bitmap_index = 1885, .adv_w = 99, .box_w = 6, .box_h = 6, .ofs_x = 0, .ofs_y = 0},
    {.bitmap_index = 1903, .adv_w = 99, .box_w = 6, .box_h = 11, .ofs_x = 0, .ofs_y = -3},
    {.bitmap_index = 1936, .adv_w = 99, .box_w = 2, .box_h = 11, .ofs_x = 2, .ofs_y = -3},
    {.bitmap_index = 1947, .adv_w = 99, .box_w = 6, .box_h = 11, .ofs_x = 0, .ofs_y = -3},
    {.bitmap_index = 1980, .adv_w = 99, .box_w = 6, .box_h = 3, .ofs_x = 0, .ofs_y = 2}
};

static const lv_font_fmt_txt_cmap_t catnip_font_10_cmaps[] = {
    {
        .range_start = 32, .range_length = 95, .glyph_id_start = 1,
        .unicode_list = NULL, .glyph_id_ofs_list = NULL, .list_length = 0,
        .type = LV_FONT_FMT_TXT_CMAP_FORMAT0_TINY
    }
};

static const lv_font_fmt_txt_dsc_t catnip_font_10_font_dsc = {
    .glyph_bitmap = catnip_font_10_bitmap,
    .glyph_dsc = catnip_font_10_dsc,
    .cmaps = catnip_font_10_cmaps,
    /* No kerning. The face is monospaced, so every pair is already the
     * same width apart; a kerning table would be a list of zeroes with
     * a lookup in front of it. */
    .kern_dsc = NULL,
    .kern_scale = 0,
    .cmap_num = 1,
    .bpp = 4,
    .kern_classes = 0,
    .bitmap_format = 0,
};

const lv_font_t catnip_font_10 = {
    .get_glyph_dsc = lv_font_get_glyph_dsc_fmt_txt,
    .get_glyph_bitmap = lv_font_get_bitmap_fmt_txt,
    .line_height = 12,
    .base_line = 2,
    .subpx = LV_FONT_SUBPX_NONE,
    .underline_position = -1,
    .underline_thickness = 1,
    .dsc = &catnip_font_10_font_dsc,
};

/* ---- catnip_font_16: 16 px, 95 glyphs ---------------------------------- */

static LV_ATTRIBUTE_LARGE_CONST const uint8_t catnip_font_16_bitmap[] = {
    0x0d, 0xb0, 0x0c, 0xb0, 0x0c, 0xb0, 0x0c, 0xa0, 0x0b, 0xa0, 0x0b, 0xa0, 0x0b, 0x90, 0x01, 0x10,
    0x00, 0x00, 0x03, 0x30, 0x2f, 0xf1, 0x0d, 0xc0, 0xf8, 0x00, 0xad, 0xf8, 0x00, 0x9d, 0xe7, 0x00,
    0x9d, 0xe7, 0x00, 0x8c, 0xd6, 0x00, 0x8c, 0x42, 0x00, 0x23, 0x00, 0x0e, 0x70, 0x2f, 0x20, 0x00,
    0x0f, 0x50, 0x4f, 0x00, 0x00, 0x2f, 0x30, 0x6e, 0x00, 0x0d, 0xff, 0xff, 0xff, 0xf5, 0x04, 0x9f,
    0x44, 0xcc, 0x41, 0x00, 0x7d, 0x00, 0xc9, 0x00, 0x00, 0x9c, 0x00, 0xd7, 0x00, 0x00, 0xaa, 0x00,
    0xf6, 0x00, 0x24, 0xdb, 0x45, 0xf8, 0x30, 0x7f, 0xff, 0xff, 0xff, 0xc0, 0x00, 0xf5, 0x04, 0xf1,
    0x00, 0x01, 0xf3, 0x06, 0xf0, 0x00, 0x03, 0xf1, 0x08, 0xd0, 0x00, 0x02, 0x70, 0x04, 0x50, 0x00,
    0x00, 0x00, 0x22, 0x00, 0x00, 0x00, 0x00, 0x99, 0x00, 0x00, 0x00, 0x00, 0x99, 0x00, 0x00, 0x00,
    0x4c, 0xff, 0xd7, 0x00, 0x04, 0xfc, 0xbb, 0xaf, 0x80, 0x09, 0xf1, 0x88, 0x0b, 0xe0, 0x09, 0xf1,
    0x88, 0x02, 0x30, 0x04, 0xfd, 0xb8, 0x00, 0x00, 0x00, 0x5f, 0xfe, 0x60, 0x00, 0x00, 0x01, 0xbf,
    0xfd, 0x20, 0x00, 0x00, 0x89, 0x6f, 0xc0, 0x17, 0x30, 0x88, 0x0a, 0xf0, 0x0f, 0xa0, 0x88, 0x0c,
    0xe0, 0x08, 0xfb, 0xbb, 0xbf, 0x70, 0x00, 0x6c, 0xff, 0xc6, 0x00, 0x00, 0x00, 0x99, 0x00, 0x00,
    0x00, 0x00, 0x99, 0x00, 0x00, 0x00, 0x00, 0x22, 0x00, 0x00, 0x0a, 0xea, 0x00, 0x0b, 0x50, 0x4c,
    0x0b, 0x50, 0x3d, 0x00, 0x4c, 0x0b, 0x50, 0xc5, 0x00, 0x0a, 0xda, 0x04, 0xc0, 0x00, 0x00, 0x00,
    0x0c, 0x40, 0x00, 0x00, 0x00, 0x5c, 0x00, 0x00, 0x00, 0x00, 0xd3, 0x00, 0x00, 0x00, 0x06, 0xb0,
    0x00, 0x00, 0x00, 0x0d, 0x30, 0xbe, 0x80, 0x00, 0x6a, 0x06, 0x90, 0xd2, 0x00, 0xe2, 0x06, 0x90,
    0xd2, 0x07, 0x90, 0x00, 0xbd, 0x80, 0x00, 0x4c, 0xfe, 0x70, 0x00, 0x01, 0xfc, 0x59, 0xf5, 0x00,
    0x05, 0xf3, 0x00, 0x62, 0x00, 0x02, 0xf6, 0x00, 0x00, 0x00, 0x00, 0xce, 0x10, 0x00, 0x00, 0x00,
    0x8f, 0xc0, 0x0f, 0xf6, 0x08, 0xe6, 0xf8, 0x0f, 0x61, 0x1f, 0x70, 0x8f, 0x6f, 0x00, 0x4f, 0x40,
    0x0c, 0xfd, 0x00, 0x2f, 0x70, 0x01, 0xfd, 0x00, 0x0d, 0xf7, 0x6b, 0xef, 0x80, 0x02, 0xbe, 0xea,
    0x18, 0xf4, 0xcb, 0xca, 0xba, 0xb9, 0xb9, 0x33, 0x00, 0x00, 0xac, 0x00, 0x00, 0xac, 0x00, 0x00,
    0x7f, 0x20, 0x00, 0x1f, 0x70, 0x00, 0x07, 0xf1, 0x00, 0x00, 0xcb, 0x00, 0x00, 0x0e, 0x90, 0x00,
    0x00, 0xf7, 0x00, 0x00, 0x0f, 0x70, 0x00, 0x00, 0xe9, 0x00, 0x00, 0x0c, 0xb0, 0x00, 0x00, 0x7f,
    0x10, 0x00, 0x01, 0xf7, 0x00, 0x00, 0x07, 0xf2, 0x00, 0x00, 0x0a, 0xc0, 0x00, 0x00, 0x0a, 0xc0,
    0x1d, 0x80, 0x00, 0x01, 0xd9, 0x00, 0x00, 0x3f, 0x50, 0x00, 0x09, 0xe0, 0x00, 0x02, 0xf5, 0x00,
    0x00, 0xda, 0x00, 0x00, 0xbc, 0x00, 0x00, 0x9e, 0x00, 0x00, 0x9e, 0x00, 0x00, 0xbc, 0x00, 0x00,
    0xda, 0x00, 0x02, 0xf5, 0x00, 0x09, 0xe0, 0x00, 0x3f, 0x50, 0x01, 0xd9, 0x00, 0x1d, 0x80, 0x00,
    0x00, 0x00, 0xdb, 0x00, 0x00, 0x00, 0x00, 0xca, 0x00, 0x00, 0x0a, 0x50, 0xb9, 0x06, 0x90, 0x1d,
    0xfe, 0xee, 0xff, 0xc0, 0x00, 0x17, 0xff, 0x61, 0x00, 0x00, 0x0d, 0xbc, 0xb0, 0x00, 0x00, 0xaf,
    0x23, 0xf9, 0x00, 0x00, 0x87, 0x00, 0x87, 0x00, 0x00, 0x02, 0x10, 0x00, 0x00, 0x0b, 0xa0, 0x00,
    0x00, 0x0b, 0xa0, 0x00, 0x00, 0x0b, 0xa0, 0x00, 0xdf, 0xff, 0xff, 0xfb, 0x44, 0x4d, 0xc4, 0x43,
    0x00, 0x0b, 0xa0, 0x00, 0x00, 0x0b, 0xa0, 0x00, 0x00, 0x05, 0x50, 0x00, 0x2d, 0xc2, 0x7f, 0xf8,
    0x1b, 0xf7, 0x01, 0xe3, 0x0a, 0x90, 0x6a, 0x00, 0x00, 0x00, 0x9f, 0xff, 0xf8, 0x34, 0x44, 0x42,
    0x1b, 0xa0, 0x6f, 0xf5, 0x2d, 0xc1, 0x00, 0x00, 0x07, 0xf2, 0x00, 0x00, 0x0e, 0xb0, 0x00, 0x00,
    0x4f, 0x50, 0x00, 0x00, 0xbe, 0x00, 0x00, 0x02, 0xf7, 0x00, 0x00, 0x08, 0xf1, 0x00, 0x00, 0x0e,
    0xa0, 0x00, 0x00, 0x6f, 0x30, 0x00, 0x00, 0xcd, 0x00, 0x00, 0x03, 0xf6, 0x00, 0x00, 0x0a, 0xf0,
    0x00, 0x00, 0x1f, 0x90, 0x00, 0x00, 0x7f, 0x20, 0x00, 0x00, 0x33, 0x00, 0x00, 0x00, 0x00, 0x2a,
    0xee, 0xa1, 0x00, 0x02, 0xee, 0x78, 0xee, 0x10, 0x09, 0xf1, 0x00, 0x3f, 0x70, 0x0f, 0xb0, 0x00,
    0x0c, 0xd0, 0x1f, 0x80, 0x00, 0x0a, 0xf0, 0x2f, 0x70, 0xcb, 0x08, 0xf1, 0x2f, 0x70, 0xdb, 0x08,
    0xf1, 0x1f, 0x80, 0x10, 0x0a, 0xf0, 0x0f, 0xb0, 0x00, 0x0c, 0xd0, 0x09, 0xf1, 0x00, 0x3f, 0x70,
    0x02, 0xed, 0x77, 0xed, 0x10, 0x00, 0x2a, 0xee, 0xa1, 0x00, 0x00, 0x0e, 0xd0, 0x00, 0x00, 0x9f,
    0xd0, 0x00, 0x3d, 0xfe, 0xd0, 0x00, 0x5c, 0x4b, 0xd0, 0x00, 0x00, 0x0b, 0xd0, 0x00, 0x00, 0x0b,
    0xd0, 0x00, 0x00, 0x0b, 0xd0, 0x00, 0x00, 0x0b, 0xd0, 0x00, 0x00, 0x0b, 0xd0, 0x00, 0x00, 0x0b,
    0xd0, 0x00, 0x34, 0x4c, 0xe4, 0x44, 0xaf, 0xff, 0xff, 0xfd, 0x07, 0xdf, 0xea, 0x10, 0x7f, 0x95,
    0x8e, 0xd0, 0xdc, 0x00, 0x05, 0xf3, 0x32, 0x00, 0x04, 0xf4, 0x00, 0x00, 0x09, 0xf1, 0x00, 0x00,
    0x8f, 0x90, 0x00, 0x2c, 0xf8, 0x00, 0x05, 0xfd, 0x40, 0x00, 0x4f, 0xa0, 0x00, 0x00, 0xbd, 0x00,
    0x00, 0x00, 0xeb, 0x44, 0x44, 0x43, 0xff, 0xff, 0xff, 0xfb, 0x00, 0x5c, 0xfe, 0xb3, 0x00, 0x5f,
    0xb6, 0x7d, 0xf1, 0x0a, 0xd0, 0x00, 0x3f, 0x60, 0x01, 0x00, 0x03, 0xf5, 0x00, 0x00, 0x04, 0xdc,
    0x00, 0x00, 0x3f, 0xfa, 0x00, 0x00, 0x00, 0x47, 0xed, 0x10, 0x00, 0x00, 0x02, 0xf9, 0x09, 0x50,
    0x00, 0x0d, 0xb0, 0xdc, 0x00, 0x01, 0xf9, 0x06, 0xfb, 0x56, 0xcf, 0x30, 0x06, 0xcf, 0xeb, 0x30,
    0x00, 0x00, 0x04, 0xfb, 0x00, 0x00, 0x00, 0x0e, 0xfb, 0x00, 0x00, 0x00, 0xae, 0xdb, 0x00, 0x00,
    0x05, 0xf4, 0xcb, 0x00, 0x00, 0x1e, 0x90, 0xcb, 0x00, 0x00, 0xbd, 0x00, 0xcb, 0x00, 0x06, 0xf3,
    0x00, 0xcb, 0x00, 0x1f, 0xb3, 0x33, 0xdc, 0x40, 0x3f, 0xff, 0xff, 0xff, 0xf0, 0x00, 0x00, 0x00,
    0xcb, 0x00, 0x00, 0x00, 0x00, 0xcb, 0x00, 0x00, 0x00, 0x00, 0xcb, 0x00, 0x02, 0xff, 0xff, 0xff,
    0x20, 0x4f, 0x64, 0x44, 0x40, 0x06, 0xf0, 0x00, 0x00, 0x00, 0x7d, 0x00, 0x00, 0x00, 0x09, 0xd9,
    0xef, 0xc3, 0x00, 0xbf, 0x83, 0x3b, 0xf2, 0x00, 0x20, 0x00, 0x1f, 0x90, 0x00, 0x00, 0x00, 0xdb,
    0x09, 0x60, 0x00, 0x0d, 0xb0, 0xdc, 0x00, 0x02, 0xf8, 0x06, 0xfb, 0x56, 0xdf, 0x10, 0x06, 0xcf,
    0xea, 0x20, 0x00, 0x1a, 0xef, 0xc4, 0x00, 0x1e, 0xe6, 0x5c, 0xf3, 0x08, 0xf3, 0x00, 0x1f, 0x80,
    0xdc, 0x00, 0x00, 0x32, 0x0f, 0x90, 0x01, 0x00, 0x01, 0xf8, 0x8e, 0xff, 0x80, 0x1f, 0xf8, 0x20,
    0x7f, 0x70, 0xf9, 0x00, 0x00, 0xcc, 0x0d, 0xb0, 0x00, 0x0b, 0xd0, 0x8f, 0x10, 0x00, 0xeb, 0x01,
    0xed, 0x66, 0xcf, 0x30, 0x02, 0xbe, 0xeb, 0x30, 0xcf, 0xff, 0xff, 0xfb, 0x34, 0x44, 0x46, 0xf8,
    0x00, 0x00, 0x06, 0xf3, 0x00, 0x00, 0x0c, 0xd0, 0x00, 0x00, 0x2f, 0x70, 0x00, 0x00, 0x7f, 0x10,
    0x00, 0x00, 0xdb, 0x00, 0x00, 0x03, 0xf6, 0x00, 0x00, 0x09, 0xf0, 0x00, 0x00, 0x0e, 0xa0, 0x00,
    0x00, 0x5f, 0x40, 0x00, 0x00, 0xae, 0x00, 0x00, 0x00, 0x4c, 0xfe, 0xb4, 0x00, 0x4f, 0xb6, 0x7c,
    0xf3, 0x09, 0xe0, 0x00, 0x0f, 0x80, 0xae, 0x00, 0x00, 0xe8, 0x04, 0xfa, 0x10, 0x7f, 0x30, 0x05,
    0xff, 0xce, 0x30, 0x00, 0x7e, 0x9e, 0xf9, 0x00, 0x9e, 0x10, 0x08, 0xf9, 0x0f, 0x80, 0x00, 0x0b,
    0xe0, 0xf8, 0x00, 0x00, 0xbe, 0x0c, 0xf6, 0x11, 0x6f, 0x90, 0x2c, 0xff, 0xff, 0xa0, 0x00, 0x02,
    0x43, 0x10, 0x00, 0x04, 0xce, 0xea, 0x10, 0x4f, 0xc6, 0x6e, 0xe0, 0xcd, 0x00, 0x03, 0xf6, 0xfa,
    0x00, 0x00, 0xdc, 0xeb, 0x00, 0x00, 0xbd, 0x9f, 0x50, 0x28, 0xff, 0x0a, 0xff, 0xe8, 0xaf, 0x00,
    0x01, 0x00, 0xbe, 0x23, 0x00, 0x00, 0xeb, 0xae, 0x00, 0x04, 0xf7, 0x4f, 0xc6, 0x7f, 0xd0, 0x05,
    0xdf, 0xd9, 0x00, 0x1b, 0xa0, 0x6f, 0xf5, 0x1d, 0xc1, 0x00, 0x00, 0x00, 0x00, 0x00, 0x00, 0x1b,
    0xa0, 0x6f, 0xf5, 0x1d, 0xc1, 0x1b, 0xa0, 0x6f, 0xf5, 0x2d, 0xc1, 0x00, 0x00, 0x00, 0x00, 0x00,
    0x00, 0x19, 0x80, 0x6f, 0xf7, 0x3f, 0xf8, 0x00, 0xe4, 0x07, 0xc0, 0x5d, 0x10, 0x11, 0x00, 0x00,
    0x00, 0x03, 0xc0, 0x00, 0x00, 0x8f, 0xa0, 0x00, 0x2c, 0xf6, 0x00, 0x06, 0xfc, 0x20, 0x00, 0x8f,
    0x80, 0x00, 0x00, 0x7f, 0x80, 0x00, 0x00, 0x05, 0xfc, 0x20, 0x00, 0x00, 0x2c, 0xf6, 0x00, 0x00,
    0x00, 0x7f, 0xa1, 0x00, 0x00, 0x03, 0xb0, 0x8f, 0xff, 0xff, 0xf7, 0x24, 0x44, 0x44, 0x42, 0x00,
    0x00, 0x00, 0x00, 0x00, 0x00, 0x00, 0x00, 0x8f, 0xff, 0xff, 0xf7, 0x24, 0x44, 0x44, 0x42, 0x1c,
    0x30, 0x00, 0x00, 0x1b, 0xf7, 0x00, 0x00, 0x00, 0x7f, 0xb1, 0x00, 0x00, 0x03, 0xde, 0x50, 0x00,
    0x00, 0x09, 0xf6, 0x00, 0x00, 0x09, 0xf6, 0x00, 0x03, 0xde, 0x40, 0x00, 0x7f, 0xb1, 0x00, 0x1c,
    0xf6, 0x00, 0x00, 0x1b, 0x20, 0x00, 0x00, 0x06, 0xdf, 0xea, 0x20, 0x7f, 0x95, 0x8e, 0xd0, 0xdb,
    0x00, 0x05, 0xf3, 0x32, 0x00, 0x04, 0xf4, 0x00, 0x00, 0x1b, 0xe0, 0x00, 0x07, 0xfb, 0x20, 0x00,
    0x0b, 0x90, 0x00, 0x00, 0x04, 0x30, 0x00, 0x00, 0x00, 0x00, 0x00, 0x00, 0x03, 0x30, 0x00, 0x00,
    0x2f, 0xf1, 0x00, 0x00, 0x0d, 0xc0, 0x00, 0x00, 0x00, 0x01, 0x00, 0x00, 0x00, 0x3d, 0xff, 0xe6,
    0x00, 0x03, 0xf7, 0x20, 0x5f, 0x40, 0x0b, 0x90, 0x00, 0x09, 0xa0, 0x0f, 0x20, 0x6e, 0xc8, 0xd0,
    0x2f, 0x01, 0xf8, 0x3c, 0xe0, 0x4e, 0x04, 0xf0, 0x04, 0xe0, 0x4e, 0x05, 0xf0, 0x04, 0xe0, 0x4e,
    0x05, 0xe0, 0x04, 0xe0, 0x4e, 0x05, 0xf0, 0x04, 0xe0, 0x4e, 0x04, 0xf0, 0x04, 0xf0, 0x3f, 0x00,
    0xf8, 0x3c, 0xf2, 0x2f, 0x10, 0x6e, 0xd3, 0xd7, 0x0f, 0x60, 0x00, 0x00, 0x00, 0x0a, 0xd0, 0x00,
    0x00, 0x00, 0x02, 0xed, 0x52, 0x47, 0xb0, 0x00, 0x1a, 0xdf, 0xec, 0x60, 0x00, 0x01, 0xfe, 0x00,
    0x00, 0x00, 0x05, 0xff, 0x30, 0x00, 0x00, 0x0a, 0xce, 0x80, 0x00, 0x00, 0x0f, 0x7a, 0xd0, 0x00,
    0x00, 0x4f, 0x36, 0xf2, 0x00, 0x00, 0x9e, 0x01, 0xf7, 0x00, 0x00, 0xea, 0x00, 0xdc, 0x00, 0x03,
    0xf7, 0x22, 0xaf, 0x10, 0x08, 0xff, 0xff, 0xff, 0x60, 0x0c, 0xc0, 0x00, 0x0e, 0xb0, 0x1f, 0x70,
    0x00, 0x0a, 0xf0, 0x6f, 0x20, 0x00, 0x04, 0xf5, 0x9f, 0xff, 0xfc, 0x50, 0x09, 0xf3, 0x35, 0xcf,
    0x30, 0x9f, 0x00, 0x02, 0xf6, 0x09, 0xf0, 0x00, 0x3f, 0x40, 0x9f, 0x00, 0x3c, 0xa0, 0x09, 0xff,
    0xff, 0xb3, 0x00, 0x9f, 0x22, 0x49, 0xf7, 0x09, 0xf0, 0x00, 0x0b, 0xe0, 0x9f, 0x00, 0x00, 0x8f,
    0x19, 0xf0, 0x00, 0x0b, 0xf0, 0x9f, 0x23, 0x4a, 0xf7, 0x09, 0xff, 0xfe, 0xc5, 0x00, 0x00, 0x19,
    0xde, 0xb3, 0x00, 0x0d, 0xf8, 0x7c, 0xf3, 0x07, 0xf3, 0x00, 0x0e, 0xb0, 0xdc, 0x00, 0x00, 0x8c,
    0x0f, 0x90, 0x00, 0x00, 0x01, 0xf7, 0x00, 0x00, 0x00, 0x1f, 0x70, 0x00, 0x00, 0x00, 0xf9, 0x00,
    0x00, 0x00, 0x0d, 0xc0, 0x00, 0x09, 0xc0, 0x7f, 0x30, 0x00, 0xeb, 0x00, 0xdf, 0x86, 0xcf, 0x30,
    0x01, 0xad, 0xeb, 0x30, 0xaf, 0xfe, 0xc7, 0x00, 0x0a, 0xe4, 0x59, 0xfb, 0x00, 0xae, 0x00, 0x05,
    0xf5, 0x0a, 0xe0, 0x00, 0x0d, 0xc0, 0xae, 0x00, 0x00, 0xae, 0x0a, 0xe0, 0x00, 0x09, 0xf0, 0xae,
    0x00, 0x00, 0x9f, 0x0a, 0xe0, 0x00, 0x0a, 0xe0, 0xae, 0x00, 0x00, 0xeb, 0x0a, 0xe0, 0x00, 0x6f,
    0x40, 0xae, 0x45, 0x9f, 0xa0, 0x0a, 0xff, 0xec, 0x60, 0x00, 0xaf, 0xff, 0xff, 0xf9, 0xae, 0x44,
    0x44, 0x42, 0xae, 0x00, 0x00, 0x00, 0xae, 0x00, 0x00, 0x00, 0xae, 0x00, 0x00, 0x00, 0xaf, 0xff,
    0xff, 0x90, 0xae, 0x33, 0x33, 0x20, 0xae, 0x00, 0x00, 0x00, 0xae, 0x00, 0x00, 0x00, 0xae, 0x00,
    0x00, 0x00, 0xae, 0x44, 0x44, 0x42, 0xaf, 0xff, 0xff, 0xf9, 0xaf, 0xff, 0xff, 0xf9, 0xae, 0x44,
    0x44, 0x42, 0xae, 0x00, 0x00, 0x00, 0xae, 0x00, 0x00, 0x00, 0xae, 0x00, 0x00, 0x00, 0xae, 0x33,
    0x33, 0x20, 0xaf, 0xff, 0xff, 0x90, 0xae, 0x00, 0x00, 0x00, 0xae, 0x00, 0x00, 0x00, 0xae, 0x00,
    0x00, 0x00, 0xae, 0x00, 0x00, 0x00, 0xae, 0x00, 0x00, 0x00, 0x00, 0x1a, 0xdf, 0xb3, 0x00, 0x01,
    0xef, 0x87, 0xdf, 0x20, 0x07, 0xf3, 0x00, 0x0e, 0xa0, 0x0d, 0xc0, 0x00, 0x08, 0xb0, 0x0f, 0x90,
    0x00, 0x00, 0x00, 0x1f, 0x80, 0x00, 0x00, 0x00, 0x2f, 0x70, 0x0c, 0xff, 0xf0, 0x0f, 0x90, 0x03,
    0x49, 0xf0, 0x0e, 0xb0, 0x00, 0x08, 0xe0, 0x08, 0xf2, 0x00, 0x0d, 0xb0, 0x01, 0xee, 0x76, 0xbf,
    0x30, 0x00, 0x1a, 0xef, 0xc3, 0x00, 0xae, 0x00, 0x00, 0xf8, 0xae, 0x00, 0x00, 0xf8, 0xae, 0x00,
    0x00, 0xf8, 0xae, 0x00, 0x00, 0xf8, 0xae, 0x00, 0x00, 0xf8, 0xaf, 0xff, 0xff, 0xf8, 0xae, 0x44,
    0x44, 0xf8, 0xae, 0x00, 0x00, 0xf8, 0xae, 0x00, 0x00, 0xf8, 0xae, 0x00, 0x00, 0xf8, 0xae, 0x00,
    0x00, 0xf8, 0xae, 0x00, 0x00, 0xf8, 0xaf, 0xff, 0xff, 0xf9, 0x34, 0x4e, 0xc4, 0x42, 0x00, 0x0d,
    0xb0, 0x00, 0x00, 0x0d, 0xb0, 0x00, 0x00, 0x0d, 0xb0, 0x00, 0x00, 0x0d, 0xb0, 0x00, 0x00, 0x0d,
    0xb0, 0x00, 0x00, 0x0d, 0xb0, 0x00, 0x00, 0x0d, 0xb0, 0x00, 0x00, 0x0d, 0xb0, 0x00, 0x34, 0x4e,
    0xc4, 0x42, 0xaf, 0xff, 0xff, 0xf9, 0x2f, 0xff, 0xff, 0xf6, 0x04, 0x44, 0x46, 0xf6, 0x00, 0x00,
    0x02, 0xf6, 0x00, 0x00, 0x02, 0xf6, 0x00, 0x00, 0x02, 0xf6, 0x00, 0x00, 0x02, 0xf6, 0x00, 0x00,
    0x02, 0xf6, 0x00, 0x00, 0x02, 0xf6, 0x9c, 0x00, 0x02, 0xf5, 0x8f, 0x00, 0x05, 0xf3, 0x3f, 0xc6,
    0x6e, 0xd0, 0x05, 0xdf, 0xea, 0x20, 0xae, 0x00, 0x00, 0xdd, 0x0a, 0xe0, 0x00, 0x6f, 0x40, 0xae,
    0x00, 0x1e, 0xa0, 0x0a, 0xe0, 0x09, 0xf1, 0x00, 0xae, 0x02, 0xf7, 0x00, 0x0a, 0xff, 0xff, 0x00,
    0x00, 0xae, 0x48, 0xf4, 0x00, 0x0a, 0xe0, 0x0e, 0xd0, 0x00, 0xae, 0x00, 0x5f, 0x60, 0x0a, 0xe0,
    0x00, 0xde, 0x00, 0xae, 0x00, 0x04, 0xf8, 0x0a, 0xe0, 0x00, 0x0b, 0xf1, 0x5f, 0x30, 0x00, 0x00,
    0x5f, 0x30, 0x00, 0x00, 0x5f, 0x30, 0x00, 0x00, 0x5f, 0x30, 0x00, 0x00, 0x5f, 0x30, 0x00, 0x00,
    0x5f, 0x30, 0x00, 0x00, 0x5f, 0x30, 0x00, 0x00, 0x5f, 0x30, 0x00, 0x00, 0x5f, 0x30, 0x00, 0x00,
    0x5f, 0x30, 0x00, 0x00, 0x5f, 0x74, 0x44, 0x44, 0x5f, 0xff, 0xff, 0xfd, 0xde, 0x00, 0x00, 0xec,
    0xdf, 0x40, 0x04, 0xfc, 0xdd, 0xa0, 0x0a, 0xdc, 0xd8, 0xf0, 0x0f, 0x8c, 0xd5, 0xd5, 0x6b, 0x7c,
    0xd5, 0x7b, 0xb5, 0x7c, 0xd5, 0x2f, 0xf0, 0x7c, 0xd5, 0x0d, 0xa0, 0x7c, 0xd5, 0x06, 0x40, 0x7c,
    0xd5, 0x00, 0x00, 0x7c, 0xd5, 0x00, 0x00, 0x7c, 0xd5, 0x00, 0x00, 0x7c, 0xaf, 0x30, 0x00, 0xc8,
    0xaf, 0xa0, 0x00, 0xc8, 0xaf, 0xf2, 0x00, 0xc8, 0xab, 0xd8, 0x00, 0xc8, 0xaa, 0x6f, 0x00, 0xc8,
    0xaa, 0x0e, 0x60, 0xc8, 0xaa, 0x08, 0xd0, 0xc8, 0xaa, 0x01, 0xf4, 0xc8, 0xaa, 0x00, 0xab, 0xc8,
    0xaa, 0x00, 0x3f, 0xf8, 0xaa, 0x00, 0x0c, 0xf8, 0xaa, 0x00, 0x05, 0xf8, 0x00, 0x2a, 0xee, 0xa1,
    0x00, 0x02, 0xee, 0x78, 0xee, 0x10, 0x09, 0xf1, 0x00, 0x3f, 0x70, 0x0f, 0xa0, 0x00, 0x0c, 0xd0,
    0x1f, 0x80, 0x00, 0x09, 0xf0, 0x2f, 0x60, 0x00, 0x08, 0xf1, 0x2f, 0x60, 0x00, 0x08, 0xf1, 0x1f,
    0x80, 0x00, 0x09, 0xf0, 0x0f, 0xa0, 0x00, 0x0c, 0xd0, 0x09, 0xf1, 0x00, 0x2f, 0x70, 0x01, 0xed,
    0x77, 0xed, 0x00, 0x00, 0x1a, 0xee, 0xa1, 0x00, 0x9f, 0xff, 0xec, 0x60, 0x9f, 0x33, 0x5a, 0xf7,
    0x9f, 0x00, 0x00, 0xcd, 0x9f, 0x00, 0x00, 0xae, 0x9f, 0x00, 0x00, 0xdb, 0x9f, 0x00, 0x29, 0xf4,
    0x9f, 0xff, 0xfd, 0x40, 0x9f, 0x33, 0x10, 0x00, 0x9f, 0x00, 0x00, 0x00, 0x9f, 0x00, 0x00, 0x00,
    0x9f, 0x00, 0x00, 0x00, 0x9f, 0x00, 0x00, 0x00, 0x00, 0x2a, 0xee, 0xa1, 0x00, 0x02, 0xee, 0x78,
    0xee, 0x10, 0x09, 0xf1, 0x00, 0x3f, 0x70, 0x0f, 0xa0, 0x00, 0x0c, 0xd0, 0x1f, 0x80, 0x00, 0x09,
    0xf0, 0x2f, 0x60, 0x00, 0x08, 0xf1, 0x2f, 0x60, 0x00, 0x08, 0xf1, 0x1f, 0x80, 0x00, 0x09, 0xf0,
    0x0f, 0xa0, 0x7a, 0x0c, 0xd0, 0x09, 0xf1, 0x1f, 0x4f, 0x80, 0x01, 0xed, 0x7c, 0xfe, 0x10, 0x00,
    0x1a, 0xef, 0xf5, 0x00, 0x00, 0x00, 0x00, 0xcc, 0x00, 0x00, 0x00, 0x00, 0x3b, 0x20, 0x9f, 0xff,
    0xec, 0x50, 0x09, 0xf3, 0x35, 0xbf, 0x50, 0x9f, 0x00, 0x00, 0xeb, 0x09, 0xf0, 0x00, 0x0b, 0xd0,
    0x9f, 0x00, 0x00, 0xeb, 0x09, 0xf0, 0x02, 0xaf, 0x30, 0x9f, 0xff, 0xfd, 0x40, 0x09, 0xf3, 0x4f,
    0x80, 0x00, 0x9f, 0x00, 0x9f, 0x20, 0x09, 0xf0, 0x01, 0xeb, 0x00, 0x9f, 0x00, 0x07, 0xf5, 0x09,
    0xf0, 0x00, 0x0d, 0xe1, 0x00, 0x4b, 0xef, 0xd7, 0x00, 0x03, 0xfb, 0x56, 0xaf, 0x80, 0x09, 0xf0,
    0x00, 0x0b, 0xe0, 0x09, 0xf1, 0x00, 0x02, 0x20, 0x04, 0xfd, 0x40, 0x00, 0x00, 0x00, 0x5e, 0xfd,
    0x60, 0x00, 0x00, 0x00, 0x7d, 0xfd, 0x20, 0x00, 0x00, 0x00, 0x6f, 0xc0, 0x18, 0x40, 0x00, 0x09,
    0xf0, 0x0f, 0xb0, 0x00, 0x0b, 0xe0, 0x08, 0xfa, 0x55, 0xaf, 0x70, 0x00, 0x6c, 0xfe, 0xc5, 0x00,
    0x0f, 0xff, 0xff, 0xff, 0xf0, 0x44, 0x4e, 0xc4, 0x44, 0x00, 0x00, 0xdb, 0x00, 0x00, 0x00, 0x0d,
    0xb0, 0x00, 0x00, 0x00, 0xdb, 0x00, 0x00, 0x00, 0x0d, 0xb0, 0x00, 0x00, 0x00, 0xdb, 0x00, 0x00,
    0x00, 0x0d, 0xb0, 0x00, 0x00, 0x00, 0xdb, 0x00, 0x00, 0x00, 0x0d, 0xb0, 0x00, 0x00, 0x00, 0xdb,
    0x00, 0x00, 0x00, 0x0d, 0xb0, 0x00, 0xcc, 0x00, 0x00, 0xda, 0xcc, 0x00, 0x00, 0xda, 0xcc, 0x00,
    0x00, 0xda, 0xcc, 0x00, 0x00, 0xda, 0xcc, 0x00, 0x00, 0xda, 0xcc, 0x00, 0x00, 0xda, 0xcc, 0x00,
    0x00, 0xda, 0xcc, 0x00, 0x00, 0xea, 0xbd, 0x00, 0x00, 0xea, 0x9f, 0x10, 0x02, 0xf7, 0x2f, 0xc6,
    0x6d, 0xf1, 0x03, 0xce, 0xeb, 0x20, 0x3f, 0x60, 0x00, 0x07, 0xf1, 0x0e, 0xa0, 0x00, 0x0b, 0xc0,
    0x0a, 0xf0, 0x00, 0x0f, 0x80, 0x05, 0xf3, 0x00, 0x4f, 0x30, 0x01, 0xf8, 0x00, 0x8e, 0x00, 0x00,
    0xcc, 0x00, 0xda, 0x00, 0x00, 0x7f, 0x11, 0xf5, 0x00, 0x00, 0x2f, 0x56, 0xf1, 0x00, 0x00, 0x0e,
    0xaa, 0xc0, 0x00, 0x00, 0x09, 0xee, 0x70, 0x00, 0x00, 0x04, 0xff, 0x30, 0x00, 0x00, 0x00, 0xfe,
    0x00, 0x00, 0xbc, 0x00, 0x00, 0x00, 0xd9, 0x8e, 0x00, 0x00, 0x00, 0xf6, 0x6f, 0x10, 0xab, 0x01,
    0xf4, 0x3f, 0x30, 0xde, 0x04, 0xf1, 0x1f, 0x50, 0xef, 0x16, 0xf0, 0x0e, 0x84, 0xac, 0x49, 0xc0,
    0x0c, 0xa7, 0x79, 0x7b, 0xa0, 0x09, 0xca, 0x46, 0xad, 0x70, 0x07, 0xfe, 0x13, 0xdf, 0x50, 0x04,
    0xfd, 0x00, 0xff, 0x20, 0x02, 0xfa, 0x00, 0xdf, 0x00, 0x00, 0xf7, 0x00, 0xad, 0x00, 0x1e, 0xb0,
    0x00, 0x0c, 0xd0, 0x06, 0xf5, 0x00, 0x5f, 0x40, 0x00, 0xdd, 0x00, 0xdb, 0x00, 0x00, 0x4f, 0x77,
    0xf3, 0x00, 0x00, 0x0b, 0xfe, 0x90, 0x00, 0x00, 0x02, 0xff, 0x10, 0x00, 0x00, 0x04, 0xff, 0x20,
    0x00, 0x00, 0x0d, 0xcf, 0xb0, 0x00, 0x00, 0x6f, 0x37, 0xf4, 0x00, 0x01, 0xea, 0x00, 0xdd, 0x00,
    0x08, 0xf2, 0x00, 0x4f, 0x70, 0x2f, 0x90, 0x00, 0x0b, 0xe1, 0x3f, 0x70, 0x00, 0x06, 0xf2, 0x0a,
    0xe0, 0x00, 0x0e, 0x80, 0x02, 0xf8, 0x00, 0x7f, 0x10, 0x00, 0x9f, 0x11, 0xe7, 0x00, 0x00, 0x1f,
    0x88, 0xe0, 0x00, 0x00, 0x08, 0xff, 0x60, 0x00, 0x00, 0x00, 0xed, 0x00, 0x00, 0x00, 0x00, 0xdb,
    0x00, 0x00, 0x00, 0x00, 0xdb, 0x00, 0x00, 0x00, 0x00, 0xdb, 0x00, 0x00, 0x00, 0x00, 0xdb, 0x00,
    0x00, 0x00, 0x00, 0xdb, 0x00, 0x00, 0xdf, 0xff, 0xff, 0xf5, 0x34, 0x44, 0x4b, 0xf2, 0x00, 0x00,
    0x1f, 0x90, 0x00, 0x00, 0xae, 0x10, 0x00, 0x03, 0xf7, 0x00, 0x00, 0x0c, 0xd0, 0x00, 0x00, 0x5f,
    0x50, 0x00, 0x00, 0xec, 0x00, 0x00, 0x08, 0xf3, 0x00, 0x00, 0x1f, 0x90, 0x00, 0x00, 0xaf, 0x64,
    0x44, 0x43, 0xdf, 0xff, 0xff, 0xfc, 0x3f, 0xff, 0xff, 0x03, 0xf6, 0x22, 0x20, 0x3f, 0x40, 0x00,
    0x03, 0xf4, 0x00, 0x00, 0x3f, 0x40, 0x00, 0x03, 0xf4, 0x00, 0x00, 0x3f, 0x40, 0x00, 0x03, 0xf4,
    0x00, 0x00, 0x3f, 0x40, 0x00, 0x03, 0xf4, 0x00, 0x00, 0x3f, 0x40, 0x00, 0x03, 0xf4, 0x00, 0x00,
    0x3f, 0x40, 0x00, 0x03, 0xf4, 0x00, 0x00, 0x3f, 0x40, 0x00, 0x03, 0xf6, 0x22, 0x20, 0x3f, 0xff,
    0xff, 0x00, 0x4f, 0x60, 0x00, 0x00, 0x0d, 0xc0, 0x00, 0x00, 0x06, 0xf3, 0x00, 0x00, 0x00, 0xf9,
    0x00, 0x00, 0x00, 0x9f, 0x10, 0x00, 0x00, 0x2f, 0x70, 0x00, 0x00, 0x0c, 0xd0, 0x00, 0x00, 0x05,
    0xf4, 0x00, 0x00, 0x00, 0xeb, 0x00, 0x00, 0x00, 0x8f, 0x20, 0x00, 0x00, 0x1f, 0x80, 0x00, 0x00,
    0x0a, 0xe0, 0x00, 0x00, 0x04, 0xf5, 0x00, 0x00, 0x00, 0x42, 0x2f, 0xff, 0xff, 0x10, 0x22, 0x28,
    0xf1, 0x00, 0x00, 0x6f, 0x10, 0x00, 0x06, 0xf1, 0x00, 0x00, 0x6f, 0x10, 0x00, 0x06, 0xf1, 0x00,
    0x00, 0x6f, 0x10, 0x00, 0x06, 0xf1, 0x00, 0x00, 0x6f, 0x10, 0x00, 0x06, 0xf1, 0x00, 0x00, 0x6f,
    0x10, 0x00, 0x06, 0xf1, 0x00, 0x00, 0x6f, 0x10, 0x00, 0x06, 0xf1, 0x00, 0x00, 0x6f, 0x10, 0x22,
    0x27, 0xf1, 0x2f, 0xff, 0xff, 0x10, 0x00, 0x00, 0xed, 0x00, 0x00, 0x00, 0x08, 0xef, 0x60, 0x00,
    0x00, 0x2f, 0x68, 0xe1, 0x00, 0x00, 0xad, 0x00, 0xe9, 0x00, 0x04, 0xf4, 0x00, 0x5f, 0x20, 0x0d,
    0xb0, 0x00, 0x0c, 0xb0, 0x07, 0x20, 0x00, 0x03, 0x60, 0x00, 0x00, 0x00, 0x00, 0x00, 0x4f, 0xff,
    0xff, 0xff, 0xf2, 0x12, 0x10, 0x01, 0xed, 0x00, 0x04, 0xf6, 0x00, 0x09, 0xe1, 0x00, 0x0d, 0x90,
    0x07, 0xdf, 0xea, 0x10, 0x6f, 0x62, 0x5e, 0xa0, 0xac, 0x00, 0x0a, 0xe0, 0x00, 0x00, 0x09, 0xe0,
    0x06, 0xbd, 0xdf, 0xe0, 0x8f, 0x40, 0x09, 0xe0, 0xdb, 0x00, 0x09, 0xe0, 0xcf, 0x53, 0x7e, 0xf4,
    0x3c, 0xfc, 0x62, 0xdd, 0x7f, 0x00, 0x00, 0x00, 0x7f, 0x00, 0x00, 0x00, 0x7f, 0x00, 0x00, 0x00,
    0x7f, 0x00, 0x00, 0x00, 0x7f, 0x2b, 0xed, 0x50, 0x7f, 0xc6, 0x6c, 0xf3, 0x7f, 0x10, 0x01, 0xfa,
    0x7f, 0x00, 0x00, 0xbd, 0x7f, 0x00, 0x00, 0xae, 0x7f, 0x00, 0x00, 0xbd, 0x7f, 0x00, 0x01, 0xfa,
    0x7f, 0xc6, 0x5c, 0xf3, 0x7d, 0x2b, 0xed, 0x50, 0x00, 0x2b, 0xef, 0xc5, 0x00, 0x2f, 0xc5, 0x6b,
    0xf4, 0x0b, 0xe0, 0x00, 0x0d, 0xb0, 0xe9, 0x00, 0x00, 0x10, 0x0f, 0x80, 0x00, 0x00, 0x00, 0xea,
    0x00, 0x00, 0x00, 0x0b, 0xe0, 0x00, 0x0d, 0x90, 0x2f, 0xc5, 0x5c, 0xf4, 0x00, 0x2b, 0xef, 0xc4,
    0x00, 0x00, 0x00, 0x00, 0x1f, 0x60, 0x00, 0x00, 0x01, 0xf6, 0x00, 0x00, 0x00, 0x1f, 0x60, 0x00,
    0x00, 0x01, 0xf6, 0x00, 0x6d, 0xea, 0x3f, 0x60, 0x4f, 0xc5, 0x7d, 0xf6, 0x0b, 0xe0, 0x00, 0x2f,
    0x60, 0xe9, 0x00, 0x01, 0xf6, 0x0f, 0x80, 0x00, 0x1f, 0x60, 0xf9, 0x00, 0x01, 0xf6, 0x0d, 0xc0,
    0x00, 0x1f, 0x60, 0x7f, 0x71, 0x2b, 0xf6, 0x00, 0xbf, 0xfe, 0x4f, 0x60, 0x00, 0x23, 0x00, 0x00,
    0x00, 0x1a, 0xef, 0xc3, 0x00, 0x1f, 0xd5, 0x5c, 0xf2, 0x09, 0xf1, 0x00, 0x1e, 0x90, 0xdb, 0x00,
    0x00, 0xbb, 0x0f, 0xff, 0xff, 0xff, 0xc0, 0xf9, 0x00, 0x00, 0x00, 0x0c, 0xd0, 0x00, 0x06, 0x30,
    0x3f, 0xb5, 0x5a, 0xf5, 0x00, 0x3b, 0xef, 0xc4, 0x00, 0x00, 0x00, 0x01, 0x44, 0x20, 0x00, 0x07,
    0xff, 0xff, 0x00, 0x03, 0xf8, 0x10, 0x20, 0x00, 0x7f, 0x00, 0x00, 0x00, 0x09, 0xe0, 0x00, 0x03,
    0xff, 0xff, 0xff, 0xfa, 0x03, 0x3a, 0xf3, 0x33, 0x20, 0x00, 0x9e, 0x00, 0x00, 0x00, 0x09, 0xe0,
    0x00, 0x00, 0x00, 0x9e, 0x00, 0x00, 0x00, 0x09, 0xe0, 0x00, 0x00, 0x00, 0x9e, 0x00, 0x00, 0x02,
    0x3a, 0xf3, 0x32, 0x00, 0xcf, 0xff, 0xff, 0xd0, 0x00, 0x6d, 0xea, 0x1e, 0x60, 0x5f, 0xb5, 0x7d,
    0xf6, 0x0c, 0xd0, 0x00, 0x2f, 0x60, 0xf9, 0x00, 0x01, 0xf6, 0x0f, 0x80, 0x00, 0x1f, 0x60, 0xeb,
    0x00, 0x01, 0xf6, 0x08, 0xf7, 0x12, 0xbf, 0x60, 0x1b, 0xff, 0xe6, 0xf6, 0x00, 0x02, 0x30, 0x1f,
    0x50, 0x00, 0x00, 0x03, 0xf4, 0x07, 0xa0, 0x00, 0x6f, 0x20, 0x7f, 0x83, 0x4e, 0xb0, 0x00, 0x7d,
    0xfe, 0xa1, 0x00, 0x7f, 0x00, 0x00, 0x00, 0x7f, 0x00, 0x00, 0x00, 0x7f, 0x00, 0x00, 0x00, 0x7f,
    0x00, 0x00, 0x00, 0x7f, 0x19, 0xde, 0x80, 0x7f, 0xc7, 0x5c, 0xf3, 0x7f, 0x20, 0x03, 0xf5, 0x7f,
    0x00, 0x01, 0xf6, 0x7f, 0x00, 0x01, 0xf6, 0x7f, 0x00, 0x01, 0xf6, 0x7f, 0x00, 0x01, 0xf6, 0x7f,
    0x00, 0x01, 0xf6, 0x7f, 0x00, 0x01, 0xf6, 0x00, 0x3e, 0x70, 0x00, 0x00, 0x4f, 0x80, 0x00, 0x00,
    0x00, 0x00, 0x00, 0x00, 0x00, 0x00, 0x00, 0xbf, 0xff, 0xb0, 0x00, 0x46, 0x6e, 0xb0, 0x00, 0x00,
    0x0c, 0xb0, 0x00, 0x00, 0x0c, 0xb0, 0x00, 0x00, 0x0c, 0xb0, 0x00, 0x00, 0x0c, 0xb0, 0x00, 0x00,
    0x0c, 0xb0, 0x00, 0x23, 0x3d, 0xc3, 0x32, 0xbf, 0xff, 0xff, 0xf9, 0x00, 0x00, 0xcc, 0x00, 0x00,
    0x0d, 0xd0, 0x00, 0x00, 0x00, 0x00, 0x00, 0x00, 0x00, 0x5f, 0xff, 0xff, 0x02, 0x66, 0x6a, 0xf0,
    0x00, 0x00, 0x7f, 0x00, 0x00, 0x07, 0xf0, 0x00, 0x00, 0x7f, 0x00, 0x00, 0x07, 0xf0, 0x00, 0x00,
    0x7f, 0x00, 0x00, 0x07, 0xf0, 0x00, 0x00, 0x7f, 0x00, 0x00, 0x08, 0xf0, 0x00, 0x00, 0xbe, 0x06,
    0x75, 0x8f, 0x90, 0x8e, 0xfe, 0x91, 0x00, 0x7f, 0x00, 0x00, 0x00, 0x07, 0xf0, 0x00, 0x00, 0x00,
    0x7f, 0x00, 0x00, 0x00, 0x07, 0xf0, 0x00, 0x00, 0x00, 0x7f, 0x00, 0x01, 0xea, 0x07, 0xf0, 0x00,
    0xcd, 0x00, 0x7f, 0x00, 0x9f, 0x20, 0x07, 0xf3, 0x6f, 0x50, 0x00, 0x7f, 0xff, 0xe1, 0x00, 0x07,
    0xf0, 0x2f, 0xb0, 0x00, 0x7f, 0x00, 0x5f, 0x80, 0x07, 0xf0, 0x00, 0x8f, 0x50, 0x7f, 0x00, 0x00,
    0xbf, 0x30, 0xbf, 0xff, 0xb0, 0x00, 0x46, 0x6e, 0xb0, 0x00, 0x00, 0x0c, 0xb0, 0x00, 0x00, 0x0c,
    0xb0, 0x00, 0x00, 0x0c, 0xb0, 0x00, 0x00, 0x0c, 0xb0, 0x00, 0x00, 0x0c, 0xb0, 0x00, 0x00, 0x0c,
    0xb0, 0x00, 0x00, 0x0c, 0xb0, 0x00, 0x00, 0x0c, 0xb0, 0x00, 0x00, 0x0c, 0xb0, 0x00, 0x23, 0x3d,
    0xc3, 0x32, 0xbf, 0xff, 0xff, 0xf9, 0xc6, 0xbe, 0x4a, 0xe4, 0xcd, 0x5e, 0xd6, 0xea, 0xc9, 0x0b,
    0xa0, 0xab, 0xc9, 0x0b, 0xa0, 0xab, 0xc9, 0x0b, 0xa0, 0xab, 0xc9, 0x0b, 0xa0, 0xab, 0xc9, 0x0b,
    0xa0, 0xab, 0xc9, 0x0b, 0xa0, 0xab, 0xc9, 0x0b, 0xa0, 0xab, 0x7d, 0x19, 0xde, 0x80, 0x7f, 0xc7,
    0x5c, 0xf3, 0x7f, 0x20, 0x03, 0xf5, 0x7f, 0x00, 0x01, 0xf6, 0x7f, 0x00, 0x01, 0xf6, 0x7f, 0x00,
    0x01, 0xf6, 0x7f, 0x00, 0x01, 0xf6, 0x7f, 0x00, 0x01, 0xf6, 0x7f, 0x00, 0x01, 0xf6, 0x00, 0x2b,
    0xee, 0xa1, 0x00, 0x2f, 0xc5, 0x5d, 0xe1, 0x0a, 0xe0, 0x00, 0x1f, 0x90, 0xea, 0x00, 0x00, 0xbc,
    0x0f, 0x80, 0x00, 0x0a, 0xe0, 0xe9, 0x00, 0x00, 0xbc, 0x0b, 0xe0, 0x00, 0x1f, 0x90, 0x2f, 0xc5,
    0x5d, 0xe1, 0x00, 0x2b, 0xee, 0xa2, 0x00, 0x7d, 0x2b, 0xed, 0x50, 0x7f, 0xc6, 0x6c, 0xf3, 0x7f,
    0x10, 0x01, 0xfa, 0x7f, 0x00, 0x00, 0xbd, 0x7f, 0x00, 0x00, 0xae, 0x7f, 0x00, 0x00, 0xbd, 0x7f,
    0x00, 0x01, 0xfa, 0x7f, 0xc6, 0x5c, 0xf3, 0x7f, 0x2b, 0xed, 0x50, 0x7f, 0x00, 0x00, 0x00, 0x7f,
    0x00, 0x00, 0x00, 0x7e, 0x00, 0x00, 0x00, 0x00, 0x6d, 0xea, 0x2f, 0x60, 0x5f, 0xb5, 0x6d, 0xf6,
    0x0c, 0xe0, 0x00, 0x2f, 0x60, 0xf9, 0x00, 0x01, 0xf6, 0x0f, 0x80, 0x00, 0x1f, 0x60, 0xf9, 0x00,
    0x01, 0xf6, 0x0c, 0xe0, 0x00, 0x2f, 0x60, 0x5f, 0xb5, 0x6d, 0xf6, 0x00, 0x6d, 0xea, 0x3f, 0x60,
    0x00, 0x00, 0x01, 0xf6, 0x00, 0x00, 0x00, 0x1f, 0x60, 0x00, 0x00, 0x01, 0xe5, 0xdf, 0xfa, 0x2a,
    0xed, 0x33, 0xbe, 0xeb, 0x97, 0x00, 0xae, 0x20, 0x00, 0x00, 0xad, 0x00, 0x00, 0x00, 0xad, 0x00,
    0x00, 0x00, 0xad, 0x00, 0x00, 0x00, 0xad, 0x00, 0x00, 0x33, 0xbe, 0x33, 0x20, 0xdf, 0xff, 0xff,
    0xb0, 0x06, 0xcf, 0xfc, 0x40, 0x5f, 0x73, 0x4b, 0xf2, 0x8e, 0x00, 0x01, 0x93, 0x5f, 0xc6, 0x20,
    0x00, 0x05, 0xcf, 0xfd, 0x60, 0x00, 0x01, 0x5b, 0xf5, 0xa7, 0x00, 0x00, 0xf8, 0x8f, 0x73, 0x39,
    0xf3, 0x08, 0xdf, 0xec, 0x50, 0x00, 0x07, 0x60, 0x00, 0x00, 0x00, 0xda, 0x00, 0x00, 0x00, 0x0d,
    0xa0, 0x00, 0x03, 0xff, 0xff, 0xff, 0xf7, 0x03, 0x3e, 0xb3, 0x33, 0x10, 0x00, 0xda, 0x00, 0x00,
    0x00, 0x0d, 0xa0, 0x00, 0x00, 0x00, 0xda, 0x00, 0x00, 0x00, 0x0d, 0xb0, 0x00, 0x00, 0x00, 0xbd,
    0x00, 0x00, 0x00, 0x07, 0xf9, 0x57, 0x50, 0x00, 0x09, 0xef, 0xd7, 0x7f, 0x00, 0x01, 0xf6, 0x7f,
    0x00, 0x01, 0xf6, 0x7f, 0x00, 0x01, 0xf6, 0x7f, 0x00, 0x01, 0xf6, 0x7f, 0x00, 0x01, 0xf6, 0x7f,
    0x00, 0x01, 0xf6, 0x7f, 0x10, 0x03, 0xf6, 0x4f, 0xb4, 0x7c, 0xf6, 0x09, 0xfd, 0x90, 0xe6, 0x0f,
    0x90, 0x00, 0x08, 0xe0, 0x0a, 0xe0, 0x00, 0x0e, 0x80, 0x04, 0xf4, 0x00, 0x4f, 0x20, 0x00, 0xea,
    0x00, 0x9c, 0x00, 0x00, 0x8f, 0x00, 0xf6, 0x00, 0x00, 0x2f, 0x65, 0xf1, 0x00, 0x00, 0x0c, 0xbb,
    0xa0, 0x00, 0x00, 0x06, 0xff, 0x40, 0x00, 0x00, 0x00, 0xfe, 0x00, 0x00, 0xbb, 0x00, 0x00, 0x00,
    0xc9, 0x7e, 0x00, 0x00, 0x00, 0xf5, 0x4f, 0x20, 0xaa, 0x02, 0xf2, 0x0f, 0x50, 0xef, 0x05, 0xe0,
    0x0d, 0x83, 0xbd, 0x39, 0xb0, 0x09, 0xb8, 0x79, 0x8c, 0x80, 0x06, 0xed, 0x24, 0xdf, 0x40, 0x02,
    0xfd, 0x00, 0xff, 0x10, 0x00, 0xf8, 0x00, 0xbd, 0x00, 0x0d, 0xe1, 0x00, 0x1e, 0xc0, 0x02, 0xfb,
    0x00, 0xae, 0x10, 0x00, 0x6f, 0x75, 0xf4, 0x00, 0x00, 0x0a, 0xff, 0x80, 0x00, 0x00, 0x02, 0xff,
    0x10, 0x00, 0x00, 0x0c, 0xdf, 0xa0, 0x00, 0x00, 0x8f, 0x37, 0xf6, 0x00, 0x04, 0xf7, 0x00, 0xbf,
    0x20, 0x1e, 0xc0, 0x00, 0x1e, 0xd0, 0x1f, 0x80, 0x00, 0x08, 0xf0, 0x0b, 0xe0, 0x00, 0x0d, 0xa0,
    0x05, 0xf4, 0x00, 0x2f, 0x50, 0x00, 0xea, 0x00, 0x7f, 0x00, 0x00, 0x9f, 0x10, 0xda, 0x00, 0x00,
    0x2f, 0x62, 0xf4, 0x00, 0x00, 0x0c, 0xc7, 0xe0, 0x00, 0x00, 0x06, 0xfe, 0x90, 0x00, 0x00, 0x01,
    0xff, 0x40, 0x00, 0x00, 0x00, 0xbe, 0x00, 0x00, 0x00, 0x01, 0xf7, 0x00, 0x00, 0x06, 0x6d, 0xd0,
    0x00, 0x00, 0x0f, 0xea, 0x10, 0x00, 0x00, 0x9f, 0xff, 0xff, 0xf3, 0x23, 0x33, 0x5f, 0xc0, 0x00,
    0x00, 0xbf, 0x20, 0x00, 0x06, 0xf6, 0x00, 0x00, 0x2f, 0xb0, 0x00, 0x00, 0xce, 0x10, 0x00, 0x08,
    0xf5, 0x00, 0x00, 0x3f, 0xc3, 0x33, 0x31, 0x9f, 0xff, 0xff, 0xf8, 0x00, 0x03, 0xcf, 0xfd, 0x00,
    0x0e, 0xe4, 0x22, 0x00, 0x0f, 0x80, 0x00, 0x00, 0x0f, 0x90, 0x00, 0x00, 0x0c, 0xb0, 0x00, 0x00,
    0x0a, 0xd0, 0x00, 0x00, 0x1f, 0xa0, 0x00, 0x8a, 0xfd, 0x20, 0x00, 0xff, 0xd4, 0x00, 0x00, 0x13,
    0xaf, 0x50, 0x00, 0x00, 0x0d, 0xc0, 0x00, 0x00, 0x0a, 0xc0, 0x00, 0x00, 0x0c, 0xb0, 0x00, 0x00,
    0x0f, 0x80, 0x00, 0x00, 0x0f, 0x80, 0x00, 0x00, 0x0e, 0xe4, 0x22, 0x00, 0x03, 0xcf, 0xfd, 0xdb,
    0xdb, 0xdb, 0xdb, 0xdb, 0xdb, 0xdb, 0xdb, 0xdb, 0xdb, 0xdb, 0xdb, 0xdb, 0xdb, 0xdb, 0xdb, 0xff,
    0xfc, 0x20, 0x00, 0x22, 0x5e, 0xc0, 0x00, 0x00, 0x09, 0xf0, 0x00, 0x00, 0x0a, 0xd0, 0x00, 0x00,
    0x0d, 0xa0, 0x00, 0x00, 0x0e, 0x90, 0x00, 0x00, 0x0c, 0xe1, 0x00, 0x00, 0x03, 0xee, 0xa7, 0x00,
    0x00, 0x5e, 0xfd, 0x00, 0x07, 0xf9, 0x30, 0x00, 0x0e, 0xb0, 0x00, 0x00, 0x0e, 0x90, 0x00, 0x00,
    0x0c, 0xa0, 0x00, 0x00, 0x0a, 0xd0, 0x00, 0x00, 0x0a, 0xf0, 0x00, 0x22, 0x5f, 0xc0, 0x00, 0xff,
    0xfc, 0x20, 0x00, 0x1c, 0xe8, 0x00, 0x57, 0x8e, 0x8e, 0x91, 0xc9, 0xc6, 0x02, 0xef, 0xf3, 0x10,
    0x00, 0x15, 0x20,
};

static const lv_font_fmt_txt_glyph_dsc_t catnip_font_16_dsc[] = {
    {.bitmap_index = 0, .adv_w = 0, .box_w = 0, .box_h = 0, .ofs_x = 0, .ofs_y = 0},
    {.bitmap_index = 0, .adv_w = 159, .box_w = 0, .box_h = 0, .ofs_x = 0, .ofs_y = 0},
    {.bitmap_index = 0, .adv_w = 159, .box_w = 4, .box_h = 12, .ofs_x = 3, .ofs_y = 0},
    {.bitmap_index = 24, .adv_w = 159, .box_w = 6, .box_h = 6, .ofs_x = 2, .ofs_y = 6},
    {.bitmap_index = 42, .adv_w = 159, .box_w = 10, .box_h = 14, .ofs_x = 0, .ofs_y = -2},
    {.bitmap_index = 112, .adv_w = 159, .box_w = 10, .box_h = 18, .ofs_x = 0, .ofs_y = -3},
    {.bitmap_index = 202, .adv_w = 159, .box_w = 10, .box_h = 12, .ofs_x = 0, .ofs_y = 0},
    {.bitmap_index = 262, .adv_w = 159, .box_w = 10, .box_h = 12, .ofs_x = 0, .ofs_y = 0},
    {.bitmap_index = 322, .adv_w = 159, .box_w = 2, .box_h = 6, .ofs_x = 4, .ofs_y = 6},
    {.bitmap_index = 328, .adv_w = 159, .box_w = 7, .box_h = 16, .ofs_x = 2, .ofs_y = -4},
    {.bitmap_index = 384, .adv_w = 159, .box_w = 6, .box_h = 16, .ofs_x = 1, .ofs_y = -4},
    {.bitmap_index = 432, .adv_w = 159, .box_w = 10, .box_h = 8, .ofs_x = 0, .ofs_y = 1},
    {.bitmap_index = 472, .adv_w = 159, .box_w = 8, .box_h = 9, .ofs_x = 1, .ofs_y = 1},
    {.bitmap_index = 508, .adv_w = 159, .box_w = 4, .box_h = 7, .ofs_x = 3, .ofs_y = -4},
    {.bitmap_index = 522, .adv_w = 159, .box_w = 6, .box_h = 2, .ofs_x = 2, .ofs_y = 4},
    {.bitmap_index = 528, .adv_w = 159, .box_w = 4, .box_h = 3, .ofs_x = 3, .ofs_y = 0},
    {.bitmap_index = 534, .adv_w = 159, .box_w = 8, .box_h = 14, .ofs_x = 1, .ofs_y = -2},
    {.bitmap_index = 590, .adv_w = 159, .box_w = 10, .box_h = 12, .ofs_x = 0, .ofs_y = 0},
    {.bitmap_index = 650, .adv_w = 159, .box_w = 8, .box_h = 12, .ofs_x = 1, .ofs_y = 0},
    {.bitmap_index = 698, .adv_w = 159, .box_w = 8, .box_h = 12, .ofs_x = 1, .ofs_y = 0},
    {.bitmap_index = 746, .adv_w = 159, .box_w = 9, .box_h = 12, .ofs_x = 0, .ofs_y = 0},
    {.bitmap_index = 800, .adv_w = 159, .box_w = 10, .box_h = 12, .ofs_x = 0, .ofs_y = 0},
    {.bitmap_index = 860, .adv_w = 159, .box_w = 9, .box_h = 12, .ofs_x = 0, .ofs_y = 0},
    {.bitmap_index = 914, .adv_w = 159, .box_w = 9, .box_h = 12, .ofs_x = 0, .ofs_y = 0},
    {.bitmap_index = 968, .adv_w = 159, .box_w = 8, .box_h = 12, .ofs_x = 1, .ofs_y = 0},
    {.bitmap_index = 1016, .adv_w = 159, .box_w = 9, .box_h = 13, .ofs_x = 0, .ofs_y = -1},
    {.bitmap_index = 1075, .adv_w = 159, .box_w = 8, .box_h = 12, .ofs_x = 1, .ofs_y = 0},
    {.bitmap_index = 1123, .adv_w = 159, .box_w = 4, .box_h = 9, .ofs_x = 3, .ofs_y = 0},
    {.bitmap_index = 1141, .adv_w = 159, .box_w = 4, .box_h = 13, .ofs_x = 3, .ofs_y = -4},
    {.bitmap_index = 1167, .adv_w = 159, .box_w = 8, .box_h = 10, .ofs_x = 1, .ofs_y = 0},
    {.bitmap_index = 1207, .adv_w = 159, .box_w = 8, .box_h = 6, .ofs_x = 1, .ofs_y = 2},
    {.bitmap_index = 1231, .adv_w = 159, .box_w = 8, .box_h = 10, .ofs_x = 1, .ofs_y = 0},
    {.bitmap_index = 1271, .adv_w = 159, .box_w = 8, .box_h = 12, .ofs_x = 1, .ofs_y = 0},
    {.bitmap_index = 1319, .adv_w = 159, .box_w = 10, .box_h = 17, .ofs_x = 0, .ofs_y = -4},
    {.bitmap_index = 1404, .adv_w = 159, .box_w = 10, .box_h = 12, .ofs_x = 0, .ofs_y = 0},
    {.bitmap_index = 1464, .adv_w = 159, .box_w = 9, .box_h = 12, .ofs_x = 1, .ofs_y = 0},
    {.bitmap_index = 1518, .adv_w = 159, .box_w = 9, .box_h = 12, .ofs_x = 0, .ofs_y = 0},
    {.bitmap_index = 1572, .adv_w = 159, .box_w = 9, .box_h = 12, .ofs_x = 1, .ofs_y = 0},
    {.bitmap_index = 1626, .adv_w = 159, .box_w = 8, .box_h = 12, .ofs_x = 1, .ofs_y = 0},
    {.bitmap_index = 1674, .adv_w = 159, .box_w = 8, .box_h = 12, .ofs_x = 1, .ofs_y = 0},
    {.bitmap_index = 1722, .adv_w = 159, .box_w = 10, .box_h = 12, .ofs_x = 0, .ofs_y = 0},
    {.bitmap_index = 1782, .adv_w = 159, .box_w = 8, .box_h = 12, .ofs_x = 1, .ofs_y = 0},
    {.bitmap_index = 1830, .adv_w = 159, .box_w = 8, .box_h = 12, .ofs_x = 1, .ofs_y = 0},
    {.bitmap_index = 1878, .adv_w = 159, .box_w = 8, .box_h = 12, .ofs_x = 1, .ofs_y = 0},
    {.bitmap_index = 1926, .adv_w = 159, .box_w = 9, .box_h = 12, .ofs_x = 1, .ofs_y = 0},
    {.bitmap_index = 1980, .adv_w = 159, .box_w = 8, .box_h = 12, .ofs_x = 1, .ofs_y = 0},
    {.bitmap_index = 2028, .adv_w = 159, .box_w = 8, .box_h = 12, .ofs_x = 1, .ofs_y = 0},
    {.bitmap_index = 2076, .adv_w = 159, .box_w = 8, .box_h = 12, .ofs_x = 1, .ofs_y = 0},
    {.bitmap_index = 2124, .adv_w = 159, .box_w = 10, .box_h = 12, .ofs_x = 0, .ofs_y = 0},
    {.bitmap_index = 2184, .adv_w = 159, .box_w = 8, .box_h = 12, .ofs_x = 1, .ofs_y = 0},
    {.bitmap_index = 2232, .adv_w = 159, .box_w = 10, .box_h = 14, .ofs_x = 0, .ofs_y = -2},
    {.bitmap_index = 2302, .adv_w = 159, .box_w = 9, .box_h = 12, .ofs_x = 1, .ofs_y = 0},
    {.bitmap_index = 2356, .adv_w = 159, .box_w = 10, .box_h = 12, .ofs_x = 0, .ofs_y = 0},
    {.bitmap_index = 2416, .adv_w = 159, .box_w = 9, .box_h = 12, .ofs_x = 0, .ofs_y = 0},
    {.bitmap_index = 2470, .adv_w = 159, .box_w = 8, .box_h = 12, .ofs_x = 1, .ofs_y = 0},
    {.bitmap_index = 2518, .adv_w = 159, .box_w = 10, .box_h = 12, .ofs_x = 0, .ofs_y = 0},
    {.bitmap_index = 2578, .adv_w = 159, .box_w = 10, .box_h = 12, .ofs_x = 0, .ofs_y = 0},
    {.bitmap_index = 2638, .adv_w = 159, .box_w = 10, .box_h = 12, .ofs_x = 0, .ofs_y = 0},
    {.bitmap_index = 2698, .adv_w = 159, .box_w = 10, .box_h = 12, .ofs_x = 0, .ofs_y = 0},
    {.bitmap_index = 2758, .adv_w = 159, .box_w = 8, .box_h = 12, .ofs_x = 1, .ofs_y = 0},
    {.bitmap_index = 2806, .adv_w = 159, .box_w = 7, .box_h = 17, .ofs_x = 2, .ofs_y = -4},
    {.bitmap_index = 2866, .adv_w = 159, .box_w = 8, .box_h = 14, .ofs_x = 1, .ofs_y = -2},
    {.bitmap_index = 2922, .adv_w = 159, .box_w = 7, .box_h = 17, .ofs_x = 1, .ofs_y = -4},
    {.bitmap_index = 2982, .adv_w = 159, .box_w = 10, .box_h = 7, .ofs_x = 0, .ofs_y = 6},
    {.bitmap_index = 3017, .adv_w = 159, .box_w = 10, .box_h = 2, .ofs_x = 0, .ofs_y = -3},
    {.bitmap_index = 3027, .adv_w = 159, .box_w = 5, .box_h = 5, .ofs_x = 2, .ofs_y = 9},
    {.bitmap_index = 3040, .adv_w = 159, .box_w = 8, .box_h = 9, .ofs_x = 1, .ofs_y = 0},
    {.bitmap_index = 3076, .adv_w = 159, .box_w = 8, .box_h = 13, .ofs_x = 1, .ofs_y = 0},
    {.bitmap_index = 3128, .adv_w = 159, .box_w = 9, .box_h = 9, .ofs_x = 0, .ofs_y = 0},
    {.bitmap_index = 3169, .adv_w = 159, .box_w = 9, .box_h = 14, .ofs_x = 0, .ofs_y = -1},
    {.bitmap_index = 3232, .adv_w = 159, .box_w = 9, .box_h = 9, .ofs_x = 0, .ofs_y = 0},
    {.bitmap_index = 3273, .adv_w = 159, .box_w = 9, .box_h = 14, .ofs_x = 0, .ofs_y = 0},
    {.bitmap_index = 3336, .adv_w = 159, .box_w = 9, .box_h = 13, .ofs_x = 0, .ofs_y = -4},
    {.bitmap_index = 3395, .adv_w = 159, .box_w = 8, .box_h = 13, .ofs_x = 1, .ofs_y = 0},
    {.bitmap_index = 3447, .adv_w = 159, .box_w = 8, .box_h = 13, .ofs_x = 1, .ofs_y = 0},
    {.bitmap_index = 3499, .adv_w = 159, .box_w = 7, .box_h = 17, .ofs_x = 1, .ofs_y = -4},
    {.bitmap_index = 3559, .adv_w = 159, .box_w = 9, .box_h = 13, .ofs_x = 1, .ofs_y = 0},
    {.bitmap_index = 3618, .adv_w = 159, .box_w = 8, .box_h = 13, .ofs_x = 1, .ofs_y = 0},
    {.bitmap_index = 3670, .adv_w = 159, .box_w = 8, .box_h = 9, .ofs_x = 1, .ofs_y = 0},
    {.bitmap_index = 3706, .adv_w = 159, .box_w = 8, .box_h = 9, .ofs_x = 1, .ofs_y = 0},
    {.bitmap_index = 3742, .adv_w = 159, .box_w = 9, .box_h = 9, .ofs_x = 0, .ofs_y = 0},
    {.bitmap_index = 3783, .adv_w = 159, .box_w = 8, .box_h = 12, .ofs_x = 1, .ofs_y = -3},
    {.bitmap_index = 3831, .adv_w = 159, .box_w = 9, .box_h = 12, .ofs_x = 0, .ofs_y = -3},
    {.bitmap_index = 3885, .adv_w = 159, .box_w = 8, .box_h = 9, .ofs_x = 1, .ofs_y = 0},
    {.bitmap_index = 3921, .adv_w = 159, .box_w = 8, .box_h = 9, .ofs_x = 1, .ofs_y = 0},
    {.bitmap_index = 3957, .adv_w = 159, .box_w = 9, .box_h = 12, .ofs_x = 0, .ofs_y = 0},
    {.bitmap_index = 4011, .adv_w = 159, .box_w = 8, .box_h = 9, .ofs_x = 1, .ofs_y = 0},
    {.bitmap_index = 4047, .adv_w = 159, .box_w = 10, .box_h = 9, .ofs_x = 0, .ofs_y = 0},
    {.bitmap_index = 4092, .adv_w = 159, .box_w = 10, .box_h = 9, .ofs_x = 0, .ofs_y = 0},
    {.bitmap_index = 4137, .adv_w = 159, .box_w = 10, .box_h = 9, .ofs_x = 0, .ofs_y = 0},
    {.bitmap_index = 4182, .adv_w = 159, .box_w = 10, .box_h = 13, .ofs_x = 0, .ofs_y = -4},
    {.bitmap_index = 4247, .adv_w = 159, .box_w = 8, .box_h = 9, .ofs_x = 1, .ofs_y = 0},
    {.bitmap_index = 4283, .adv_w = 159, .box_w = 8, .box_h = 17, .ofs_x = 1, .ofs_y = -4},
    {.bitmap_index = 4351, .adv_w = 159, .box_w = 2, .box_h = 16, .ofs_x = 4, .ofs_y = -4},
    {.bitmap_index = 4367, .adv_w = 159, .box_w = 8, .box_h = 17, .ofs_x = 1, .ofs_y = -4},
    {.bitmap_index = 4435, .adv_w = 159, .box_w = 8, .box_h = 4, .ofs_x = 1, .ofs_y = 3}
};

static const lv_font_fmt_txt_cmap_t catnip_font_16_cmaps[] = {
    {
        .range_start = 32, .range_length = 95, .glyph_id_start = 1,
        .unicode_list = NULL, .glyph_id_ofs_list = NULL, .list_length = 0,
        .type = LV_FONT_FMT_TXT_CMAP_FORMAT0_TINY
    }
};

static const lv_font_fmt_txt_dsc_t catnip_font_16_font_dsc = {
    .glyph_bitmap = catnip_font_16_bitmap,
    .glyph_dsc = catnip_font_16_dsc,
    .cmaps = catnip_font_16_cmaps,
    /* No kerning. The face is monospaced, so every pair is already the
     * same width apart; a kerning table would be a list of zeroes with
     * a lookup in front of it. */
    .kern_dsc = NULL,
    .kern_scale = 0,
    .cmap_num = 1,
    .bpp = 4,
    .kern_classes = 0,
    .bitmap_format = 0,
};

const lv_font_t catnip_font_16 = {
    .get_glyph_dsc = lv_font_get_glyph_dsc_fmt_txt,
    .get_glyph_bitmap = lv_font_get_bitmap_fmt_txt,
    .line_height = 20,
    .base_line = 4,
    .subpx = LV_FONT_SUBPX_NONE,
    .underline_position = -1,
    .underline_thickness = 1,
    .dsc = &catnip_font_16_font_dsc,
};

/* ---- catnip_font_20: 20 px, 95 glyphs ---------------------------------- */

static LV_ATTRIBUTE_LARGE_CONST const uint8_t catnip_font_20_bitmap[] = {
    0x0c, 0xf2, 0x0c, 0xf2, 0x0c, 0xf2, 0x0b, 0xf1, 0x0b, 0xf1, 0x0a, 0xf1, 0x0a, 0xf0, 0x0a, 0xf0,
    0x08, 0xe0, 0x00, 0x00, 0x00, 0x00, 0x00, 0x00, 0x0b, 0xd4, 0x3f, 0xfa, 0x0b, 0xe4, 0x7f, 0x60,
    0x00, 0xfd, 0x7f, 0x60, 0x00, 0xfd, 0x6f, 0x50, 0x00, 0xfc, 0x6f, 0x50, 0x00, 0xfc, 0x5f, 0x50,
    0x00, 0xeb, 0x5f, 0x40, 0x00, 0xeb, 0x3a, 0x20, 0x00, 0x97, 0x00, 0x01, 0xf9, 0x00, 0x7f, 0x30,
    0x00, 0x03, 0xf7, 0x00, 0x9f, 0x10, 0x00, 0x05, 0xf5, 0x00, 0xbf, 0x00, 0x00, 0x07, 0xf3, 0x00,
    0xdd, 0x00, 0x09, 0xff, 0xff, 0xff, 0xff, 0xfb, 0x06, 0xae, 0xfa, 0xaa, 0xfd, 0xa7, 0x00, 0x0c,
    0xe0, 0x02, 0xf8, 0x00, 0x00, 0x0e, 0xc0, 0x04, 0xf6, 0x00, 0x00, 0x0f, 0xb0, 0x05, 0xf5, 0x00,
    0x00, 0x1f, 0x90, 0x07, 0xf3, 0x00, 0x00, 0x2f, 0x70, 0x08, 0xf2, 0x00, 0x4f, 0xff, 0xff, 0xff,
    0xff, 0xf0, 0x3a, 0xcf, 0xba, 0xae, 0xfa, 0xa0, 0x00, 0x8f, 0x20, 0x0e, 0xc0, 0x00, 0x00, 0xaf,
    0x00, 0x0f, 0xb0, 0x00, 0x00, 0xbe, 0x00, 0x1f, 0x90, 0x00, 0x00, 0xdc, 0x00, 0x3f, 0x70, 0x00,
    0x00, 0x00, 0x6d, 0x00, 0x00, 0x00, 0x00, 0x07, 0xf0, 0x00, 0x00, 0x00, 0x00, 0x7f, 0x00, 0x00,
    0x00, 0x05, 0xbf, 0xfe, 0xb4, 0x00, 0x08, 0xff, 0xef, 0xbf, 0xf6, 0x01, 0xff, 0x26, 0xf0, 0x4f,
    0xf0, 0x4f, 0xb0, 0x6f, 0x00, 0xbf, 0x23, 0xfe, 0x06, 0xf0, 0x00, 0x00, 0x0d, 0xfb, 0x9f, 0x00,
    0x00, 0x00, 0x3e, 0xff, 0xf4, 0x00, 0x00, 0x00, 0x19, 0xff, 0xfd, 0x40, 0x00, 0x00, 0x06, 0xfd,
    0xff, 0x60, 0x00, 0x00, 0x6f, 0x07, 0xff, 0x14, 0x60, 0x06, 0xf0, 0x0c, 0xf4, 0xdf, 0x20, 0x6f,
    0x00, 0xbf, 0x38, 0xfb, 0x06, 0xf0, 0x4f, 0xe0, 0x0d, 0xfe, 0xdf, 0xcf, 0xf5, 0x00, 0x07, 0xcf,
    0xfe, 0xa2, 0x00, 0x00, 0x00, 0x7f, 0x00, 0x00, 0x00, 0x00, 0x07, 0xf0, 0x00, 0x00, 0x00, 0x00,
    0x6d, 0x00, 0x00, 0x00, 0x04, 0xde, 0x80, 0x00, 0x0d, 0x80, 0x0f, 0x73, 0xf4, 0x00, 0x5e, 0x10,
    0x2f, 0x10, 0xc7, 0x00, 0xd7, 0x00, 0x0f, 0x62, 0xf4, 0x06, 0xe0, 0x00, 0x05, 0xef, 0x90, 0x0e,
    0x60, 0x00, 0x00, 0x00, 0x00, 0x7e, 0x00, 0x00, 0x00, 0x00, 0x00, 0xe6, 0x00, 0x00, 0x00, 0x00,
    0x07, 0xd0, 0x00, 0x00, 0x00, 0x00, 0x1f, 0x50, 0x00, 0x00, 0x00, 0x00, 0x8d, 0x00, 0x00, 0x00,
    0x00, 0x01, 0xf4, 0x04, 0xdf, 0x90, 0x00, 0x09, 0xc0, 0x0e, 0x72, 0xe5, 0x00, 0x2f, 0x40, 0x1f,
    0x20, 0xb8, 0x00, 0x9b, 0x00, 0x0e, 0x72, 0xe5, 0x02, 0xf3, 0x00, 0x04, 0xdf, 0x90, 0x00, 0x05,
    0xcf, 0xea, 0x20, 0x00, 0x00, 0x6f, 0xfa, 0xcf, 0xe1, 0x00, 0x00, 0xdf, 0x20, 0x09, 0xf5, 0x00,
    0x00, 0xef, 0x00, 0x00, 0x10, 0x00, 0x00, 0xbf, 0x40, 0x00, 0x00, 0x00, 0x00, 0x5f, 0xc0, 0x00,
    0x00, 0x00, 0x00, 0x0c, 0xf9, 0x00, 0x19, 0x96, 0x00, 0x6f, 0xff, 0x50, 0x2f, 0xfb, 0x05, 0xf9,
    0x3f, 0xf2, 0x4f, 0x30, 0x0d, 0xf1, 0x06, 0xfd, 0x7f, 0x00, 0x0f, 0xd0, 0x00, 0xaf, 0xfd, 0x00,
    0x0f, 0xe0, 0x00, 0x0c, 0xfa, 0x00, 0x0d, 0xf7, 0x00, 0x0b, 0xff, 0x20, 0x05, 0xff, 0xcb, 0xef,
    0x9f, 0xd0, 0x00, 0x4c, 0xee, 0xa3, 0x09, 0xfa, 0xcf, 0x1b, 0xf1, 0xbf, 0x1a, 0xf0, 0xaf, 0x09,
    0xf0, 0x6a, 0x00, 0x00, 0x00, 0x1d, 0xd1, 0x00, 0x02, 0xdd, 0x10, 0x00, 0x0c, 0xf2, 0x00, 0x00,
    0x9f, 0x50, 0x00, 0x01, 0xfc, 0x00, 0x00, 0x08, 0xf5, 0x00, 0x00, 0x0e, 0xf0, 0x00, 0x00, 0x0f,
    0xc0, 0x00, 0x00, 0x2f, 0xb0, 0x00, 0x00, 0x4f, 0x90, 0x00, 0x00, 0x5f, 0x90, 0x00, 0x00, 0x2f,
    0xb0, 0x00, 0x00, 0x0f, 0xc0, 0x00, 0x00, 0x0e, 0xf0, 0x00, 0x00, 0x08, 0xf5, 0x00, 0x00, 0x01,
    0xfc, 0x00, 0x00, 0x00, 0x9f, 0x50, 0x00, 0x00, 0x0c, 0xe1, 0x00, 0x00, 0x02, 0xec, 0x10, 0x00,
    0x00, 0x1d, 0xd1, 0x8f, 0x50, 0x00, 0x00, 0x8f, 0x60, 0x00, 0x00, 0xbf, 0x30, 0x00, 0x01, 0xee,
    0x10, 0x00, 0x06, 0xf7, 0x00, 0x00, 0x0f, 0xe0, 0x00, 0x00, 0x9f, 0x40, 0x00, 0x07, 0xf6, 0x00,
    0x00, 0x5f, 0x80, 0x00, 0x03, 0xfa, 0x00, 0x00, 0x3f, 0xa0, 0x00, 0x05, 0xf8, 0x00, 0x00, 0x7f,
    0x60, 0x00, 0x09, 0xf4, 0x00, 0x00, 0xfe, 0x00, 0x00, 0x6f, 0x70, 0x00, 0x1e, 0xe1, 0x00, 0x0a,
    0xf3, 0x00, 0x08, 0xf6, 0x00, 0x08, 0xf5, 0x00, 0x00, 0x00, 0x00, 0x0c, 0xf2, 0x00, 0x00, 0x00,
    0x00, 0x0b, 0xf1, 0x00, 0x00, 0x02, 0x00, 0x0a, 0xf0, 0x00, 0x20, 0x0b, 0xe8, 0x29, 0xf0, 0x6c,
    0xf1, 0x0a, 0xff, 0xff, 0xff, 0xff, 0xc3, 0x00, 0x03, 0x8f, 0xfc, 0x41, 0x00, 0x00, 0x00, 0xbf,
    0xdf, 0x20, 0x00, 0x00, 0x09, 0xf8, 0x2f, 0xe1, 0x00, 0x00, 0x5f, 0xd0, 0x07, 0xfb, 0x00, 0x00,
    0x1b, 0x30, 0x00, 0xb4, 0x00, 0x00, 0x00, 0x69, 0x00, 0x00, 0x00, 0x00, 0xaf, 0x10, 0x00, 0x00,
    0x00, 0xaf, 0x10, 0x00, 0x00, 0x00, 0xaf, 0x10, 0x00, 0x59, 0x99, 0xef, 0xa9, 0x99, 0x8f, 0xff,
    0xff, 0xff, 0xfe, 0x00, 0x00, 0xaf, 0x10, 0x00, 0x00, 0x00, 0xaf, 0x10, 0x00, 0x00, 0x00, 0xaf,
    0x10, 0x00, 0x00, 0x00, 0xaf, 0x10, 0x00, 0x2c, 0xe7, 0x09, 0xff, 0xf1, 0x8f, 0xff, 0x30, 0x5c,
    0xf0, 0x00, 0xcb, 0x00, 0x7f, 0x20, 0x7f, 0x40, 0x03, 0x40, 0x00, 0x09, 0x99, 0x99, 0x93, 0x0f,
    0xff, 0xff, 0xf6, 0x2b, 0xd6, 0x09, 0xff, 0xf0, 0x7f, 0xfd, 0x00, 0x57, 0x10, 0x00, 0x00, 0x00,
    0x0c, 0xf3, 0x00, 0x00, 0x00, 0x3f, 0xd0, 0x00, 0x00, 0x00, 0x9f, 0x60, 0x00, 0x00, 0x01, 0xff,
    0x00, 0x00, 0x00, 0x07, 0xf9, 0x00, 0x00, 0x00, 0x0d, 0xf2, 0x00, 0x00, 0x00, 0x4f, 0xb0, 0x00,
    0x00, 0x00, 0xbf, 0x50, 0x00, 0x00, 0x02, 0xfe, 0x00, 0x00, 0x00, 0x08, 0xf7, 0x00, 0x00, 0x00,
    0x0e, 0xf1, 0x00, 0x00, 0x00, 0x5f, 0xa0, 0x00, 0x00, 0x00, 0xcf, 0x30, 0x00, 0x00, 0x03, 0xfd,
    0x00, 0x00, 0x00, 0x09, 0xf6, 0x00, 0x00, 0x00, 0x1f, 0xf0, 0x00, 0x00, 0x00, 0x39, 0x60, 0x00,
    0x00, 0x00, 0x00, 0x02, 0xad, 0xeb, 0x60, 0x00, 0x00, 0x4f, 0xfe, 0xdf, 0xf9, 0x00, 0x00, 0xef,
    0x60, 0x01, 0xdf, 0x50, 0x06, 0xfa, 0x00, 0x00, 0x4f, 0xc0, 0x0b, 0xf5, 0x00, 0x00, 0x0e, 0xf1,
    0x0e, 0xf2, 0x00, 0x00, 0x0c, 0xf4, 0x0f, 0xf1, 0x08, 0xd0, 0x0b, 0xf5, 0x0f, 0xf0, 0x0d, 0xf3,
    0x0a, 0xf6, 0x0e, 0xf1, 0x09, 0xe1, 0x0b, 0xf4, 0x0d, 0xf2, 0x00, 0x00, 0x0c, 0xf3, 0x0b, 0xf5,
    0x00, 0x00, 0x0e, 0xf1, 0x05, 0xfa, 0x00, 0x00, 0x4f, 0xc0, 0x00, 0xef, 0x50, 0x01, 0xdf, 0x40,
    0x00, 0x4f, 0xfd, 0xcf, 0xf9, 0x00, 0x00, 0x02, 0xad, 0xeb, 0x60, 0x00, 0x00, 0x00, 0xdf, 0x40,
    0x00, 0x00, 0x00, 0x7f, 0xf4, 0x00, 0x00, 0x01, 0x9f, 0xff, 0x40, 0x00, 0x00, 0xff, 0xdc, 0xf4,
    0x00, 0x00, 0x0c, 0x80, 0xaf, 0x40, 0x00, 0x00, 0x00, 0x0a, 0xf4, 0x00, 0x00, 0x00, 0x00, 0xaf,
    0x40, 0x00, 0x00, 0x00, 0x0a, 0xf4, 0x00, 0x00, 0x00, 0x00, 0xaf, 0x40, 0x00, 0x00, 0x00, 0x0a,
    0xf4, 0x00, 0x00, 0x00, 0x00, 0xaf, 0x40, 0x00, 0x00, 0x00, 0x0a, 0xf4, 0x00, 0x00, 0x00, 0x00,
    0xaf, 0x40, 0x00, 0x03, 0x99, 0x9d, 0xfb, 0x99, 0x90, 0x4f, 0xff, 0xff, 0xff, 0xff, 0x00, 0x00,
    0x7d, 0xfe, 0xc5, 0x00, 0x0c, 0xfe, 0xab, 0xff, 0x80, 0x6f, 0xc0, 0x00, 0x1e, 0xf2, 0x9f, 0x40,
    0x00, 0x09, 0xf5, 0x01, 0x00, 0x00, 0x09, 0xf5, 0x00, 0x00, 0x00, 0x0d, 0xf2, 0x00, 0x00, 0x00,
    0xaf, 0xb0, 0x00, 0x00, 0x3d, 0xfe, 0x20, 0x00, 0x08, 0xff, 0xb1, 0x00, 0x00, 0xcf, 0xe5, 0x00,
    0x00, 0x0b, 0xfb, 0x10, 0x00, 0x00, 0x4f, 0xc0, 0x00, 0x00, 0x00, 0x9f, 0x40, 0x00, 0x00, 0x00,
    0xbf, 0xb9, 0x99, 0x99, 0x99, 0xbf, 0xff, 0xff, 0xff, 0xfe, 0x00, 0x6c, 0xfe, 0xc7, 0x00, 0x0a,
    0xfe, 0xaa, 0xef, 0xc0, 0x3f, 0xd1, 0x00, 0x0c, 0xf5, 0x6f, 0x70, 0x00, 0x06, 0xf8, 0x00, 0x00,
    0x00, 0x08, 0xf6, 0x00, 0x00, 0x00, 0x3e, 0xe1, 0x00, 0x02, 0x9c, 0xfc, 0x20, 0x00, 0x04, 0xff,
    0xf9, 0x20, 0x00, 0x00, 0x02, 0x8f, 0xf3, 0x00, 0x00, 0x00, 0x07, 0xfb, 0x46, 0x10, 0x00, 0x01,
    0xfe, 0xaf, 0x50, 0x00, 0x02, 0xfd, 0x6f, 0xd1, 0x00, 0x0a, 0xfa, 0x0c, 0xff, 0xba, 0xef, 0xe1,
    0x00, 0x7c, 0xef, 0xc8, 0x10, 0x00, 0x00, 0x00, 0x0b, 0xf9, 0x00, 0x00, 0x00, 0x00, 0x7f, 0xf9,
    0x00, 0x00, 0x00, 0x02, 0xff, 0xf9, 0x00, 0x00, 0x00, 0x0d, 0xf6, 0xf9, 0x00, 0x00, 0x00, 0x9f,
    0x64, 0xf9, 0x00, 0x00, 0x04, 0xfb, 0x04, 0xf9, 0x00, 0x00, 0x1e, 0xe1, 0x04, 0xf9, 0x00, 0x00,
    0xaf, 0x40, 0x04, 0xf9, 0x00, 0x06, 0xf9, 0x00, 0x04, 0xf9, 0x00, 0x0f, 0xf9, 0x88, 0x8a, 0xfd,
    0x92, 0x0f, 0xff, 0xff, 0xff, 0xff, 0xf4, 0x00, 0x00, 0x00, 0x04, 0xf9, 0x00, 0x00, 0x00, 0x00,
    0x04, 0xf9, 0x00, 0x00, 0x00, 0x00, 0x04, 0xf9, 0x00, 0x00, 0x00, 0x00, 0x04, 0xf9, 0x00, 0x0a,
    0xff, 0xff, 0xff, 0xf3, 0x0c, 0xfa, 0xaa, 0xaa, 0xa2, 0x0e, 0xd0, 0x00, 0x00, 0x00, 0x0f, 0xb0,
    0x00, 0x00, 0x00, 0x1f, 0x90, 0x00, 0x00, 0x00, 0x3f, 0x80, 0x24, 0x30, 0x00, 0x5f, 0xbe, 0xff,
    0xfe, 0x50, 0x7f, 0xf6, 0x21, 0x5e, 0xf3, 0x03, 0x20, 0x00, 0x06, 0xfb, 0x00, 0x00, 0x00, 0x01,
    0xfd, 0x25, 0x00, 0x00, 0x00, 0xfe, 0xaf, 0x40, 0x00, 0x03, 0xfc, 0x6f, 0xc1, 0x00, 0x0b, 0xf7,
    0x0c, 0xfe, 0xbb, 0xef, 0xc0, 0x00, 0x7c, 0xee, 0xc7, 0x00, 0x00, 0x2a, 0xdf, 0xd9, 0x10, 0x00,
    0x3f, 0xfc, 0xad, 0xfe, 0x10, 0x0e, 0xf6, 0x00, 0x09, 0xf8, 0x05, 0xfb, 0x00, 0x00, 0x1f, 0xb0,
    0x9f, 0x60, 0x00, 0x00, 0x00, 0x0c, 0xf4, 0x00, 0x00, 0x00, 0x00, 0xdf, 0x26, 0xbe, 0xeb, 0x30,
    0x0e, 0xfc, 0xea, 0x79, 0xff, 0x40, 0xdf, 0xa0, 0x00, 0x05, 0xfc, 0x0c, 0xf3, 0x00, 0x00, 0x0f,
    0xf0, 0x9f, 0x60, 0x00, 0x00, 0xef, 0x15, 0xfb, 0x00, 0x00, 0x1f, 0xe0, 0x0e, 0xf5, 0x00, 0x0a,
    0xf9, 0x00, 0x4f, 0xfc, 0xae, 0xfe, 0x10, 0x00, 0x2a, 0xdf, 0xc8, 0x00, 0x00, 0x7f, 0xff, 0xff,
    0xff, 0xfe, 0x4a, 0xaa, 0xaa, 0xab, 0xfd, 0x00, 0x00, 0x00, 0x08, 0xf7, 0x00, 0x00, 0x00, 0x0e,
    0xf1, 0x00, 0x00, 0x00, 0x3f, 0xc0, 0x00, 0x00, 0x00, 0x9f, 0x60, 0x00, 0x00, 0x00, 0xff, 0x00,
    0x00, 0x00, 0x05, 0xfa, 0x00, 0x00, 0x00, 0x0b, 0xf4, 0x00, 0x00, 0x00, 0x1f, 0xe0, 0x00, 0x00,
    0x00, 0x6f, 0x90, 0x00, 0x00, 0x00, 0xcf, 0x30, 0x00, 0x00, 0x02, 0xfd, 0x00, 0x00, 0x00, 0x08,
    0xf7, 0x00, 0x00, 0x00, 0x0e, 0xf2, 0x00, 0x00, 0x00, 0x5c, 0xef, 0xd8, 0x10, 0x00, 0x9f, 0xfb,
    0xad, 0xfd, 0x10, 0x2f, 0xe1, 0x00, 0x09, 0xf8, 0x05, 0xf9, 0x00, 0x00, 0x2f, 0xb0, 0x4f, 0xb0,
    0x00, 0x02, 0xfa, 0x00, 0xdf, 0x90, 0x00, 0xbf, 0x30, 0x01, 0xcf, 0xe9, 0xde, 0x40, 0x00, 0x05,
    0xff, 0xff, 0xc2, 0x00, 0x0a, 0xf6, 0x05, 0xcf, 0xf4, 0x07, 0xf7, 0x00, 0x00, 0x7f, 0xe0, 0xcf,
    0x10, 0x00, 0x00, 0xef, 0x2c, 0xf2, 0x00, 0x00, 0x0d, 0xf2, 0x9f, 0xa0, 0x00, 0x06, 0xfe, 0x01,
    0xef, 0xeb, 0xad, 0xff, 0x40, 0x00, 0x8c, 0xef, 0xd9, 0x20, 0x00, 0x00, 0x5b, 0xee, 0xb6, 0x00,
    0x00, 0x9f, 0xfb, 0xbf, 0xf9, 0x00, 0x3f, 0xe2, 0x00, 0x1d, 0xf5, 0x08, 0xf7, 0x00, 0x00, 0x5f,
    0xb0, 0xbf, 0x40, 0x00, 0x00, 0xff, 0x0a, 0xf5, 0x00, 0x00, 0x0e, 0xf2, 0x7f, 0xb0, 0x00, 0x05,
    0xff, 0x30, 0xdf, 0xc7, 0x8c, 0xee, 0xf4, 0x01, 0x9d, 0xfc, 0x81, 0xcf, 0x30, 0x00, 0x00, 0x00,
    0x0e, 0xf2, 0x00, 0x00, 0x00, 0x00, 0xff, 0x05, 0xf7, 0x00, 0x00, 0x5f, 0xb0, 0x2f, 0xe1, 0x00,
    0x2e, 0xf4, 0x00, 0x9f, 0xea, 0xbf, 0xf9, 0x00, 0x00, 0x6c, 0xfe, 0xb6, 0x00, 0x00, 0x2b, 0xe6,
    0x08, 0xff, 0xf0, 0x7f, 0xfe, 0x00, 0x57, 0x10, 0x00, 0x00, 0x00, 0x00, 0x00, 0x00, 0x00, 0x00,
    0x00, 0x00, 0x2b, 0xe6, 0x08, 0xff, 0xf0, 0x7f, 0xfe, 0x00, 0x57, 0x10, 0x2b, 0xd6, 0x09, 0xff,
    0xf0, 0x7f, 0xfd, 0x00, 0x57, 0x10, 0x00, 0x00, 0x00, 0x00, 0x00, 0x00, 0x00, 0x00, 0x01, 0x00,
    0x4e, 0xf9, 0x0a, 0xff, 0xf1, 0x6f, 0xff, 0x20, 0x2b, 0xf0, 0x00, 0xea, 0x00, 0x9e, 0x10, 0x8e,
    0x20, 0x01, 0x20, 0x00, 0x00, 0x00, 0x00, 0x05, 0xb0, 0x00, 0x00, 0x00, 0x9f, 0xe2, 0x00, 0x00,
    0x3d, 0xfb, 0x10, 0x00, 0x07, 0xff, 0x60, 0x00, 0x01, 0xcf, 0xd2, 0x00, 0x00, 0x2e, 0xf8, 0x00,
    0x00, 0x00, 0x4f, 0xd2, 0x00, 0x00, 0x00, 0x08, 0xff, 0x50, 0x00, 0x00, 0x00, 0x3d, 0xfa, 0x10,
    0x00, 0x00, 0x00, 0xaf, 0xe3, 0x00, 0x00, 0x00, 0x05, 0xff, 0x80, 0x00, 0x00, 0x00, 0x1c, 0xf2,
    0x00, 0x00, 0x00, 0x00, 0x30, 0x3f, 0xff, 0xff, 0xff, 0xf9, 0x2a, 0xaa, 0xaa, 0xaa, 0xa6, 0x00,
    0x00, 0x00, 0x00, 0x00, 0x00, 0x00, 0x00, 0x00, 0x00, 0x00, 0x00, 0x00, 0x00, 0x00, 0x29, 0x99,
    0x99, 0x99, 0x95, 0x3f, 0xff, 0xff, 0xff, 0xf9, 0x79, 0x00, 0x00, 0x00, 0x0b, 0xfd, 0x20, 0x00,
    0x00, 0x06, 0xff, 0x70, 0x00, 0x00, 0x02, 0xdf, 0xb1, 0x00, 0x00, 0x00, 0x9f, 0xe5, 0x00, 0x00,
    0x00, 0x4e, 0xf7, 0x00, 0x00, 0x00, 0x9f, 0xa0, 0x00, 0x02, 0xcf, 0xc1, 0x00, 0x06, 0xff, 0x70,
    0x00, 0x1a, 0xfd, 0x30, 0x00, 0x4e, 0xf9, 0x00, 0x00, 0x0b, 0xe5, 0x00, 0x00, 0x00, 0x11, 0x00,
    0x00, 0x00, 0x00, 0x00, 0x7d, 0xfe, 0xc6, 0x00, 0x0c, 0xfe, 0xaa, 0xef, 0x90, 0x6f, 0xb0, 0x00,
    0x1e, 0xf2, 0x9f, 0x40, 0x00, 0x09, 0xf5, 0x01, 0x00, 0x00, 0x0a, 0xf4, 0x00, 0x00, 0x00, 0x2f,
    0xe1, 0x00, 0x00, 0x28, 0xfe, 0x40, 0x00, 0x00, 0xaf, 0x61, 0x00, 0x00, 0x00, 0xaf, 0x00, 0x00,
    0x00, 0x00, 0x23, 0x00, 0x00, 0x00, 0x00, 0x00, 0x00, 0x00, 0x00, 0x00, 0x00, 0x00, 0x00, 0x00,
    0x00, 0xbd, 0x40, 0x00, 0x00, 0x03, 0xff, 0xa0, 0x00, 0x00, 0x00, 0xbe, 0x40, 0x00, 0x00, 0x02,
    0xad, 0xfd, 0x91, 0x00, 0x00, 0x5f, 0xea, 0x79, 0xfe, 0x10, 0x01, 0xfc, 0x10, 0x00, 0x2f, 0x80,
    0x08, 0xf2, 0x00, 0x00, 0x0a, 0xe0, 0x0c, 0xb0, 0x03, 0xde, 0x98, 0xf0, 0x0e, 0x80, 0x0e, 0xf8,
    0x9f, 0xf2, 0x0f, 0x70, 0x4f, 0x70, 0x08, 0xf2, 0x1f, 0x60, 0x5f, 0x30, 0x05, 0xf2, 0x1f, 0x60,
    0x7f, 0x20, 0x05, 0xf2, 0x1f, 0x60, 0x7f, 0x20, 0x05, 0xf2, 0x1f, 0x60, 0x7f, 0x20, 0x05, 0xf2,
    0x1f, 0x60, 0x5f, 0x30, 0x05, 0xf2, 0x1f, 0x60, 0x3f, 0x70, 0x08, 0xf2, 0x0f, 0x70, 0x0e, 0xf8,
    0x9e, 0xfa, 0x0d, 0xb0, 0x03, 0xde, 0x90, 0xcd, 0x09, 0xf2, 0x00, 0x00, 0x00, 0x00, 0x02, 0xfc,
    0x10, 0x00, 0x00, 0x10, 0x00, 0x6f, 0xfa, 0x77, 0x9c, 0xf0, 0x00, 0x02, 0x9c, 0xff, 0xdb, 0x60,
    0x00, 0x00, 0x0f, 0xf6, 0x00, 0x00, 0x00, 0x00, 0x5f, 0xfb, 0x00, 0x00, 0x00, 0x00, 0xaf, 0xef,
    0x00, 0x00, 0x00, 0x00, 0xed, 0x8f, 0x40, 0x00, 0x00, 0x04, 0xf8, 0x4f, 0x90, 0x00, 0x00, 0x08,
    0xf4, 0x0f, 0xe0, 0x00, 0x00, 0x0d, 0xf0, 0x0b, 0xf3, 0x00, 0x00, 0x2f, 0xa0, 0x06, 0xf8, 0x00,
    0x00, 0x7f, 0x60, 0x01, 0xfd, 0x00, 0x00, 0xcf, 0x97, 0x77, 0xff, 0x20, 0x01, 0xff, 0xff, 0xff,
    0xff, 0x70, 0x06, 0xf8, 0x00, 0x00, 0x3f, 0xc0, 0x0b, 0xf3, 0x00, 0x00, 0x0e, 0xf1, 0x0f, 0xe0,
    0x00, 0x00, 0x0a, 0xf6, 0x5f, 0x90, 0x00, 0x00, 0x05, 0xfb, 0x3f, 0xff, 0xff, 0xda, 0x20, 0x03,
    0xfd, 0x78, 0x9d, 0xfe, 0x20, 0x3f, 0xb0, 0x00, 0x0c, 0xf7, 0x03, 0xfb, 0x00, 0x00, 0x6f, 0x80,
    0x3f, 0xb0, 0x00, 0x08, 0xf5, 0x03, 0xfb, 0x00, 0x01, 0xed, 0x00, 0x3f, 0xd6, 0x79, 0xda, 0x10,
    0x03, 0xff, 0xff, 0xff, 0xd7, 0x00, 0x3f, 0xb0, 0x01, 0x4b, 0xfa, 0x03, 0xfb, 0x00, 0x00, 0x0d,
    0xf2, 0x3f, 0xb0, 0x00, 0x00, 0xaf, 0x53, 0xfb, 0x00, 0x00, 0x0b, 0xf4, 0x3f, 0xb0, 0x00, 0x04,
    0xff, 0x13, 0xfd, 0x77, 0x9c, 0xff, 0x50, 0x3f, 0xff, 0xff, 0xd9, 0x20, 0x00, 0x00, 0x19, 0xcf,
    0xc8, 0x00, 0x00, 0x2e, 0xfe, 0xce, 0xfd, 0x10, 0x0c, 0xf8, 0x00, 0x0a, 0xfa, 0x04, 0xfd, 0x00,
    0x00, 0x0e, 0xf0, 0xaf, 0x60, 0x00, 0x00, 0xad, 0x1c, 0xf3, 0x00, 0x00, 0x00, 0x00, 0xef, 0x20,
    0x00, 0x00, 0x00, 0x0f, 0xf1, 0x00, 0x00, 0x00, 0x00, 0xef, 0x20, 0x00, 0x00, 0x00, 0x0d, 0xf3,
    0x00, 0x00, 0x00, 0x00, 0xaf, 0x60, 0x00, 0x00, 0xae, 0x24, 0xfc, 0x00, 0x00, 0x0e, 0xf0, 0x0c,
    0xf8, 0x00, 0x09, 0xfa, 0x00, 0x2e, 0xfe, 0xce, 0xfe, 0x10, 0x00, 0x19, 0xdf, 0xd8, 0x00, 0x00,
    0x4f, 0xff, 0xfc, 0x92, 0x00, 0x04, 0xfd, 0x9a, 0xdf, 0xf5, 0x00, 0x4f, 0x90, 0x00, 0x5f, 0xf2,
    0x04, 0xf9, 0x00, 0x00, 0x7f, 0xa0, 0x4f, 0x90, 0x00, 0x01, 0xff, 0x04, 0xf9, 0x00, 0x00, 0x0d,
    0xf2, 0x4f, 0x90, 0x00, 0x00, 0xbf, 0x44, 0xf9, 0x00, 0x00, 0x0a, 0xf5, 0x4f, 0x90, 0x00, 0x00,
    0xcf, 0x34, 0xf9, 0x00, 0x00, 0x0d, 0xf1, 0x4f, 0x90, 0x00, 0x01, 0xff, 0x04, 0xf9, 0x00, 0x00,
    0x8f, 0x80, 0x4f, 0x90, 0x00, 0x6f, 0xf1, 0x04, 0xfd, 0x9a, 0xdf, 0xe4, 0x00, 0x4f, 0xff, 0xfe,
    0x91, 0x00, 0x00, 0x4f, 0xff, 0xff, 0xff, 0xfb, 0x4f, 0xda, 0xaa, 0xaa, 0xa7, 0x4f, 0x90, 0x00,
    0x00, 0x00, 0x4f, 0x90, 0x00, 0x00, 0x00, 0x4f, 0x90, 0x00, 0x00, 0x00, 0x4f, 0x90, 0x00, 0x00,
    0x00, 0x4f, 0xd8, 0x88, 0x88, 0x40, 0x4f, 0xff, 0xff, 0xff, 0x70, 0x4f, 0x90, 0x00, 0x00, 0x00,
    0x4f, 0x90, 0x00, 0x00, 0x00, 0x4f, 0x90, 0x00, 0x00, 0x00, 0x4f, 0x90, 0x00, 0x00, 0x00, 0x4f,
    0x90, 0x00, 0x00, 0x00, 0x4f, 0xd9, 0x99, 0x99, 0x97, 0x4f, 0xff, 0xff, 0xff, 0xfb, 0x4f, 0xff,
    0xff, 0xff, 0xfb, 0x4f, 0xda, 0xaa, 0xaa, 0xa7, 0x4f, 0x90, 0x00, 0x00, 0x00, 0x4f, 0x90, 0x00,
    0x00, 0x00, 0x4f, 0x90, 0x00, 0x00, 0x00, 0x4f, 0x90, 0x00, 0x00, 0x00, 0x4f, 0x90, 0x00, 0x00,
    0x00, 0x4f, 0xff, 0xff, 0xff, 0x70, 0x4f, 0xd9, 0x99, 0x99, 0x40, 0x4f, 0x90, 0x00, 0x00, 0x00,
    0x4f, 0x90, 0x00, 0x00, 0x00, 0x4f, 0x90, 0x00, 0x00, 0x00, 0x4f, 0x90, 0x00, 0x00, 0x00, 0x4f,
    0x90, 0x00, 0x00, 0x00, 0x4f, 0x90, 0x00, 0x00, 0x00, 0x00, 0x19, 0xcf, 0xd8, 0x00, 0x00, 0x3e,
    0xfe, 0xce, 0xfd, 0x00, 0x0d, 0xf8, 0x00, 0x09, 0xf9, 0x05, 0xfc, 0x00, 0x00, 0x0f, 0xe0, 0xaf,
    0x60, 0x00, 0x00, 0x9b, 0x1c, 0xf3, 0x00, 0x00, 0x00, 0x00, 0xef, 0x10, 0x00, 0x00, 0x00, 0x0f,
    0xf1, 0x00, 0x49, 0x99, 0x92, 0xef, 0x10, 0x07, 0xff, 0xff, 0x4d, 0xf2, 0x00, 0x00, 0x08, 0xf4,
    0xaf, 0x50, 0x00, 0x00, 0xaf, 0x16, 0xfb, 0x00, 0x00, 0x0d, 0xf0, 0x0e, 0xf7, 0x00, 0x07, 0xf9,
    0x00, 0x3e, 0xfe, 0xbd, 0xfd, 0x10, 0x00, 0x19, 0xdf, 0xd8, 0x00, 0x00, 0x4f, 0x90, 0x00, 0x03,
    0xfa, 0x4f, 0x90, 0x00, 0x03, 0xfa, 0x4f, 0x90, 0x00, 0x03, 0xfa, 0x4f, 0x90, 0x00, 0x03, 0xfa,
    0x4f, 0x90, 0x00, 0x03, 0xfa, 0x4f, 0x90, 0x00, 0x03, 0xfa, 0x4f, 0xd9, 0x99, 0x9b, 0xfa, 0x4f,
    0xff, 0xff, 0xff, 0xfa, 0x4f, 0x90, 0x00, 0x03, 0xfa, 0x4f, 0x90, 0x00, 0x03, 0xfa, 0x4f, 0x90,
    0x00, 0x03, 0xfa, 0x4f, 0x90, 0x00, 0x03, 0xfa, 0x4f, 0x90, 0x00, 0x03, 0xfa, 0x4f, 0x90, 0x00,
    0x03, 0xfa, 0x4f, 0x90, 0x00, 0x03, 0xfa, 0x5f, 0xff, 0xff, 0xff, 0xfb, 0x3a, 0xaa, 0xef, 0xba,
    0xa7, 0x00, 0x00, 0xcf, 0x20, 0x00, 0x00, 0x00, 0xcf, 0x20, 0x00, 0x00, 0x00, 0xcf, 0x20, 0x00,
    0x00, 0x00, 0xcf, 0x20, 0x00, 0x00, 0x00, 0xcf, 0x20, 0x00, 0x00, 0x00, 0xcf, 0x20, 0x00, 0x00,
    0x00, 0xcf, 0x20, 0x00, 0x00, 0x00, 0xcf, 0x20, 0x00, 0x00, 0x00, 0xcf, 0x20, 0x00, 0x00, 0x00,
    0xcf, 0x20, 0x00, 0x00, 0x00, 0xcf, 0x20, 0x00, 0x39, 0x99, 0xef, 0xa9, 0x97, 0x5f, 0xff, 0xff,
    0xff, 0xfb, 0x0b, 0xff, 0xff, 0xff, 0xf7, 0x07, 0xaa, 0xaa, 0xac, 0xf7, 0x00, 0x00, 0x00, 0x07,
    0xf7, 0x00, 0x00, 0x00, 0x07, 0xf7, 0x00, 0x00, 0x00, 0x07, 0xf7, 0x00, 0x00, 0x00, 0x07, 0xf7,
    0x00, 0x00, 0x00, 0x07, 0xf7, 0x00, 0x00, 0x00, 0x07, 0xf7, 0x00, 0x00, 0x00, 0x07, 0xf7, 0x00,
    0x00, 0x00, 0x07, 0xf7, 0x4d, 0x70, 0x00, 0x07, 0xf7, 0x3f, 0xa0, 0x00, 0x08, 0xf5, 0x0f, 0xe2,
    0x00, 0x1e, 0xf2, 0x08, 0xff, 0xbb, 0xef, 0x90, 0x00, 0x6c, 0xfe, 0xc6, 0x00, 0x4f, 0x90, 0x00,
    0x00, 0xef, 0x24, 0xf9, 0x00, 0x00, 0x8f, 0x90, 0x4f, 0x90, 0x00, 0x1f, 0xe1, 0x04, 0xf9, 0x00,
    0x0a, 0xf6, 0x00, 0x4f, 0x90, 0x03, 0xfc, 0x00, 0x04, 0xf9, 0x00, 0xcf, 0x30, 0x00, 0x4f, 0xd9,
    0xbf, 0xa0, 0x00, 0x04, 0xff, 0xff, 0xf7, 0x00, 0x00, 0x4f, 0x90, 0x2f, 0xf1, 0x00, 0x04, 0xf9,
    0x00, 0x9f, 0x90, 0x00, 0x4f, 0x90, 0x01, 0xff, 0x20, 0x04, 0xf9, 0x00, 0x08, 0xfb, 0x00, 0x4f,
    0x90, 0x00, 0x0e, 0xf4, 0x04, 0xf9, 0x00, 0x00, 0x6f, 0xc0, 0x4f, 0x90, 0x00, 0x00, 0xdf, 0x60,
    0xef, 0x00, 0x00, 0x00, 0x00, 0xef, 0x00, 0x00, 0x00, 0x00, 0xef, 0x00, 0x00, 0x00, 0x00, 0xef,
    0x00, 0x00, 0x00, 0x00, 0xef, 0x00, 0x00, 0x00, 0x00, 0xef, 0x00, 0x00, 0x00, 0x00, 0xef, 0x00,
    0x00, 0x00, 0x00, 0xef, 0x00, 0x00, 0x00, 0x00, 0xef, 0x00, 0x00, 0x00, 0x00, 0xef, 0x00, 0x00,
    0x00, 0x00, 0xef, 0x00, 0x00, 0x00, 0x00, 0xef, 0x00, 0x00, 0x00, 0x00, 0xef, 0x00, 0x00, 0x00,
    0x00, 0xef, 0x99, 0x99, 0x99, 0x90, 0xef, 0xff, 0xff, 0xff, 0xf0, 0x9f, 0x90, 0x00, 0x02, 0xff,
    0x9f, 0xf0, 0x00, 0x07, 0xff, 0x9f, 0xf5, 0x00, 0x0d, 0xff, 0x9e, 0xca, 0x00, 0x3f, 0xaf, 0x9e,
    0x6f, 0x10, 0x9c, 0x9f, 0x9e, 0x1f, 0x60, 0xe6, 0x9f, 0x9e, 0x0b, 0xc4, 0xf1, 0x9f, 0x9e, 0x06,
    0xfc, 0xb0, 0x9f, 0x9e, 0x01, 0xff, 0x60, 0x9f, 0x9e, 0x00, 0xbf, 0x10, 0x9f, 0x9e, 0x00, 0x6b,
    0x00, 0x9f, 0x9e, 0x00, 0x00, 0x00, 0x9f, 0x9e, 0x00, 0x00, 0x00, 0x9f, 0x9e, 0x00, 0x00, 0x00,
    0x9f, 0x9e, 0x00, 0x00, 0x00, 0x9f, 0x4f, 0xf0, 0x00, 0x00, 0xfa, 0x4f, 0xf7, 0x00, 0x00, 0xfa,
    0x4f, 0xfd, 0x00, 0x00, 0xfa, 0x4f, 0xdf, 0x50, 0x00, 0xfa, 0x4f, 0x7f, 0xc0, 0x00, 0xfa, 0x4f,
    0x59, 0xf3, 0x00, 0xfa, 0x4f, 0x52, 0xfa, 0x00, 0xfa, 0x4f, 0x50, 0xbf, 0x10, 0xfa, 0x4f, 0x50,
    0x4f, 0x80, 0xfa, 0x4f, 0x50, 0x0d, 0xe0, 0xfa, 0x4f, 0x50, 0x06, 0xf6, 0xfa, 0x4f, 0x50, 0x00,
    0xed, 0xfa, 0x4f, 0x50, 0x00, 0x8f, 0xfa, 0x4f, 0x50, 0x00, 0x1f, 0xfa, 0x4f, 0x50, 0x00, 0x0a,
    0xfa, 0x00, 0x02, 0xad, 0xeb, 0x60, 0x00, 0x00, 0x4f, 0xfe, 0xdf, 0xf9, 0x00, 0x00, 0xef, 0x50,
    0x01, 0xdf, 0x40, 0x06, 0xfa, 0x00, 0x00, 0x4f, 0xc0, 0x0b, 0xf4, 0x00, 0x00, 0x0e, 0xf1, 0x0e,
    0xf1, 0x00, 0x00, 0x0b, 0xf4, 0x0f, 0xf0, 0x00, 0x00, 0x0a, 0xf5, 0x0f, 0xf0, 0x00, 0x00, 0x09,
    0xf6, 0x0e, 0xf0, 0x00, 0x00, 0x0b, 0xf4, 0x0c, 0xf2, 0x00, 0x00, 0x0c, 0xf3, 0x0b, 0xf4, 0x00,
    0x00, 0x0e, 0xf1, 0x05, 0xfa, 0x00, 0x00, 0x4f, 0xb0, 0x00, 0xef, 0x50, 0x01, 0xdf, 0x40, 0x00,
    0x4f, 0xfd, 0xcf, 0xf9, 0x00, 0x00, 0x02, 0xad, 0xeb, 0x60, 0x00, 0x3f, 0xff, 0xff, 0xda, 0x20,
    0x03, 0xfd, 0x88, 0x9c, 0xff, 0x30, 0x3f, 0xb0, 0x00, 0x07, 0xfd, 0x03, 0xfb, 0x00, 0x00, 0x0e,
    0xf1, 0x3f, 0xb0, 0x00, 0x00, 0xcf, 0x23, 0xfb, 0x00, 0x00, 0x0e, 0xf0, 0x3f, 0xb0, 0x00, 0x04,
    0xfc, 0x03, 0xfb, 0x00, 0x26, 0xef, 0x30, 0x3f, 0xff, 0xff, 0xfd, 0x40, 0x03, 0xfd, 0x88, 0x63,
    0x00, 0x00, 0x3f, 0xb0, 0x00, 0x00, 0x00, 0x03, 0xfb, 0x00, 0x00, 0x00, 0x00, 0x3f, 0xb0, 0x00,
    0x00, 0x00, 0x03, 0xfb, 0x00, 0x00, 0x00, 0x00, 0x3f, 0xb0, 0x00, 0x00, 0x00, 0x00, 0x00, 0x02,
    0xad, 0xeb, 0x60, 0x00, 0x00, 0x4f, 0xfe, 0xdf, 0xf9, 0x00, 0x00, 0xef, 0x50, 0x01, 0xdf, 0x40,
    0x06, 0xfa, 0x00, 0x00, 0x4f, 0xc0, 0x0b, 0xf4, 0x00, 0x00, 0x0e, 0xf1, 0x0e, 0xf1, 0x00, 0x00,
    0x0b, 0xf4, 0x0f, 0xf0, 0x00, 0x00, 0x0a, 0xf5, 0x0f, 0xf0, 0x00, 0x00, 0x09, 0xf6, 0x0e, 0xf0,
    0x00, 0x00, 0x0a, 0xf5, 0x0c, 0xf2, 0x00, 0x00, 0x0b, 0xf4, 0x0b, 0xf4, 0x06, 0xf1, 0x0e, 0xf1,
    0x05, 0xfa, 0x00, 0xe7, 0x3f, 0xd0, 0x00, 0xef, 0x50, 0x7e, 0xdf, 0x50, 0x00, 0x4f, 0xfd, 0xcf,
    0xfa, 0x00, 0x00, 0x02, 0xad, 0xff, 0xf2, 0x00, 0x00, 0x00, 0x00, 0x04, 0xfa, 0x00, 0x00, 0x00,
    0x00, 0x00, 0xcf, 0x20, 0x00, 0x00, 0x00, 0x00, 0x12, 0x00, 0x3f, 0xff, 0xff, 0xd9, 0x20, 0x03,
    0xfd, 0x88, 0x9d, 0xff, 0x30, 0x3f, 0xb0, 0x00, 0x08, 0xfc, 0x03, 0xfb, 0x00, 0x00, 0x0f, 0xf0,
    0x3f, 0xb0, 0x00, 0x00, 0xef, 0x03, 0xfb, 0x00, 0x00, 0x1f, 0xe0, 0x3f, 0xb0, 0x00, 0x0a, 0xf8,
    0x03, 0xfd, 0x78, 0xae, 0xfb, 0x00, 0x3f, 0xff, 0xff, 0xe5, 0x00, 0x03, 0xfb, 0x00, 0xdf, 0x30,
    0x00, 0x3f, 0xb0, 0x04, 0xfc, 0x00, 0x03, 0xfb, 0x00, 0x0b, 0xf7, 0x00, 0x3f, 0xb0, 0x00, 0x2f,
    0xf1, 0x03, 0xfb, 0x00, 0x00, 0x9f, 0xa0, 0x3f, 0xb0, 0x00, 0x01, 0xff, 0x40, 0x00, 0x4b, 0xdf,
    0xeb, 0x40, 0x00, 0x7f, 0xfb, 0xac, 0xff, 0x50, 0x1f, 0xe1, 0x00, 0x04, 0xff, 0x04, 0xfa, 0x00,
    0x00, 0x0c, 0xf2, 0x3f, 0xd0, 0x00, 0x00, 0x00, 0x00, 0xdf, 0xb2, 0x00, 0x00, 0x00, 0x03, 0xef,
    0xfb, 0x40, 0x00, 0x00, 0x01, 0x9f, 0xff, 0xd4, 0x00, 0x00, 0x00, 0x17, 0xdf, 0xf6, 0x00, 0x00,
    0x00, 0x00, 0x7f, 0xf1, 0x57, 0x00, 0x00, 0x00, 0xcf, 0x4c, 0xf3, 0x00, 0x00, 0x0c, 0xf3, 0x8f,
    0xc1, 0x00, 0x04, 0xfe, 0x00, 0xcf, 0xfb, 0xac, 0xff, 0x40, 0x00, 0x7c, 0xef, 0xd9, 0x20, 0x00,
    0xcf, 0xff, 0xff, 0xff, 0xff, 0x38, 0xaa, 0xae, 0xfb, 0xaa, 0xa2, 0x00, 0x00, 0xcf, 0x20, 0x00,
    0x00, 0x00, 0x0c, 0xf2, 0x00, 0x00, 0x00, 0x00, 0xcf, 0x20, 0x00, 0x00, 0x00, 0x0c, 0xf2, 0x00,
    0x00, 0x00, 0x00, 0xcf, 0x20, 0x00, 0x00, 0x00, 0x0c, 0xf2, 0x00, 0x00, 0x00, 0x00, 0xcf, 0x20,
    0x00, 0x00, 0x00, 0x0c, 0xf2, 0x00, 0x00, 0x00, 0x00, 0xcf, 0x20, 0x00, 0x00, 0x00, 0x0c, 0xf2,
    0x00, 0x00, 0x00, 0x00, 0xcf, 0x20, 0x00, 0x00, 0x00, 0x0c, 0xf2, 0x00, 0x00, 0x00, 0x00, 0xcf,
    0x20, 0x00, 0x00, 0x7f, 0x70, 0x00, 0x01, 0xfd, 0x7f, 0x70, 0x00, 0x01, 0xfd, 0x7f, 0x70, 0x00,
    0x01, 0xfd, 0x7f, 0x70, 0x00, 0x01, 0xfd, 0x7f, 0x70, 0x00, 0x01, 0xfd, 0x7f, 0x70, 0x00, 0x01,
    0xfd, 0x7f, 0x70, 0x00, 0x01, 0xfd, 0x7f, 0x70, 0x00, 0x01, 0xfd, 0x7f, 0x70, 0x00, 0x01, 0xfd,
    0x7f, 0x70, 0x00, 0x01, 0xfd, 0x6f, 0x80, 0x00, 0x02, 0xfc, 0x4f, 0xa0, 0x00, 0x04, 0xfa, 0x1f,
    0xf3, 0x00, 0x0c, 0xf6, 0x07, 0xff, 0xcb, 0xef, 0xc0, 0x00, 0x4b, 0xef, 0xc8, 0x00, 0x0f, 0xf0,
    0x00, 0x00, 0x08, 0xf6, 0x0c, 0xf4, 0x00, 0x00, 0x0c, 0xf2, 0x07, 0xf8, 0x00, 0x00, 0x1f, 0xd0,
    0x02, 0xfd, 0x00, 0x00, 0x5f, 0x80, 0x00, 0xef, 0x10, 0x00, 0xaf, 0x40, 0x00, 0x9f, 0x50, 0x00,
    0xef, 0x00, 0x00, 0x4f, 0xa0, 0x03, 0xfa, 0x00, 0x00, 0x0f, 0xe0, 0x07, 0xf6, 0x00, 0x00, 0x0b,
    0xf3, 0x0b, 0xf1, 0x00, 0x00, 0x06, 0xf7, 0x0f, 0xc0, 0x00, 0x00, 0x02, 0xfc, 0x4f, 0x80, 0x00,
    0x00, 0x00, 0xdf, 0xaf, 0x30, 0x00, 0x00, 0x00, 0x8f, 0xfe, 0x00, 0x00, 0x00, 0x00, 0x4f, 0xfa,
    0x00, 0x00, 0x00, 0x00, 0x0f, 0xf5, 0x00, 0x00, 0xaf, 0x30, 0x00, 0x00, 0x00, 0xcf, 0x07, 0xf5,
    0x00, 0x00, 0x00, 0x0e, 0xd0, 0x5f, 0x70, 0x00, 0x00, 0x00, 0xfa, 0x02, 0xfa, 0x00, 0x8f, 0x10,
    0x3f, 0x80, 0x0f, 0xc0, 0x0c, 0xf5, 0x05, 0xf6, 0x00, 0xde, 0x00, 0xff, 0x80, 0x7f, 0x30, 0x0b,
    0xf1, 0x2f, 0xab, 0x0a, 0xf1, 0x00, 0x8f, 0x36, 0xc7, 0xe0, 0xce, 0x00, 0x06, 0xf5, 0x99, 0x3f,
    0x1e, 0xc0, 0x00, 0x3f, 0x8c, 0x60, 0xf5, 0xf9, 0x00, 0x01, 0xfa, 0xf2, 0x0d, 0xaf, 0x70, 0x00,
    0x0e, 0xff, 0x00, 0xaf, 0xf4, 0x00, 0x00, 0xcf, 0xb0, 0x07, 0xff, 0x20, 0x00, 0x09, 0xf8, 0x00,
    0x4f, 0xf0, 0x00, 0x00, 0x7f, 0x50, 0x01, 0xfd, 0x00, 0x00, 0x0c, 0xf5, 0x00, 0x00, 0x0e, 0xf2,
    0x03, 0xfe, 0x00, 0x00, 0x7f, 0x90, 0x00, 0xaf, 0x70, 0x01, 0xff, 0x10, 0x00, 0x2f, 0xf1, 0x09,
    0xf7, 0x00, 0x00, 0x08, 0xfa, 0x2f, 0xd0, 0x00, 0x00, 0x00, 0xef, 0xcf, 0x50, 0x00, 0x00, 0x00,
    0x6f, 0xfc, 0x00, 0x00, 0x00, 0x00, 0x1f, 0xf6, 0x00, 0x00, 0x00, 0x00, 0x9f, 0xfd, 0x00, 0x00,
    0x00, 0x02, 0xfd, 0xbf, 0x70, 0x00, 0x00, 0x0b, 0xf5, 0x2f, 0xf1, 0x00, 0x00, 0x4f, 0xc0, 0x09,
    0xf9, 0x00, 0x00, 0xdf, 0x40, 0x01, 0xef, 0x30, 0x06, 0xfb, 0x00, 0x00, 0x6f, 0xc0, 0x0e, 0xf2,
    0x00, 0x00, 0x0d, 0xf5, 0x1f, 0xf1, 0x00, 0x00, 0x07, 0xf7, 0x08, 0xf8, 0x00, 0x00, 0x1e, 0xe0,
    0x01, 0xef, 0x10, 0x00, 0x8f, 0x50, 0x00, 0x7f, 0x90, 0x01, 0xfd, 0x00, 0x00, 0x0e, 0xf1, 0x08,
    0xf4, 0x00, 0x00, 0x06, 0xf9, 0x1f, 0xb0, 0x00, 0x00, 0x00, 0xdf, 0xbf, 0x30, 0x00, 0x00, 0x00,
    0x4f, 0xfa, 0x00, 0x00, 0x00, 0x00, 0x0d, 0xf3, 0x00, 0x00, 0x00, 0x00, 0x0c, 0xf2, 0x00, 0x00,
    0x00, 0x00, 0x0c, 0xf2, 0x00, 0x00, 0x00, 0x00, 0x0c, 0xf2, 0x00, 0x00, 0x00, 0x00, 0x0c, 0xf2,
    0x00, 0x00, 0x00, 0x00, 0x0c, 0xf2, 0x00, 0x00, 0x00, 0x00, 0x0c, 0xf2, 0x00, 0x00, 0x9f, 0xff,
    0xff, 0xff, 0xf6, 0x59, 0x99, 0x99, 0x9f, 0xf5, 0x00, 0x00, 0x00, 0x4f, 0xc0, 0x00, 0x00, 0x00,
    0xdf, 0x40, 0x00, 0x00, 0x06, 0xfa, 0x00, 0x00, 0x00, 0x0e, 0xf2, 0x00, 0x00, 0x00, 0x8f, 0x80,
    0x00, 0x00, 0x02, 0xfe, 0x10, 0x00, 0x00, 0x0a, 0xf6, 0x00, 0x00, 0x00, 0x3f, 0xd0, 0x00, 0x00,
    0x00, 0xcf, 0x40, 0x00, 0x00, 0x06, 0xfb, 0x00, 0x00, 0x00, 0x0e, 0xf2, 0x00, 0x00, 0x00, 0x7f,
    0xea, 0xaa, 0xaa, 0xaa, 0x8f, 0xff, 0xff, 0xff, 0xff, 0x8f, 0xff, 0xff, 0xf0, 0x8f, 0xa7, 0x77,
    0x70, 0x8f, 0x50, 0x00, 0x00, 0x8f, 0x50, 0x00, 0x00, 0x8f, 0x50, 0x00, 0x00, 0x8f, 0x50, 0x00,
    0x00, 0x8f, 0x50, 0x00, 0x00, 0x8f, 0x50, 0x00, 0x00, 0x8f, 0x50, 0x00, 0x00, 0x8f, 0x50, 0x00,
    0x00, 0x8f, 0x50, 0x00, 0x00, 0x8f, 0x50, 0x00, 0x00, 0x8f, 0x50, 0x00, 0x00, 0x8f, 0x50, 0x00,
    0x00, 0x8f, 0x50, 0x00, 0x00, 0x8f, 0x50, 0x00, 0x00, 0x8f, 0x50, 0x00, 0x00, 0x8f, 0x50, 0x00,
    0x00, 0x8f, 0xa7, 0x77, 0x70, 0x8f, 0xff, 0xff, 0xf0, 0x0d, 0xf2, 0x00, 0x00, 0x00, 0x07, 0xf9,
    0x00, 0x00, 0x00, 0x01, 0xff, 0x00, 0x00, 0x00, 0x00, 0x9f, 0x60, 0x00, 0x00, 0x00, 0x3f, 0xd0,
    0x00, 0x00, 0x00, 0x0c, 0xf3, 0x00, 0x00, 0x00, 0x05, 0xfa, 0x00, 0x00, 0x00, 0x00, 0xef, 0x10,
    0x00, 0x00, 0x00, 0x8f, 0x70, 0x00, 0x00, 0x00, 0x2f, 0xe0, 0x00, 0x00, 0x00, 0x0b, 0xf5, 0x00,
    0x00, 0x00, 0x04, 0xfb, 0x00, 0x00, 0x00, 0x00, 0xdf, 0x20, 0x00, 0x00, 0x00, 0x7f, 0x90, 0x00,
    0x00, 0x00, 0x1f, 0xf0, 0x00, 0x00, 0x00, 0x09, 0xf6, 0x00, 0x00, 0x00, 0x02, 0x96, 0xaf, 0xff,
    0xff, 0xe5, 0x77, 0x77, 0xfe, 0x00, 0x00, 0x0f, 0xe0, 0x00, 0x00, 0xfe, 0x00, 0x00, 0x0f, 0xe0,
    0x00, 0x00, 0xfe, 0x00, 0x00, 0x0f, 0xe0, 0x00, 0x00, 0xfe, 0x00, 0x00, 0x0f, 0xe0, 0x00, 0x00,
    0xfe, 0x00, 0x00, 0x0f, 0xe0, 0x00, 0x00, 0xfe, 0x00, 0x00, 0x0f, 0xe0, 0x00, 0x00, 0xfe, 0x00,
    0x00, 0x0f, 0xe0, 0x00, 0x00, 0xfe, 0x00, 0x00, 0x0f, 0xe0, 0x00, 0x00, 0xfe, 0x57, 0x77, 0x7f,
    0xea, 0xff, 0xff, 0xfe, 0x00, 0x00, 0xdf, 0x30, 0x00, 0x00, 0x00, 0x6f, 0xfc, 0x00, 0x00, 0x00,
    0x1e, 0xd8, 0xf6, 0x00, 0x00, 0x09, 0xf4, 0x0e, 0xe0, 0x00, 0x02, 0xfb, 0x00, 0x5f, 0x80, 0x00,
    0xbf, 0x20, 0x00, 0xcf, 0x20, 0x4f, 0x90, 0x00, 0x03, 0xfa, 0x0b, 0xe1, 0x00, 0x00, 0x0a, 0xf1,
    0x02, 0x00, 0x00, 0x00, 0x11, 0x00, 0x1f, 0xff, 0xff, 0xff, 0xff, 0xf7, 0x04, 0x44, 0x44, 0x44,
    0x44, 0x42, 0x23, 0x20, 0x00, 0x5f, 0xe0, 0x00, 0x0a, 0xf8, 0x00, 0x00, 0xdf, 0x20, 0x00, 0x3f,
    0xb0, 0x00, 0x07, 0xf4, 0x01, 0x8d, 0xff, 0xd6, 0x00, 0x00, 0xcf, 0xa6, 0x7d, 0xf6, 0x00, 0x3f,
    0x90, 0x00, 0x2f, 0xc0, 0x03, 0xa4, 0x00, 0x00, 0xfe, 0x00, 0x00, 0x00, 0x00, 0x0f, 0xe0, 0x00,
    0x08, 0xcf, 0xff, 0xfe, 0x00, 0x2e, 0xf6, 0x20, 0x0f, 0xe0, 0x08, 0xf6, 0x00, 0x00, 0xfe, 0x00,
    0x9f, 0x60, 0x00, 0x2f, 0xf0, 0x05, 0xff, 0xa7, 0xac, 0xef, 0xa1, 0x07, 0xdf, 0xc7, 0x05, 0xfe,
    0x10, 0x1f, 0xc0, 0x00, 0x00, 0x00, 0x01, 0xfc, 0x00, 0x00, 0x00, 0x00, 0x1f, 0xc0, 0x00, 0x00,
    0x00, 0x01, 0xfc, 0x00, 0x00, 0x00, 0x00, 0x1f, 0xc0, 0x00, 0x00, 0x00, 0x01, 0xfc, 0x19, 0xde,
    0xb2, 0x00, 0x1f, 0xdd, 0xca, 0xdf, 0xe2, 0x01, 0xff, 0x40, 0x00, 0xaf, 0x90, 0x1f, 0xc0, 0x00,
    0x01, 0xff, 0x01, 0xfc, 0x00, 0x00, 0x0d, 0xf1, 0x1f, 0xc0, 0x00, 0x00, 0xcf, 0x21, 0xfc, 0x00,
    0x00, 0x0d, 0xf1, 0x1f, 0xc0, 0x00, 0x01, 0xff, 0x01, 0xfe, 0x40, 0x00, 0xaf, 0x90, 0x1f, 0xde,
    0xca, 0xdf, 0xe2, 0x01, 0xf8, 0x1a, 0xde, 0xa2, 0x00, 0x00, 0x3a, 0xdf, 0xd9, 0x20, 0x00, 0x6f,
    0xfb, 0x9c, 0xff, 0x20, 0x1f, 0xe3, 0x00, 0x06, 0xfb, 0x08, 0xf7, 0x00, 0x00, 0x0c, 0xb0, 0xaf,
    0x30, 0x00, 0x00, 0x00, 0x0c, 0xf2, 0x00, 0x00, 0x00, 0x00, 0xaf, 0x40, 0x00, 0x00, 0x00, 0x08,
    0xf7, 0x00, 0x00, 0x09, 0x80, 0x1f, 0xe2, 0x00, 0x07, 0xfa, 0x00, 0x6f, 0xfb, 0x9c, 0xfe, 0x20,
    0x00, 0x3b, 0xdf, 0xd8, 0x10, 0x00, 0x00, 0x00, 0x00, 0x06, 0xf7, 0x00, 0x00, 0x00, 0x06, 0xf7,
    0x00, 0x00, 0x00, 0x06, 0xf7, 0x00, 0x00, 0x00, 0x06, 0xf7, 0x00, 0x00, 0x00, 0x06, 0xf7, 0x00,
    0x8d, 0xeb, 0x46, 0xf7, 0x0a, 0xff, 0xbb, 0xeb, 0xf7, 0x3f, 0xe2, 0x00, 0x1c, 0xf7, 0x9f, 0x70,
    0x00, 0x06, 0xf7, 0xbf, 0x30, 0x00, 0x06, 0xf7, 0xcf, 0x20, 0x00, 0x06, 0xf7, 0xbf, 0x30, 0x00,
    0x06, 0xf7, 0x9f, 0x70, 0x00, 0x06, 0xf7, 0x3f, 0xe1, 0x00, 0x1c, 0xf7, 0x0b, 0xfe, 0xbb, 0xea,
    0xf7, 0x00, 0x8d, 0xeb, 0x32, 0xf7, 0x00, 0x3a, 0xdf, 0xd9, 0x10, 0x00, 0x6f, 0xfa, 0x9c, 0xfe,
    0x10, 0x2f, 0xe2, 0x00, 0x06, 0xfa, 0x08, 0xf6, 0x00, 0x00, 0x0e, 0xd0, 0xbf, 0xff, 0xff, 0xff,
    0xff, 0x0c, 0xf6, 0x44, 0x44, 0x44, 0x40, 0x9f, 0x40, 0x00, 0x00, 0x00, 0x07, 0xf8, 0x00, 0x00,
    0x05, 0x20, 0x1e, 0xf3, 0x00, 0x07, 0xfa, 0x00, 0x5f, 0xfb, 0x9d, 0xfe, 0x20, 0x00, 0x2a, 0xdf,
    0xd8, 0x10, 0x00, 0x00, 0x00, 0x00, 0x37, 0x99, 0x71, 0x00, 0x00, 0x08, 0xff, 0xff, 0xf3, 0x00,
    0x00, 0x3f, 0xd3, 0x01, 0x30, 0x00, 0x00, 0x8f, 0x50, 0x00, 0x00, 0x00, 0x00, 0xaf, 0x30, 0x00,
    0x00, 0x00, 0x00, 0xbf, 0x20, 0x00, 0x00, 0x0f, 0xff, 0xff, 0xff, 0xff, 0xd0, 0x08, 0x88, 0xef,
    0x98, 0x88, 0x70, 0x00, 0x00, 0xbf, 0x20, 0x00, 0x00, 0x00, 0x00, 0xbf, 0x20, 0x00, 0x00, 0x00,
    0x00, 0xbf, 0x20, 0x00, 0x00, 0x00, 0x00, 0xbf, 0x20, 0x00, 0x00, 0x00, 0x00, 0xbf, 0x20, 0x00,
    0x00, 0x00, 0x00, 0xbf, 0x20, 0x00, 0x00, 0x00, 0x00, 0xbf, 0x20, 0x00, 0x00, 0x03, 0x88, 0xdf,
    0x98, 0x86, 0x00, 0x07, 0xff, 0xff, 0xff, 0xfc, 0x00, 0x00, 0x8d, 0xeb, 0x42, 0xf7, 0x0b, 0xff,
    0xbb, 0xeb, 0xf7, 0x4f, 0xe1, 0x00, 0x1c, 0xf7, 0x9f, 0x60, 0x00, 0x06, 0xf7, 0xbf, 0x30, 0x00,
    0x06, 0xf7, 0xbf, 0x20, 0x00, 0x06, 0xf7, 0x9f, 0x60, 0x00, 0x06, 0xf7, 0x5f, 0xd1, 0x00, 0x1c,
    0xf7, 0x0c, 0xfe, 0xab, 0xeb, 0xf7, 0x00, 0x9d, 0xeb, 0x36, 0xf7, 0x00, 0x00, 0x00, 0x06, 0xf7,
    0x00, 0x00, 0x00, 0x08, 0xf5, 0x5f, 0xa0, 0x00, 0x0e, 0xf2, 0x1d, 0xfb, 0x77, 0xdf, 0x80, 0x01,
    0x8d, 0xfe, 0xc6, 0x00, 0x1f, 0xc0, 0x00, 0x00, 0x00, 0x1f, 0xc0, 0x00, 0x00, 0x00, 0x1f, 0xc0,
    0x00, 0x00, 0x00, 0x1f, 0xc0, 0x00, 0x00, 0x00, 0x1f, 0xc0, 0x00, 0x00, 0x00, 0x1f, 0xc0, 0x7d,
    0xfd, 0x50, 0x1f, 0xda, 0xea, 0xbf, 0xf2, 0x1f, 0xf8, 0x00, 0x0a, 0xf6, 0x1f, 0xc0, 0x00, 0x06,
    0xf7, 0x1f, 0xc0, 0x00, 0x06, 0xf7, 0x1f, 0xc0, 0x00, 0x06, 0xf7, 0x1f, 0xc0, 0x00, 0x06, 0xf7,
    0x1f, 0xc0, 0x00, 0x06, 0xf7, 0x1f, 0xc0, 0x00, 0x06, 0xf7, 0x1f, 0xc0, 0x00, 0x06, 0xf7, 0x1f,
    0xc0, 0x00, 0x06, 0xf7, 0x00, 0x03, 0xeb, 0x00, 0x00, 0x00, 0x07, 0xff, 0x10, 0x00, 0x00, 0x01,
    0x75, 0x00, 0x00, 0x00, 0x00, 0x00, 0x00, 0x00, 0x00, 0x00, 0x00, 0x00, 0x00, 0x6f, 0xff, 0xff,
    0x20, 0x00, 0x4b, 0xbb, 0xff, 0x20, 0x00, 0x00, 0x00, 0xcf, 0x20, 0x00, 0x00, 0x00, 0xcf, 0x20,
    0x00, 0x00, 0x00, 0xcf, 0x20, 0x00, 0x00, 0x00, 0xcf, 0x20, 0x00, 0x00, 0x00, 0xcf, 0x20, 0x00,
    0x00, 0x00, 0xcf, 0x20, 0x00, 0x00, 0x00, 0xcf, 0x20, 0x00, 0x38, 0x88, 0xef, 0x98, 0x86, 0x6f,
    0xff, 0xff, 0xff, 0xfc, 0x00, 0x00, 0x08, 0xe6, 0x00, 0x00, 0x0d, 0xfb, 0x00, 0x00, 0x03, 0x72,
    0x00, 0x00, 0x00, 0x00, 0x00, 0x00, 0x00, 0x00, 0x0f, 0xff, 0xff, 0xfc, 0x0b, 0xbb, 0xbc, 0xfc,
    0x00, 0x00, 0x01, 0xfc, 0x00, 0x00, 0x01, 0xfc, 0x00, 0x00, 0x01, 0xfc, 0x00, 0x00, 0x01, 0xfc,
    0x00, 0x00, 0x01, 0xfc, 0x00, 0x00, 0x01, 0xfc, 0x00, 0x00, 0x01, 0xfc, 0x00, 0x00, 0x01, 0xfc,
    0x00, 0x00, 0x01, 0xfc, 0x00, 0x00, 0x03, 0xfa, 0x00, 0x00, 0x0a, 0xf8, 0x6e, 0xcb, 0xdf, 0xf1,
    0x4c, 0xef, 0xeb, 0x30, 0x1f, 0xc0, 0x00, 0x00, 0x00, 0x01, 0xfc, 0x00, 0x00, 0x00, 0x00, 0x1f,
    0xc0, 0x00, 0x00, 0x00, 0x01, 0xfc, 0x00, 0x00, 0x00, 0x00, 0x1f, 0xc0, 0x00, 0x00, 0x00, 0x01,
    0xfc, 0x00, 0x00, 0x3f, 0xd1, 0x1f, 0xc0, 0x00, 0x1e, 0xf2, 0x01, 0xfc, 0x00, 0x0c, 0xf4, 0x00,
    0x1f, 0xc0, 0x0a, 0xf7, 0x00, 0x01, 0xfe, 0x8a, 0xf9, 0x00, 0x00, 0x1f, 0xff, 0xff, 0x80, 0x00,
    0x01, 0xfc, 0x01, 0xef, 0x50, 0x00, 0x1f, 0xc0, 0x03, 0xff, 0x20, 0x01, 0xfc, 0x00, 0x06, 0xfe,
    0x10, 0x1f, 0xc0, 0x00, 0x09, 0xfc, 0x01, 0xfc, 0x00, 0x00, 0x0c, 0xf9, 0x6f, 0xff, 0xff, 0x20,
    0x00, 0x4b, 0xbb, 0xef, 0x20, 0x00, 0x00, 0x00, 0xcf, 0x20, 0x00, 0x00, 0x00, 0xcf, 0x20, 0x00,
    0x00, 0x00, 0xcf, 0x20, 0x00, 0x00, 0x00, 0xcf, 0x20, 0x00, 0x00, 0x00, 0xcf, 0x20, 0x00, 0x00,
    0x00, 0xcf, 0x20, 0x00, 0x00, 0x00, 0xcf, 0x20, 0x00, 0x00, 0x00, 0xcf, 0x20, 0x00, 0x00, 0x00,
    0xcf, 0x20, 0x00, 0x00, 0x00, 0xcf, 0x20, 0x00, 0x00, 0x00, 0xcf, 0x20, 0x00, 0x00, 0x00, 0xcf,
    0x20, 0x00, 0x38, 0x88, 0xef, 0x98, 0x86, 0x6f, 0xff, 0xff, 0xff, 0xfc, 0x7f, 0x1b, 0xe7, 0x2b,
    0xe5, 0x7f, 0xbb, 0xff, 0xbb, 0xfc, 0x7f, 0x40, 0xbf, 0x20, 0xee, 0x7f, 0x30, 0xaf, 0x00, 0xde,
    0x7f, 0x30, 0xaf, 0x00, 0xde, 0x7f, 0x30, 0xaf, 0x00, 0xde, 0x7f, 0x30, 0xaf, 0x00, 0xde, 0x7f,
    0x30, 0xaf, 0x00, 0xde, 0x7f, 0x30, 0xaf, 0x00, 0xde, 0x7f, 0x30, 0xaf, 0x00, 0xde, 0x7f, 0x30,
    0xaf, 0x00, 0xde, 0x1f, 0x80, 0x7d, 0xfd, 0x50, 0x1f, 0xbb, 0xda, 0xbf, 0xf2, 0x1f, 0xf6, 0x00,
    0x0a, 0xf6, 0x1f, 0xc0, 0x00, 0x06, 0xf7, 0x1f, 0xc0, 0x00, 0x06, 0xf7, 0x1f, 0xc0, 0x00, 0x06,
    0xf7, 0x1f, 0xc0, 0x00, 0x06, 0xf7, 0x1f, 0xc0, 0x00, 0x06, 0xf7, 0x1f, 0xc0, 0x00, 0x06, 0xf7,
    0x1f, 0xc0, 0x00, 0x06, 0xf7, 0x1f, 0xc0, 0x00, 0x06, 0xf7, 0x00, 0x3a, 0xef, 0xc6, 0x00, 0x00,
    0x6f, 0xfb, 0xad, 0xfb, 0x00, 0x1f, 0xe2, 0x00, 0x0b, 0xf6, 0x07, 0xf7, 0x00, 0x00, 0x2f, 0xd0,
    0xaf, 0x40, 0x00, 0x00, 0xef, 0x0c, 0xf2, 0x00, 0x00, 0x0c, 0xf2, 0xaf, 0x30, 0x00, 0x00, 0xef,
    0x07, 0xf7, 0x00, 0x00, 0x1f, 0xe0, 0x1f, 0xe2, 0x00, 0x0a, 0xf7, 0x00, 0x6f, 0xfa, 0x9d, 0xfc,
    0x00, 0x00, 0x3b, 0xef, 0xc6, 0x00, 0x00, 0x1f, 0x81, 0x9d, 0xeb, 0x20, 0x01, 0xfc, 0xdc, 0xad,
    0xfe, 0x20, 0x1f, 0xf4, 0x00, 0x0a, 0xf9, 0x01, 0xfc, 0x00, 0x00, 0x1f, 0xf0, 0x1f, 0xc0, 0x00,
    0x00, 0xdf, 0x11, 0xfc, 0x00, 0x00, 0x0c, 0xf2, 0x1f, 0xc0, 0x00, 0x00, 0xdf, 0x11, 0xfc, 0x00,
    0x00, 0x1f, 0xf0, 0x1f, 0xe4, 0x00, 0x0a, 0xf9, 0x01, 0xfd, 0xdc, 0xad, 0xfe, 0x20, 0x1f, 0xc1,
    0x9d, 0xea, 0x20, 0x01, 0xfc, 0x00, 0x00, 0x00, 0x00, 0x1f, 0xc0, 0x00, 0x00, 0x00, 0x01, 0xfc,
    0x00, 0x00, 0x00, 0x00, 0x1a, 0x70, 0x00, 0x00, 0x00, 0x00, 0x00, 0x8d, 0xeb, 0x52, 0xf7, 0x0a,
    0xff, 0xbb, 0xfc, 0xf7, 0x3f, 0xe2, 0x00, 0x1c, 0xf7, 0x9f, 0x70, 0x00, 0x06, 0xf7, 0xbf, 0x30,
    0x00, 0x06, 0xf7, 0xcf, 0x20, 0x00, 0x06, 0xf7, 0xbf, 0x30, 0x00, 0x06, 0xf7, 0x9f, 0x70, 0x00,
    0x06, 0xf7, 0x3f, 0xe1, 0x00, 0x1c, 0xf7, 0x0b, 0xfe, 0xbb, 0xeb, 0xf7, 0x00, 0x8d, 0xeb, 0x36,
    0xf7, 0x00, 0x00, 0x00, 0x06, 0xf7, 0x00, 0x00, 0x00, 0x06, 0xf7, 0x00, 0x00, 0x00, 0x06, 0xf7,
    0x00, 0x00, 0x00, 0x04, 0xa5, 0x8f, 0xff, 0xc0, 0x4b, 0xef, 0x04, 0x88, 0xee, 0x8f, 0xfe, 0xd0,
    0x00, 0x0d, 0xfb, 0x40, 0x00, 0x00, 0x00, 0xdf, 0x00, 0x00, 0x00, 0x00, 0x0d, 0xf0, 0x00, 0x00,
    0x00, 0x00, 0xdf, 0x00, 0x00, 0x00, 0x00, 0x0d, 0xf0, 0x00, 0x00, 0x00, 0x00, 0xdf, 0x00, 0x00,
    0x00, 0x00, 0x0d, 0xf0, 0x00, 0x00, 0x04, 0x88, 0xef, 0x88, 0x85, 0x00, 0x8f, 0xff, 0xff, 0xff,
    0xa0, 0x00, 0x00, 0x7c, 0xef, 0xd9, 0x20, 0x0b, 0xfb, 0x77, 0xaf, 0xe1, 0x2f, 0xb0, 0x00, 0x06,
    0xf6, 0x2f, 0xc0, 0x00, 0x00, 0x31, 0x0c, 0xfe, 0xa6, 0x10, 0x00, 0x00, 0x8e, 0xff, 0xfd, 0x50,
    0x00, 0x00, 0x26, 0xbf, 0xf5, 0x36, 0x00, 0x00, 0x06, 0xfa, 0x7f, 0x70, 0x00, 0x06, 0xf8, 0x1d,
    0xfb, 0x77, 0xaf, 0xe2, 0x01, 0x8d, 0xff, 0xd9, 0x20, 0x00, 0x00, 0x32, 0x00, 0x00, 0x00, 0x00,
    0x0f, 0xd0, 0x00, 0x00, 0x00, 0x00, 0xfd, 0x00, 0x00, 0x00, 0x00, 0x0f, 0xd0, 0x00, 0x00, 0x0f,
    0xff, 0xff, 0xff, 0xff, 0x80, 0x88, 0x8f, 0xe8, 0x88, 0x84, 0x00, 0x00, 0xfd, 0x00, 0x00, 0x00,
    0x00, 0x0f, 0xd0, 0x00, 0x00, 0x00, 0x00, 0xfd, 0x00, 0x00, 0x00, 0x00, 0x0f, 0xd0, 0x00, 0x00,
    0x00, 0x00, 0xfd, 0x00, 0x00, 0x00, 0x00, 0x0f, 0xf0, 0x00, 0x00, 0x00, 0x00, 0xdf, 0x50, 0x00,
    0x00, 0x00, 0x06, 0xff, 0xcb, 0xdc, 0x00, 0x00, 0x06, 0xde, 0xfd, 0x90, 0x1f, 0xc0, 0x00, 0x06,
    0xf7, 0x1f, 0xc0, 0x00, 0x06, 0xf7, 0x1f, 0xc0, 0x00, 0x06, 0xf7, 0x1f, 0xc0, 0x00, 0x06, 0xf7,
    0x1f, 0xc0, 0x00, 0x06, 0xf7, 0x1f, 0xc0, 0x00, 0x06, 0xf7, 0x1f, 0xc0, 0x00, 0x06, 0xf7, 0x1f,
    0xc0, 0x00, 0x06, 0xf7, 0x0f, 0xf1, 0x00, 0x2d, 0xf7, 0x0c, 0xfd, 0x9b, 0xe8, 0xf7, 0x02, 0xbf,
    0xea, 0x22, 0xf7, 0xdf, 0x30, 0x00, 0x00, 0xaf, 0x37, 0xf9, 0x00, 0x00, 0x0f, 0xc0, 0x1f, 0xe0,
    0x00, 0x06, 0xf6, 0x00, 0xaf, 0x40, 0x00, 0xcf, 0x10, 0x04, 0xfa, 0x00, 0x2f, 0xa0, 0x00, 0x0e,
    0xf1, 0x07, 0xf4, 0x00, 0x00, 0x8f, 0x60, 0xdd, 0x00, 0x00, 0x02, 0xfc, 0x3f, 0x70, 0x00, 0x00,
    0x0b, 0xfb, 0xf1, 0x00, 0x00, 0x00, 0x5f, 0xfb, 0x00, 0x00, 0x00, 0x00, 0xef, 0x50, 0x00, 0x00,
    0xaf, 0x20, 0x00, 0x00, 0x00, 0xbf, 0x06, 0xf5, 0x00, 0x00, 0x00, 0x0e, 0xc0, 0x3f, 0x90, 0x07,
    0xf1, 0x01, 0xf9, 0x00, 0xfc, 0x00, 0xcf, 0x50, 0x5f, 0x50, 0x0c, 0xf0, 0x1f, 0xd9, 0x08, 0xf2,
    0x00, 0x8f, 0x25, 0xd7, 0xd0, 0xbe, 0x00, 0x04, 0xf5, 0xa8, 0x3f, 0x2e, 0xa0, 0x00, 0x1f, 0x9e,
    0x40, 0xe8, 0xf7, 0x00, 0x00, 0xdf, 0xf0, 0x0a, 0xff, 0x30, 0x00, 0x0a, 0xfa, 0x00, 0x6f, 0xf0,
    0x00, 0x00, 0x6f, 0x60, 0x02, 0xfc, 0x00, 0x00, 0x0a, 0xfa, 0x00, 0x00, 0x2f, 0xe1, 0x00, 0xdf,
    0x60, 0x00, 0xcf, 0x40, 0x00, 0x3f, 0xf2, 0x08, 0xf8, 0x00, 0x00, 0x06, 0xfd, 0x5f, 0xc0, 0x00,
    0x00, 0x00, 0xaf, 0xfe, 0x10, 0x00, 0x00, 0x00, 0x2f, 0xf8, 0x00, 0x00, 0x00, 0x00, 0xcf, 0xff,
    0x30, 0x00, 0x00, 0x08, 0xf8, 0x6f, 0xd0, 0x00, 0x00, 0x5f, 0xc0, 0x0a, 0xfa, 0x00, 0x02, 0xef,
    0x20, 0x00, 0xdf, 0x60, 0x0c, 0xf6, 0x00, 0x00, 0x2f, 0xf3, 0x0e, 0xf2, 0x00, 0x00, 0x09, 0xf4,
    0x07, 0xf8, 0x00, 0x00, 0x0f, 0xe0, 0x01, 0xfe, 0x00, 0x00, 0x5f, 0x80, 0x00, 0xaf, 0x50, 0x00,
    0xbf, 0x20, 0x00, 0x3f, 0xc0, 0x01, 0xfc, 0x00, 0x00, 0x0c, 0xf3, 0x06, 0xf6, 0x00, 0x00, 0x06,
    0xf9, 0x0c, 0xf1, 0x00, 0x00, 0x00, 0xef, 0x3f, 0xa0, 0x00, 0x00, 0x00, 0x8f, 0xdf, 0x40, 0x00,
    0x00, 0x00, 0x2f, 0xfe, 0x00, 0x00, 0x00, 0x00, 0x0b, 0xf8, 0x00, 0x00, 0x00, 0x00, 0x0c, 0xf1,
    0x00, 0x00, 0x00, 0x00, 0x7f, 0x90, 0x00, 0x00, 0x09, 0xbd, 0xfc, 0x00, 0x00, 0x00, 0x0b, 0xfd,
    0x80, 0x00, 0x00, 0x00, 0x4f, 0xff, 0xff, 0xff, 0xf4, 0x28, 0x88, 0x88, 0xcf, 0xe1, 0x00, 0x00,
    0x01, 0xef, 0x40, 0x00, 0x00, 0x0b, 0xf9, 0x00, 0x00, 0x00, 0x6f, 0xd0, 0x00, 0x00, 0x02, 0xff,
    0x20, 0x00, 0x00, 0x0d, 0xf6, 0x00, 0x00, 0x00, 0x9f, 0xb0, 0x00, 0x00, 0x04, 0xfe, 0x10, 0x00,
    0x00, 0x1e, 0xfb, 0x88, 0x88, 0x85, 0x4f, 0xff, 0xff, 0xff, 0xfa, 0x00, 0x00, 0x19, 0xdf, 0xff,
    0x00, 0x00, 0x0c, 0xfd, 0x87, 0x70, 0x00, 0x01, 0xff, 0x10, 0x00, 0x00, 0x00, 0x0f, 0xd0, 0x00,
    0x00, 0x00, 0x00, 0xef, 0x00, 0x00, 0x00, 0x00, 0x0a, 0xf2, 0x00, 0x00, 0x00, 0x00, 0x9f, 0x40,
    0x00, 0x00, 0x00, 0x0d, 0xf3, 0x00, 0x00, 0x02, 0x4c, 0xfb, 0x00, 0x00, 0x0a, 0xff, 0xd7, 0x00,
    0x00, 0x00, 0x9f, 0xff, 0xa1, 0x00, 0x00, 0x00, 0x02, 0xaf, 0xd0, 0x00, 0x00, 0x00, 0x00, 0xcf,
    0x30, 0x00, 0x00, 0x00, 0x09, 0xf4, 0x00, 0x00, 0x00, 0x00, 0xaf, 0x20, 0x00, 0x00, 0x00, 0x0e,
    0xf0, 0x00, 0x00, 0x00, 0x00, 0xfd, 0x00, 0x00, 0x00, 0x00, 0x1f, 0xf1, 0x00, 0x00, 0x00, 0x00,
    0xbf, 0xd8, 0x77, 0x00, 0x00, 0x01, 0x9d, 0xff, 0xf0, 0xcf, 0x2c, 0xf2, 0xcf, 0x2c, 0xf2, 0xcf,
    0x2c, 0xf2, 0xcf, 0x2c, 0xf2, 0xcf, 0x2c, 0xf2, 0xcf, 0x2c, 0xf2, 0xcf, 0x2c, 0xf2, 0xcf, 0x2c,
    0xf2, 0xcf, 0x2c, 0xf2, 0xcf, 0x2c, 0xf2, 0xaf, 0xfe, 0xc3, 0x00, 0x00, 0x05, 0x77, 0xbf, 0xf2,
    0x00, 0x00, 0x00, 0x00, 0xaf, 0x60, 0x00, 0x00, 0x00, 0x07, 0xf6, 0x00, 0x00, 0x00, 0x00, 0x9f,
    0x40, 0x00, 0x00, 0x00, 0x0c, 0xf0, 0x00, 0x00, 0x00, 0x00, 0xef, 0x00, 0x00, 0x00, 0x00, 0x0d,
    0xf3, 0x00, 0x00, 0x00, 0x00, 0x5f, 0xe7, 0x21, 0x00, 0x00, 0x00, 0x4b, 0xff, 0xf0, 0x00, 0x00,
    0x06, 0xdf, 0xfe, 0x00, 0x00, 0x07, 0xfd, 0x50, 0x00, 0x00, 0x00, 0xdf, 0x30, 0x00, 0x00, 0x00,
    0x0e, 0xf0, 0x00, 0x00, 0x00, 0x00, 0xcf, 0x00, 0x00, 0x00, 0x00, 0x09, 0xf4, 0x00, 0x00, 0x00,
    0x00, 0x7f, 0x60, 0x00, 0x00, 0x00, 0x0a, 0xf6, 0x00, 0x00, 0x57, 0x7b, 0xff, 0x20, 0x00, 0x0a,
    0xff, 0xec, 0x30, 0x00, 0x00, 0x02, 0xa9, 0x30, 0x00, 0x35, 0x0d, 0xff, 0xf4, 0x00, 0xad, 0x4f,
    0x72, 0xbf, 0x42, 0xfa, 0x7f, 0x00, 0x0c, 0xff, 0xf4, 0x36, 0x00, 0x01, 0x7b, 0x50,
};

static const lv_font_fmt_txt_glyph_dsc_t catnip_font_20_dsc[] = {
    {.bitmap_index = 0, .adv_w = 0, .box_w = 0, .box_h = 0, .ofs_x = 0, .ofs_y = 0},
    {.bitmap_index = 0, .adv_w = 198, .box_w = 0, .box_h = 0, .ofs_x = 0, .ofs_y = 0},
    {.bitmap_index = 0, .adv_w = 198, .box_w = 4, .box_h = 15, .ofs_x = 4, .ofs_y = 0},
    {.bitmap_index = 30, .adv_w = 198, .box_w = 8, .box_h = 7, .ofs_x = 2, .ofs_y = 8},
    {.bitmap_index = 58, .adv_w = 198, .box_w = 12, .box_h = 17, .ofs_x = 0, .ofs_y = -2},
    {.bitmap_index = 160, .adv_w = 198, .box_w = 11, .box_h = 21, .ofs_x = 1, .ofs_y = -3},
    {.bitmap_index = 276, .adv_w = 198, .box_w = 12, .box_h = 15, .ofs_x = 0, .ofs_y = 0},
    {.bitmap_index = 366, .adv_w = 198, .box_w = 12, .box_h = 15, .ofs_x = 0, .ofs_y = 0},
    {.bitmap_index = 456, .adv_w = 198, .box_w = 3, .box_h = 7, .ofs_x = 5, .ofs_y = 8},
    {.bitmap_index = 467, .adv_w = 198, .box_w = 8, .box_h = 20, .ofs_x = 3, .ofs_y = -4},
    {.bitmap_index = 547, .adv_w = 198, .box_w = 7, .box_h = 20, .ofs_x = 2, .ofs_y = -4},
    {.bitmap_index = 617, .adv_w = 198, .box_w = 12, .box_h = 10, .ofs_x = 0, .ofs_y = 2},
    {.bitmap_index = 677, .adv_w = 198, .box_w = 10, .box_h = 10, .ofs_x = 1, .ofs_y = 2},
    {.bitmap_index = 727, .adv_w = 198, .box_w = 5, .box_h = 8, .ofs_x = 4, .ofs_y = -5},
    {.bitmap_index = 747, .adv_w = 198, .box_w = 8, .box_h = 2, .ofs_x = 2, .ofs_y = 6},
    {.bitmap_index = 755, .adv_w = 198, .box_w = 5, .box_h = 4, .ofs_x = 4, .ofs_y = -1},
    {.bitmap_index = 765, .adv_w = 198, .box_w = 10, .box_h = 17, .ofs_x = 1, .ofs_y = -2},
    {.bitmap_index = 850, .adv_w = 198, .box_w = 12, .box_h = 15, .ofs_x = 0, .ofs_y = 0},
    {.bitmap_index = 940, .adv_w = 198, .box_w = 11, .box_h = 15, .ofs_x = 1, .ofs_y = 0},
    {.bitmap_index = 1023, .adv_w = 198, .box_w = 10, .box_h = 15, .ofs_x = 1, .ofs_y = 0},
    {.bitmap_index = 1098, .adv_w = 198, .box_w = 10, .box_h = 15, .ofs_x = 1, .ofs_y = 0},
    {.bitmap_index = 1173, .adv_w = 198, .box_w = 12, .box_h = 15, .ofs_x = 0, .ofs_y = 0},
    {.bitmap_index = 1263, .adv_w = 198, .box_w = 10, .box_h = 15, .ofs_x = 1, .ofs_y = 0},
    {.bitmap_index = 1338, .adv_w = 198, .box_w = 11, .box_h = 15, .ofs_x = 1, .ofs_y = 0},
    {.bitmap_index = 1421, .adv_w = 198, .box_w = 10, .box_h = 15, .ofs_x = 1, .ofs_y = 0},
    {.bitmap_index = 1496, .adv_w = 198, .box_w = 11, .box_h = 15, .ofs_x = 1, .ofs_y = 0},
    {.bitmap_index = 1579, .adv_w = 198, .box_w = 11, .box_h = 15, .ofs_x = 1, .ofs_y = 0},
    {.bitmap_index = 1662, .adv_w = 198, .box_w = 5, .box_h = 12, .ofs_x = 4, .ofs_y = -1},
    {.bitmap_index = 1692, .adv_w = 198, .box_w = 5, .box_h = 16, .ofs_x = 4, .ofs_y = -5},
    {.bitmap_index = 1732, .adv_w = 198, .box_w = 10, .box_h = 13, .ofs_x = 1, .ofs_y = 0},
    {.bitmap_index = 1797, .adv_w = 198, .box_w = 10, .box_h = 7, .ofs_x = 1, .ofs_y = 3},
    {.bitmap_index = 1832, .adv_w = 198, .box_w = 9, .box_h = 13, .ofs_x = 2, .ofs_y = 0},
    {.bitmap_index = 1891, .adv_w = 198, .box_w = 10, .box_h = 15, .ofs_x = 1, .ofs_y = 0},
    {.bitmap_index = 1966, .adv_w = 198, .box_w = 12, .box_h = 19, .ofs_x = 0, .ofs_y = -4},
    {.bitmap_index = 2080, .adv_w = 198, .box_w = 12, .box_h = 15, .ofs_x = 0, .ofs_y = 0},
    {.bitmap_index = 2170, .adv_w = 198, .box_w = 11, .box_h = 15, .ofs_x = 1, .ofs_y = 0},
    {.bitmap_index = 2253, .adv_w = 198, .box_w = 11, .box_h = 15, .ofs_x = 1, .ofs_y = 0},
    {.bitmap_index = 2336, .adv_w = 198, .box_w = 11, .box_h = 15, .ofs_x = 1, .ofs_y = 0},
    {.bitmap_index = 2419, .adv_w = 198, .box_w = 10, .box_h = 15, .ofs_x = 1, .ofs_y = 0},
    {.bitmap_index = 2494, .adv_w = 198, .box_w = 10, .box_h = 15, .ofs_x = 1, .ofs_y = 0},
    {.bitmap_index = 2569, .adv_w = 198, .box_w = 11, .box_h = 15, .ofs_x = 1, .ofs_y = 0},
    {.bitmap_index = 2652, .adv_w = 198, .box_w = 10, .box_h = 15, .ofs_x = 1, .ofs_y = 0},
    {.bitmap_index = 2727, .adv_w = 198, .box_w = 10, .box_h = 15, .ofs_x = 1, .ofs_y = 0},
    {.bitmap_index = 2802, .adv_w = 198, .box_w = 10, .box_h = 15, .ofs_x = 1, .ofs_y = 0},
    {.bitmap_index = 2877, .adv_w = 198, .box_w = 11, .box_h = 15, .ofs_x = 1, .ofs_y = 0},
    {.bitmap_index = 2960, .adv_w = 198, .box_w = 10, .box_h = 15, .ofs_x = 2, .ofs_y = 0},
    {.bitmap_index = 3035, .adv_w = 198, .box_w = 10, .box_h = 15, .ofs_x = 1, .ofs_y = 0},
    {.bitmap_index = 3110, .adv_w = 198, .box_w = 10, .box_h = 15, .ofs_x = 1, .ofs_y = 0},
    {.bitmap_index = 3185, .adv_w = 198, .box_w = 12, .box_h = 15, .ofs_x = 0, .ofs_y = 0},
    {.bitmap_index = 3275, .adv_w = 198, .box_w = 11, .box_h = 15, .ofs_x = 1, .ofs_y = 0},
    {.bitmap_index = 3358, .adv_w = 198, .box_w = 12, .box_h = 18, .ofs_x = 0, .ofs_y = -3},
    {.bitmap_index = 3466, .adv_w = 198, .box_w = 11, .box_h = 15, .ofs_x = 1, .ofs_y = 0},
    {.bitmap_index = 3549, .adv_w = 198, .box_w = 11, .box_h = 15, .ofs_x = 1, .ofs_y = 0},
    {.bitmap_index = 3632, .adv_w = 198, .box_w = 11, .box_h = 15, .ofs_x = 1, .ofs_y = 0},
    {.bitmap_index = 3715, .adv_w = 198, .box_w = 10, .box_h = 15, .ofs_x = 1, .ofs_y = 0},
    {.bitmap_index = 3790, .adv_w = 198, .box_w = 12, .box_h = 15, .ofs_x = 0, .ofs_y = 0},
    {.bitmap_index = 3880, .adv_w = 198, .box_w = 13, .box_h = 15, .ofs_x = 0, .ofs_y = 0},
    {.bitmap_index = 3978, .adv_w = 198, .box_w = 12, .box_h = 15, .ofs_x = 0, .ofs_y = 0},
    {.bitmap_index = 4068, .adv_w = 198, .box_w = 12, .box_h = 15, .ofs_x = 0, .ofs_y = 0},
    {.bitmap_index = 4158, .adv_w = 198, .box_w = 10, .box_h = 15, .ofs_x = 1, .ofs_y = 0},
    {.bitmap_index = 4233, .adv_w = 198, .box_w = 8, .box_h = 20, .ofs_x = 3, .ofs_y = -4},
    {.bitmap_index = 4313, .adv_w = 198, .box_w = 10, .box_h = 17, .ofs_x = 1, .ofs_y = -2},
    {.bitmap_index = 4398, .adv_w = 198, .box_w = 7, .box_h = 20, .ofs_x = 2, .ofs_y = -4},
    {.bitmap_index = 4468, .adv_w = 198, .box_w = 11, .box_h = 9, .ofs_x = 1, .ofs_y = 7},
    {.bitmap_index = 4518, .adv_w = 198, .box_w = 12, .box_h = 2, .ofs_x = 0, .ofs_y = -4},
    {.bitmap_index = 4530, .adv_w = 198, .box_w = 6, .box_h = 6, .ofs_x = 3, .ofs_y = 11},
    {.bitmap_index = 4548, .adv_w = 198, .box_w = 11, .box_h = 11, .ofs_x = 1, .ofs_y = 0},
    {.bitmap_index = 4609, .adv_w = 198, .box_w = 11, .box_h = 16, .ofs_x = 1, .ofs_y = 0},
    {.bitmap_index = 4697, .adv_w = 198, .box_w = 11, .box_h = 11, .ofs_x = 1, .ofs_y = 0},
    {.bitmap_index = 4758, .adv_w = 198, .box_w = 10, .box_h = 16, .ofs_x = 1, .ofs_y = 0},
    {.bitmap_index = 4838, .adv_w = 198, .box_w = 11, .box_h = 11, .ofs_x = 1, .ofs_y = 0},
    {.bitmap_index = 4899, .adv_w = 198, .box_w = 12, .box_h = 17, .ofs_x = 0, .ofs_y = 0},
    {.bitmap_index = 5001, .adv_w = 198, .box_w = 10, .box_h = 15, .ofs_x = 1, .ofs_y = -4},
    {.bitmap_index = 5076, .adv_w = 198, .box_w = 10, .box_h = 16, .ofs_x = 1, .ofs_y = 0},
    {.bitmap_index = 5156, .adv_w = 198, .box_w = 10, .box_h = 16, .ofs_x = 1, .ofs_y = 0},
    {.bitmap_index = 5236, .adv_w = 198, .box_w = 8, .box_h = 20, .ofs_x = 1, .ofs_y = -4},
    {.bitmap_index = 5316, .adv_w = 198, .box_w = 11, .box_h = 16, .ofs_x = 1, .ofs_y = 0},
    {.bitmap_index = 5404, .adv_w = 198, .box_w = 10, .box_h = 16, .ofs_x = 1, .ofs_y = 0},
    {.bitmap_index = 5484, .adv_w = 198, .box_w = 10, .box_h = 11, .ofs_x = 1, .ofs_y = 0},
    {.bitmap_index = 5539, .adv_w = 198, .box_w = 10, .box_h = 11, .ofs_x = 1, .ofs_y = 0},
    {.bitmap_index = 5594, .adv_w = 198, .box_w = 11, .box_h = 11, .ofs_x = 1, .ofs_y = 0},
    {.bitmap_index = 5655, .adv_w = 198, .box_w = 11, .box_h = 15, .ofs_x = 1, .ofs_y = -4},
    {.bitmap_index = 5738, .adv_w = 198, .box_w = 10, .box_h = 15, .ofs_x = 1, .ofs_y = -4},
    {.bitmap_index = 5813, .adv_w = 198, .box_w = 11, .box_h = 11, .ofs_x = 1, .ofs_y = 0},
    {.bitmap_index = 5874, .adv_w = 198, .box_w = 10, .box_h = 11, .ofs_x = 1, .ofs_y = 0},
    {.bitmap_index = 5929, .adv_w = 198, .box_w = 11, .box_h = 15, .ofs_x = 0, .ofs_y = 0},
    {.bitmap_index = 6012, .adv_w = 198, .box_w = 10, .box_h = 11, .ofs_x = 1, .ofs_y = 0},
    {.bitmap_index = 6067, .adv_w = 198, .box_w = 11, .box_h = 11, .ofs_x = 1, .ofs_y = 0},
    {.bitmap_index = 6128, .adv_w = 198, .box_w = 13, .box_h = 11, .ofs_x = 0, .ofs_y = 0},
    {.bitmap_index = 6200, .adv_w = 198, .box_w = 12, .box_h = 11, .ofs_x = 0, .ofs_y = 0},
    {.bitmap_index = 6266, .adv_w = 198, .box_w = 12, .box_h = 15, .ofs_x = 0, .ofs_y = -4},
    {.bitmap_index = 6356, .adv_w = 198, .box_w = 10, .box_h = 11, .ofs_x = 1, .ofs_y = 0},
    {.bitmap_index = 6411, .adv_w = 198, .box_w = 11, .box_h = 20, .ofs_x = 1, .ofs_y = -4},
    {.bitmap_index = 6521, .adv_w = 198, .box_w = 3, .box_h = 20, .ofs_x = 5, .ofs_y = -4},
    {.bitmap_index = 6551, .adv_w = 198, .box_w = 11, .box_h = 20, .ofs_x = 1, .ofs_y = -4},
    {.bitmap_index = 6661, .adv_w = 198, .box_w = 10, .box_h = 5, .ofs_x = 1, .ofs_y = 4}
};

static const lv_font_fmt_txt_cmap_t catnip_font_20_cmaps[] = {
    {
        .range_start = 32, .range_length = 95, .glyph_id_start = 1,
        .unicode_list = NULL, .glyph_id_ofs_list = NULL, .list_length = 0,
        .type = LV_FONT_FMT_TXT_CMAP_FORMAT0_TINY
    }
};

static const lv_font_fmt_txt_dsc_t catnip_font_20_font_dsc = {
    .glyph_bitmap = catnip_font_20_bitmap,
    .glyph_dsc = catnip_font_20_dsc,
    .cmaps = catnip_font_20_cmaps,
    /* No kerning. The face is monospaced, so every pair is already the
     * same width apart; a kerning table would be a list of zeroes with
     * a lookup in front of it. */
    .kern_dsc = NULL,
    .kern_scale = 0,
    .cmap_num = 1,
    .bpp = 4,
    .kern_classes = 0,
    .bitmap_format = 0,
};

const lv_font_t catnip_font_20 = {
    .get_glyph_dsc = lv_font_get_glyph_dsc_fmt_txt,
    .get_glyph_bitmap = lv_font_get_bitmap_fmt_txt,
    .line_height = 23,
    .base_line = 4,
    .subpx = LV_FONT_SUBPX_NONE,
    .underline_position = -1,
    .underline_thickness = 1,
    .dsc = &catnip_font_20_font_dsc,
};

/* ---- catnip_font_24: 24 px, 95 glyphs ---------------------------------- */

static LV_ATTRIBUTE_LARGE_CONST const uint8_t catnip_font_24_bitmap[] = {
    0x0c, 0xf9, 0x00, 0xbf, 0x90, 0x0b, 0xf9, 0x00, 0xbf, 0x80, 0x0a, 0xf8, 0x00, 0xaf, 0x80, 0x09,
    0xf7, 0x00, 0x9f, 0x70, 0x09, 0xf7, 0x00, 0x8f, 0x60, 0x05, 0xa4, 0x00, 0x00, 0x00, 0x00, 0x00,
    0x00, 0x00, 0x00, 0x03, 0x73, 0x03, 0xff, 0xf2, 0x5f, 0xff, 0x40, 0xae, 0x90, 0xff, 0x40, 0x00,
    0x7f, 0xce, 0xf4, 0x00, 0x06, 0xfc, 0xef, 0x30, 0x00, 0x6f, 0xcd, 0xf3, 0x00, 0x05, 0xfb, 0xdf,
    0x30, 0x00, 0x5f, 0xbd, 0xf2, 0x00, 0x05, 0xfa, 0xcf, 0x20, 0x00, 0x4f, 0xac, 0xf1, 0x00, 0x04,
    0xfa, 0x00, 0x00, 0x4f, 0xb0, 0x00, 0xbf, 0x40, 0x00, 0x00, 0x06, 0xf9, 0x00, 0x0d, 0xf2, 0x00,
    0x00, 0x00, 0x8f, 0x70, 0x00, 0xff, 0x00, 0x00, 0x00, 0x0a, 0xf5, 0x00, 0x1f, 0xe0, 0x00, 0x00,
    0x00, 0xcf, 0x30, 0x03, 0xfc, 0x00, 0x00, 0x4f, 0xff, 0xff, 0xff, 0xff, 0xff, 0xf0, 0x04, 0xff,
    0xff, 0xff, 0xff, 0xff, 0xff, 0x00, 0x00, 0x1f, 0xe0, 0x00, 0x8f, 0x70, 0x00, 0x00, 0x03, 0xfd,
    0x00, 0x0a, 0xf6, 0x00, 0x00, 0x00, 0x5f, 0xb0, 0x00, 0xbf, 0x40, 0x00, 0x00, 0x06, 0xf9, 0x00,
    0x0d, 0xf2, 0x00, 0x00, 0x00, 0x8f, 0x70, 0x00, 0xff, 0x10, 0x00, 0x00, 0x0a, 0xf6, 0x00, 0x1f,
    0xf0, 0x00, 0x02, 0xff, 0xff, 0xff, 0xff, 0xff, 0xff, 0x20, 0x2f, 0xff, 0xff, 0xff, 0xff, 0xff,
    0xf2, 0x00, 0x00, 0xff, 0x00, 0x06, 0xfa, 0x00, 0x00, 0x00, 0x1f, 0xe0, 0x00, 0x8f, 0x80, 0x00,
    0x00, 0x03, 0xfd, 0x00, 0x0a, 0xf6, 0x00, 0x00, 0x00, 0x4f, 0xb0, 0x00, 0xbf, 0x40, 0x00, 0x00,
    0x06, 0xf9, 0x00, 0x0d, 0xf2, 0x00, 0x00, 0x00, 0x12, 0x10, 0x00, 0x22, 0x00, 0x00, 0x00, 0x00,
    0x00, 0x02, 0x62, 0x00, 0x00, 0x00, 0x00, 0x00, 0x6f, 0x60, 0x00, 0x00, 0x00, 0x00, 0x06, 0xf6,
    0x00, 0x00, 0x00, 0x00, 0x00, 0x6f, 0x60, 0x00, 0x00, 0x00, 0x06, 0xbf, 0xff, 0xd9, 0x10, 0x00,
    0x0c, 0xff, 0xff, 0xff, 0xff, 0x40, 0x08, 0xff, 0x65, 0xf5, 0x3d, 0xfe, 0x00, 0xdf, 0x80, 0x4f,
    0x50, 0x2f, 0xf4, 0x0f, 0xf5, 0x04, 0xf5, 0x00, 0xbc, 0x50, 0xdf, 0xa0, 0x4f, 0x50, 0x00, 0x00,
    0x08, 0xff, 0x96, 0xf5, 0x00, 0x00, 0x00, 0x0c, 0xff, 0xff, 0x60, 0x00, 0x00, 0x00, 0x09, 0xff,
    0xff, 0xb4, 0x00, 0x00, 0x00, 0x02, 0xaf, 0xff, 0xfa, 0x10, 0x00, 0x00, 0x04, 0xfa, 0xef, 0xfb,
    0x00, 0x00, 0x00, 0x4f, 0x50, 0xaf, 0xf5, 0x24, 0x30, 0x04, 0xf5, 0x00, 0xef, 0x8a, 0xfb, 0x00,
    0x4f, 0x50, 0x0d, 0xf8, 0x6f, 0xf2, 0x04, 0xf5, 0x02, 0xff, 0x50, 0xef, 0xe4, 0x5f, 0x54, 0xdf,
    0xd0, 0x04, 0xef, 0xff, 0xff, 0xff, 0xd3, 0x00, 0x01, 0x8c, 0xff, 0xfb, 0x70, 0x00, 0x00, 0x00,
    0x06, 0xf6, 0x00, 0x00, 0x00, 0x00, 0x00, 0x6f, 0x60, 0x00, 0x00, 0x00, 0x00, 0x06, 0xf6, 0x00,
    0x00, 0x00, 0x00, 0x00, 0x26, 0x20, 0x00, 0x00, 0x01, 0xae, 0xd5, 0x00, 0x00, 0x0e, 0xa0, 0x0a,
    0xe6, 0x9f, 0x30, 0x00, 0x7f, 0x20, 0x0f, 0x90, 0x0f, 0x80, 0x01, 0xea, 0x00, 0x0f, 0x80, 0x0f,
    0x90, 0x08, 0xf2, 0x00, 0x0b, 0xd2, 0x6f, 0x50, 0x1f, 0x90, 0x00, 0x02, 0xdf, 0xf9, 0x00, 0x8f,
    0x10, 0x00, 0x00, 0x02, 0x10, 0x01, 0xf8, 0x00, 0x00, 0x00, 0x00, 0x00, 0x09, 0xf1, 0x00, 0x00,
    0x00, 0x00, 0x00, 0x2f, 0x70, 0x00, 0x00, 0x00, 0x00, 0x00, 0xae, 0x00, 0x00, 0x00, 0x00, 0x00,
    0x02, 0xf7, 0x00, 0x00, 0x00, 0x00, 0x00, 0x0b, 0xe0, 0x00, 0x12, 0x00, 0x00, 0x00, 0x3f, 0x60,
    0x0b, 0xff, 0xc1, 0x00, 0x00, 0xbd, 0x00, 0x7f, 0x43, 0xe9, 0x00, 0x04, 0xf5, 0x00, 0xbc, 0x00,
    0xad, 0x00, 0x0c, 0xd0, 0x00, 0xad, 0x00, 0xbc, 0x00, 0x4f, 0x50, 0x00, 0x5f, 0x76, 0xf7, 0x00,
    0xdc, 0x00, 0x00, 0x07, 0xee, 0x80, 0x00, 0x06, 0xce, 0xec, 0x50, 0x00, 0x00, 0x00, 0xaf, 0xfe,
    0xef, 0xf8, 0x00, 0x00, 0x03, 0xff, 0x60, 0x07, 0xff, 0x20, 0x00, 0x07, 0xfd, 0x00, 0x00, 0xcb,
    0x30, 0x00, 0x07, 0xfd, 0x00, 0x00, 0x00, 0x00, 0x00, 0x04, 0xff, 0x10, 0x00, 0x00, 0x00, 0x00,
    0x00, 0xff, 0x90, 0x00, 0x00, 0x00, 0x00, 0x00, 0x7f, 0xf4, 0x00, 0x00, 0x00, 0x00, 0x00, 0x2f,
    0xfe, 0x10, 0x06, 0xff, 0xf1, 0x04, 0xff, 0xef, 0xb0, 0x06, 0xff, 0xe1, 0x2f, 0xf4, 0x4f, 0xf8,
    0x08, 0xf5, 0x00, 0x9f, 0xb0, 0x06, 0xff, 0x5a, 0xf3, 0x00, 0xdf, 0x70, 0x00, 0x9f, 0xfe, 0xf0,
    0x00, 0xef, 0x70, 0x00, 0x0b, 0xff, 0xb0, 0x00, 0xcf, 0xc0, 0x00, 0x01, 0xff, 0xb0, 0x00, 0x7f,
    0xf9, 0x10, 0x3b, 0xff, 0xf7, 0x00, 0x0c, 0xff, 0xff, 0xff, 0xa6, 0xff, 0x40, 0x00, 0x7c, 0xef,
    0xc6, 0x00, 0xaf, 0xe1, 0xbf, 0x8a, 0xf8, 0xaf, 0x89, 0xf7, 0x9f, 0x79, 0xf6, 0x8f, 0x68, 0xf6,
    0x00, 0x00, 0x04, 0xfd, 0x20, 0x00, 0x05, 0xfd, 0x10, 0x00, 0x03, 0xfe, 0x10, 0x00, 0x01, 0xef,
    0x50, 0x00, 0x00, 0xbf, 0x90, 0x00, 0x00, 0x2f, 0xf1, 0x00, 0x00, 0x09, 0xfa, 0x00, 0x00, 0x00,
    0xff, 0x40, 0x00, 0x00, 0x4f, 0xf0, 0x00, 0x00, 0x07, 0xfe, 0x00, 0x00, 0x00, 0x9f, 0xc0, 0x00,
    0x00, 0x0a, 0xfa, 0x00, 0x00, 0x00, 0xaf, 0xa0, 0x00, 0x00, 0x09, 0xfc, 0x00, 0x00, 0x00, 0x7f,
    0xe0, 0x00, 0x00, 0x04, 0xff, 0x00, 0x00, 0x00, 0x0f, 0xf4, 0x00, 0x00, 0x00, 0x9f, 0xa0, 0x00,
    0x00, 0x02, 0xff, 0x10, 0x00, 0x00, 0x0b, 0xf9, 0x00, 0x00, 0x00, 0x1e, 0xf4, 0x00, 0x00, 0x00,
    0x3f, 0xe1, 0x00, 0x00, 0x00, 0x5f, 0xd1, 0x00, 0x00, 0x00, 0x4f, 0xd2, 0x3e, 0xe2, 0x00, 0x00,
    0x00, 0x3e, 0xe3, 0x00, 0x00, 0x00, 0x3f, 0xe2, 0x00, 0x00, 0x00, 0x7f, 0xc0, 0x00, 0x00, 0x00,
    0xbf, 0x80, 0x00, 0x00, 0x03, 0xff, 0x00, 0x00, 0x00, 0x0d, 0xf6, 0x00, 0x00, 0x00, 0x6f, 0xd0,
    0x00, 0x00, 0x02, 0xff, 0x10, 0x00, 0x00, 0x1f, 0xf5, 0x00, 0x00, 0x00, 0xff, 0x60, 0x00, 0x00,
    0x0d, 0xf7, 0x00, 0x00, 0x00, 0xdf, 0x70, 0x00, 0x00, 0x0f, 0xf6, 0x00, 0x00, 0x01, 0xff, 0x50,
    0x00, 0x00, 0x2f, 0xf1, 0x00, 0x00, 0x06, 0xfd, 0x00, 0x00, 0x00, 0xdf, 0x70, 0x00, 0x00, 0x3f,
    0xf1, 0x00, 0x00, 0x0b, 0xf8, 0x00, 0x00, 0x07, 0xfc, 0x00, 0x00, 0x03, 0xff, 0x20, 0x00, 0x03,
    0xee, 0x30, 0x00, 0x03, 0xee, 0x20, 0x00, 0x00, 0x00, 0x00, 0x0b, 0xf9, 0x00, 0x00, 0x00, 0x00,
    0x00, 0xaf, 0x80, 0x00, 0x00, 0x00, 0x00, 0x09, 0xf7, 0x00, 0x00, 0x03, 0x82, 0x00, 0x8f, 0x60,
    0x03, 0x91, 0x9f, 0xfc, 0x58, 0xf6, 0x6d, 0xff, 0x67, 0xcf, 0xff, 0xff, 0xff, 0xff, 0xc5, 0x00,
    0x14, 0x9f, 0xff, 0x84, 0x00, 0x00, 0x00, 0x0a, 0xff, 0xf8, 0x00, 0x00, 0x00, 0x07, 0xfe, 0x2f,
    0xf5, 0x00, 0x00, 0x05, 0xff, 0x40, 0x7f, 0xf3, 0x00, 0x00, 0xef, 0xa0, 0x00, 0xcf, 0xc0, 0x00,
    0x02, 0xc1, 0x00, 0x02, 0xb1, 0x00, 0x00, 0x00, 0x07, 0xb5, 0x00, 0x00, 0x00, 0x00, 0x00, 0x9f,
    0x70, 0x00, 0x00, 0x00, 0x00, 0x09, 0xf7, 0x00, 0x00, 0x00, 0x00, 0x00, 0x9f, 0x70, 0x00, 0x00,
    0x00, 0x00, 0x09, 0xf7, 0x00, 0x00, 0x03, 0xff, 0xff, 0xff, 0xff, 0xff, 0xf1, 0x3f, 0xff, 0xff,
    0xff, 0xff, 0xff, 0x10, 0x00, 0x00, 0x9f, 0x70, 0x00, 0x00, 0x00, 0x00, 0x09, 0xf7, 0x00, 0x00,
    0x00, 0x00, 0x00, 0x9f, 0x70, 0x00, 0x00, 0x00, 0x00, 0x09, 0xf7, 0x00, 0x00, 0x00, 0x00, 0x00,
    0x7c, 0x60, 0x00, 0x00, 0x2c, 0xfb, 0x1a, 0xff, 0xf9, 0xbf, 0xff, 0xc5, 0xff, 0xfc, 0x01, 0x6f,
    0x90, 0x09, 0xf3, 0x04, 0xfa, 0x04, 0xfd, 0x00, 0xad, 0x10, 0x00, 0x00, 0x00, 0x6f, 0xff, 0xff,
    0xff, 0x46, 0xff, 0xff, 0xff, 0xf4, 0x2c, 0xfb, 0x0a, 0xff, 0xf7, 0xbf, 0xff, 0x95, 0xff, 0xf3,
    0x02, 0x41, 0x00, 0x00, 0x00, 0x00, 0x00, 0x1f, 0xf5, 0x00, 0x00, 0x00, 0x00, 0x8f, 0xe0, 0x00,
    0x00, 0x00, 0x00, 0xef, 0x80, 0x00, 0x00, 0x00, 0x05, 0xff, 0x10, 0x00, 0x00, 0x00, 0x0c, 0xfa,
    0x00, 0x00, 0x00, 0x00, 0x2f, 0xf4, 0x00, 0x00, 0x00, 0x00, 0x9f, 0xd0, 0x00, 0x00, 0x00, 0x00,
    0xff, 0x60, 0x00, 0x00, 0x00, 0x06, 0xff, 0x00, 0x00, 0x00, 0x00, 0x0d, 0xf9, 0x00, 0x00, 0x00,
    0x00, 0x4f, 0xf2, 0x00, 0x00, 0x00, 0x00, 0xaf, 0xc0, 0x00, 0x00, 0x00, 0x01, 0xff, 0x50, 0x00,
    0x00, 0x00, 0x08, 0xfe, 0x00, 0x00, 0x00, 0x00, 0x0e, 0xf8, 0x00, 0x00, 0x00, 0x00, 0x5f, 0xf1,
    0x00, 0x00, 0x00, 0x00, 0xcf, 0xa0, 0x00, 0x00, 0x00, 0x02, 0xff, 0x40, 0x00, 0x00, 0x00, 0x09,
    0xfd, 0x00, 0x00, 0x00, 0x00, 0x0e, 0xe6, 0x00, 0x00, 0x00, 0x00, 0x00, 0x00, 0x00, 0x00, 0x00,
    0x00, 0x00, 0x00, 0x5b, 0xff, 0xfb, 0x30, 0x00, 0x00, 0x9f, 0xff, 0xff, 0xff, 0x60, 0x00, 0x6f,
    0xfa, 0x30, 0x3c, 0xff, 0x30, 0x0e, 0xfb, 0x00, 0x00, 0x0c, 0xfc, 0x04, 0xff, 0x30, 0x00, 0x00,
    0x5f, 0xf1, 0x8f, 0xe0, 0x00, 0x00, 0x01, 0xff, 0x5a, 0xfc, 0x00, 0x00, 0x00, 0x0e, 0xf8, 0xcf,
    0xa0, 0x04, 0xb3, 0x00, 0xdf, 0x9d, 0xf9, 0x00, 0xcf, 0xa0, 0x0c, 0xfa, 0xdf, 0xa0, 0x0c, 0xfa,
    0x00, 0xcf, 0xac, 0xfa, 0x00, 0x4b, 0x30, 0x0d, 0xf9, 0xaf, 0xc0, 0x00, 0x00, 0x00, 0xef, 0x87,
    0xfe, 0x00, 0x00, 0x00, 0x1f, 0xf5, 0x3f, 0xf3, 0x00, 0x00, 0x05, 0xff, 0x10, 0xdf, 0xb0, 0x00,
    0x01, 0xdf, 0xb0, 0x05, 0xff, 0xb4, 0x14, 0xcf, 0xf2, 0x00, 0x07, 0xff, 0xff, 0xff, 0xf5, 0x00,
    0x00, 0x04, 0xae, 0xfe, 0xa2, 0x00, 0x00, 0x00, 0x00, 0xcf, 0xb0, 0x00, 0x00, 0x00, 0x04, 0xff,
    0xb0, 0x00, 0x00, 0x00, 0x3f, 0xff, 0xb0, 0x00, 0x00, 0x39, 0xff, 0xff, 0xb0, 0x00, 0x00, 0x8f,
    0xfa, 0xaf, 0xb0, 0x00, 0x00, 0x8d, 0x60, 0x9f, 0xb0, 0x00, 0x00, 0x00, 0x00, 0x9f, 0xb0, 0x00,
    0x00, 0x00, 0x00, 0x9f, 0xb0, 0x00, 0x00, 0x00, 0x00, 0x9f, 0xb0, 0x00, 0x00, 0x00, 0x00, 0x9f,
    0xb0, 0x00, 0x00, 0x00, 0x00, 0x9f, 0xb0, 0x00, 0x00, 0x00, 0x00, 0x9f, 0xb0, 0x00, 0x00, 0x00,
    0x00, 0x9f, 0xb0, 0x00, 0x00, 0x00, 0x00, 0x9f, 0xb0, 0x00, 0x00, 0x00, 0x00, 0x9f, 0xb0, 0x00,
    0x00, 0x00, 0x00, 0x9f, 0xb0, 0x00, 0x00, 0xff, 0xff, 0xff, 0xff, 0xff, 0xf4, 0xff, 0xff, 0xff,
    0xff, 0xff, 0xf4, 0x00, 0x18, 0xcf, 0xec, 0x91, 0x00, 0x00, 0x2f, 0xff, 0xff, 0xff, 0xf4, 0x00,
    0x0d, 0xfd, 0x40, 0x03, 0xcf, 0xe0, 0x02, 0xff, 0x30, 0x00, 0x01, 0xff, 0x40, 0x4e, 0xe0, 0x00,
    0x00, 0x0e, 0xf7, 0x00, 0x00, 0x00, 0x00, 0x00, 0xff, 0x60, 0x00, 0x00, 0x00, 0x00, 0x3f, 0xf3,
    0x00, 0x00, 0x00, 0x00, 0x0c, 0xfd, 0x00, 0x00, 0x00, 0x00, 0x2d, 0xff, 0x40, 0x00, 0x00, 0x00,
    0x8f, 0xff, 0x50, 0x00, 0x00, 0x03, 0xdf, 0xfc, 0x20, 0x00, 0x00, 0x04, 0xff, 0xe6, 0x00, 0x00,
    0x00, 0x03, 0xff, 0xb1, 0x00, 0x00, 0x00, 0x00, 0xcf, 0xb0, 0x00, 0x00, 0x00, 0x00, 0x3f, 0xf2,
    0x00, 0x00, 0x00, 0x00, 0x05, 0xfd, 0x00, 0x00, 0x00, 0x00, 0x00, 0x7f, 0xff, 0xff, 0xff, 0xff,
    0xff, 0x17, 0xff, 0xff, 0xff, 0xff, 0xff, 0xf1, 0x00, 0x06, 0xce, 0xfd, 0xa3, 0x00, 0x00, 0x0d,
    0xff, 0xff, 0xff, 0xf8, 0x00, 0x09, 0xff, 0x60, 0x02, 0xbf, 0xf3, 0x00, 0xef, 0x70, 0x00, 0x00,
    0xef, 0x70, 0x1d, 0xe1, 0x00, 0x00, 0x0a, 0xfa, 0x00, 0x00, 0x00, 0x00, 0x00, 0xcf, 0x80, 0x00,
    0x00, 0x00, 0x00, 0x4f, 0xf3, 0x00, 0x00, 0x00, 0x03, 0x8f, 0xf7, 0x00, 0x00, 0x00, 0x5f, 0xff,
    0xb3, 0x00, 0x00, 0x00, 0x04, 0xef, 0xff, 0xc3, 0x00, 0x00, 0x00, 0x00, 0x04, 0xcf, 0xf4, 0x00,
    0x00, 0x00, 0x00, 0x00, 0xcf, 0xd0, 0x02, 0x20, 0x00, 0x00, 0x06, 0xff, 0x17, 0xfe, 0x00, 0x00,
    0x00, 0x4f, 0xf1, 0x4f, 0xf4, 0x00, 0x00, 0x09, 0xfe, 0x00, 0xdf, 0xe5, 0x10, 0x18, 0xff, 0x80,
    0x02, 0xef, 0xff, 0xff, 0xff, 0xb0, 0x00, 0x00, 0x7c, 0xef, 0xdb, 0x40, 0x00, 0x00, 0x00, 0x00,
    0x03, 0xff, 0x80, 0x00, 0x00, 0x00, 0x00, 0xdf, 0xf8, 0x00, 0x00, 0x00, 0x00, 0xaf, 0xff, 0x80,
    0x00, 0x00, 0x00, 0x5f, 0xec, 0xf8, 0x00, 0x00, 0x00, 0x2f, 0xf4, 0xbf, 0x80, 0x00, 0x00, 0x0c,
    0xf9, 0x0b, 0xf8, 0x00, 0x00, 0x08, 0xfd, 0x00, 0xbf, 0x80, 0x00, 0x04, 0xff, 0x20, 0x0b, 0xf8,
    0x00, 0x01, 0xef, 0x60, 0x00, 0xbf, 0x80, 0x00, 0xbf, 0xb0, 0x00, 0x0b, 0xf8, 0x00, 0x6f, 0xe1,
    0x00, 0x00, 0xbf, 0x80, 0x0c, 0xff, 0xdd, 0xdd, 0xdf, 0xff, 0xf8, 0xcf, 0xff, 0xff, 0xff, 0xff,
    0xff, 0x80, 0x00, 0x00, 0x00, 0x0b, 0xf8, 0x00, 0x00, 0x00, 0x00, 0x00, 0xbf, 0x80, 0x00, 0x00,
    0x00, 0x00, 0x0b, 0xf8, 0x00, 0x00, 0x00, 0x00, 0x00, 0xbf, 0x80, 0x00, 0x00, 0x00, 0x00, 0x0b,
    0xf8, 0x00, 0x02, 0xff, 0xff, 0xff, 0xff, 0xf3, 0x00, 0x4f, 0xff, 0xff, 0xff, 0xff, 0x30, 0x06,
    0xfa, 0x00, 0x00, 0x00, 0x00, 0x00, 0x8f, 0x80, 0x00, 0x00, 0x00, 0x00, 0x0a, 0xf6, 0x00, 0x00,
    0x00, 0x00, 0x00, 0xcf, 0x40, 0x00, 0x00, 0x00, 0x00, 0x0e, 0xf3, 0x26, 0x88, 0x51, 0x00, 0x00,
    0xff, 0xbf, 0xff, 0xff, 0xe5, 0x00, 0x1f, 0xff, 0x73, 0x03, 0xbf, 0xf2, 0x00, 0x69, 0x20, 0x00,
    0x00, 0xdf, 0xb0, 0x00, 0x00, 0x00, 0x00, 0x06, 0xff, 0x00, 0x00, 0x00, 0x00, 0x00, 0x4f, 0xf1,
    0x24, 0x40, 0x00, 0x00, 0x03, 0xff, 0x16, 0xfe, 0x00, 0x00, 0x00, 0x6f, 0xf0, 0x3f, 0xf4, 0x00,
    0x00, 0x0c, 0xfc, 0x00, 0xcf, 0xe5, 0x00, 0x2a, 0xff, 0x30, 0x02, 0xef, 0xff, 0xff, 0xff, 0x70,
    0x00, 0x00, 0x8c, 0xef, 0xca, 0x20, 0x00, 0x00, 0x03, 0x9c, 0xfe, 0xc5, 0x00, 0x00, 0x06, 0xff,
    0xff, 0xff, 0xfb, 0x00, 0x03, 0xff, 0xc2, 0x00, 0x7f, 0xf7, 0x00, 0xcf, 0xc0, 0x00, 0x00, 0x9f,
    0xc0, 0x2f, 0xf5, 0x00, 0x00, 0x03, 0xb9, 0x05, 0xff, 0x10, 0x00, 0x00, 0x00, 0x00, 0x8f, 0xe0,
    0x00, 0x00, 0x00, 0x00, 0x09, 0xfc, 0x05, 0xbe, 0xfd, 0x91, 0x00, 0xaf, 0xda, 0xfe, 0xbc, 0xff,
    0xe2, 0x0a, 0xff, 0xe4, 0x00, 0x02, 0xef, 0xb0, 0x9f, 0xe1, 0x00, 0x00, 0x05, 0xff, 0x18, 0xff,
    0x00, 0x00, 0x00, 0x1f, 0xf3, 0x5f, 0xf1, 0x00, 0x00, 0x01, 0xff, 0x41, 0xff, 0x50, 0x00, 0x00,
    0x3f, 0xf2, 0x0c, 0xfc, 0x00, 0x00, 0x0a, 0xff, 0x00, 0x4f, 0xfa, 0x20, 0x29, 0xff, 0x70, 0x00,
    0x7f, 0xff, 0xff, 0xff, 0xa0, 0x00, 0x00, 0x4a, 0xef, 0xda, 0x40, 0x00, 0x2f, 0xff, 0xff, 0xff,
    0xff, 0xff, 0x02, 0xff, 0xff, 0xff, 0xff, 0xff, 0xf0, 0x00, 0x00, 0x00, 0x00, 0x0a, 0xfb, 0x00,
    0x00, 0x00, 0x00, 0x00, 0xff, 0x60, 0x00, 0x00, 0x00, 0x00, 0x5f, 0xf0, 0x00, 0x00, 0x00, 0x00,
    0x0b, 0xfa, 0x00, 0x00, 0x00, 0x00, 0x01, 0xff, 0x40, 0x00, 0x00, 0x00, 0x00, 0x7f, 0xe0, 0x00,
    0x00, 0x00, 0x00, 0x0d, 0xf9, 0x00, 0x00, 0x00, 0x00, 0x03, 0xff, 0x30, 0x00, 0x00, 0x00, 0x00,
    0x8f, 0xd0, 0x00, 0x00, 0x00, 0x00, 0x0e, 0xf7, 0x00, 0x00, 0x00, 0x00, 0x04, 0xff, 0x20, 0x00,
    0x00, 0x00, 0x00, 0xaf, 0xc0, 0x00, 0x00, 0x00, 0x00, 0x0f, 0xf6, 0x00, 0x00, 0x00, 0x00, 0x06,
    0xff, 0x10, 0x00, 0x00, 0x00, 0x00, 0xbf, 0xa0, 0x00, 0x00, 0x00, 0x00, 0x1f, 0xf5, 0x00, 0x00,
    0x00, 0x00, 0x05, 0xbe, 0xfd, 0xb5, 0x00, 0x00, 0x0c, 0xff, 0xff, 0xff, 0xfb, 0x00, 0x09, 0xff,
    0x50, 0x01, 0x7f, 0xf7, 0x00, 0xdf, 0x60, 0x00, 0x00, 0x8f, 0xb0, 0x0f, 0xf4, 0x00, 0x00, 0x04,
    0xfe, 0x00, 0xef, 0x80, 0x00, 0x00, 0x6f, 0xc0, 0x08, 0xff, 0x60, 0x00, 0x1e, 0xf5, 0x00, 0x0b,
    0xff, 0xd6, 0x5e, 0xf8, 0x00, 0x00, 0x09, 0xff, 0xff, 0xf7, 0x00, 0x00, 0x07, 0xfe, 0x8d, 0xff,
    0xf9, 0x00, 0x09, 0xfc, 0x10, 0x04, 0xcf, 0xf9, 0x03, 0xff, 0x10, 0x00, 0x00, 0x9f, 0xf2, 0x8f,
    0xc0, 0x00, 0x00, 0x01, 0xff, 0x69, 0xfb, 0x00, 0x00, 0x00, 0x0f, 0xf7, 0x6f, 0xf1, 0x00, 0x00,
    0x04, 0xff, 0x42, 0xff, 0xd5, 0x00, 0x16, 0xef, 0xd0, 0x05, 0xff, 0xff, 0xff, 0xff, 0xd2, 0x00,
    0x01, 0x8c, 0xef, 0xdb, 0x60, 0x00, 0x00, 0x06, 0xbd, 0xfe, 0xa2, 0x00, 0x00, 0x1b, 0xff, 0xff,
    0xff, 0xf5, 0x00, 0x09, 0xff, 0x81, 0x03, 0xcf, 0xf2, 0x01, 0xff, 0x70, 0x00, 0x00, 0xef, 0x90,
    0x4f, 0xf1, 0x00, 0x00, 0x08, 0xfe, 0x07, 0xfe, 0x00, 0x00, 0x00, 0x3f, 0xf2, 0x6f, 0xf0, 0x00,
    0x00, 0x01, 0xff, 0x53, 0xff, 0x30, 0x00, 0x00, 0x2f, 0xf6, 0x0d, 0xfc, 0x10, 0x00, 0x5f, 0xff,
    0x70, 0x4f, 0xff, 0xcb, 0xef, 0x9e, 0xf7, 0x00, 0x2a, 0xdf, 0xeb, 0x40, 0xff, 0x60, 0x00, 0x00,
    0x00, 0x00, 0x0f, 0xf5, 0x00, 0x00, 0x00, 0x00, 0x03, 0xff, 0x31, 0xab, 0x10, 0x00, 0x00, 0x7f,
    0xf0, 0x0e, 0xf6, 0x00, 0x00, 0x1e, 0xf9, 0x00, 0xaf, 0xf5, 0x00, 0x3d, 0xff, 0x10, 0x00, 0xdf,
    0xff, 0xff, 0xff, 0x40, 0x00, 0x00, 0x7c, 0xee, 0xc9, 0x20, 0x00, 0x01, 0x41, 0x04, 0xff, 0xf3,
    0xaf, 0xff, 0x99, 0xff, 0xf8, 0x1c, 0xfb, 0x10, 0x00, 0x00, 0x00, 0x00, 0x00, 0x00, 0x00, 0x00,
    0x00, 0x00, 0x00, 0x00, 0x1c, 0xfb, 0x19, 0xff, 0xf8, 0xaf, 0xff, 0x94, 0xff, 0xf3, 0x01, 0x41,
    0x00, 0x01, 0x41, 0x04, 0xff, 0xf3, 0xbf, 0xff, 0x9a, 0xff, 0xf8, 0x2c, 0xfb, 0x10, 0x00, 0x00,
    0x00, 0x00, 0x00, 0x00, 0x00, 0x00, 0x00, 0x00, 0x00, 0x00, 0x06, 0x84, 0x08, 0xff, 0xf6, 0xcf,
    0xff, 0xc8, 0xff, 0xfd, 0x07, 0xbf, 0xa0, 0x06, 0xf6, 0x01, 0xee, 0x01, 0xcf, 0x30, 0xbf, 0x50,
    0x02, 0x40, 0x00, 0x00, 0x00, 0x00, 0x00, 0x6a, 0x00, 0x00, 0x00, 0x01, 0xaf, 0xf4, 0x00, 0x00,
    0x04, 0xef, 0xe5, 0x00, 0x00, 0x08, 0xff, 0xb1, 0x00, 0x00, 0x2c, 0xff, 0x70, 0x00, 0x00, 0x6f,
    0xfd, 0x20, 0x00, 0x00, 0xaf, 0xf9, 0x00, 0x00, 0x00, 0x0e, 0xf9, 0x00, 0x00, 0x00, 0x00, 0xaf,
    0xfa, 0x00, 0x00, 0x00, 0x00, 0x5f, 0xfd, 0x30, 0x00, 0x00, 0x00, 0x2c, 0xff, 0x80, 0x00, 0x00,
    0x00, 0x07, 0xff, 0xc2, 0x00, 0x00, 0x00, 0x03, 0xdf, 0xf5, 0x00, 0x00, 0x00, 0x00, 0x9f, 0xf4,
    0x00, 0x00, 0x00, 0x00, 0x59, 0x00, 0xdf, 0xff, 0xff, 0xff, 0xff, 0xbd, 0xff, 0xff, 0xff, 0xff,
    0xfa, 0x00, 0x00, 0x00, 0x00, 0x00, 0x00, 0x00, 0x00, 0x00, 0x00, 0x00, 0x00, 0x00, 0x00, 0x00,
    0x00, 0x00, 0x00, 0x00, 0x00, 0x00, 0x00, 0xcf, 0xff, 0xff, 0xff, 0xff, 0xad, 0xff, 0xff, 0xff,
    0xff, 0xfb, 0x0b, 0x40, 0x00, 0x00, 0x00, 0x06, 0xff, 0x90, 0x00, 0x00, 0x00, 0x06, 0xff, 0xd2,
    0x00, 0x00, 0x00, 0x02, 0xdf, 0xf7, 0x00, 0x00, 0x00, 0x00, 0x8f, 0xfb, 0x10, 0x00, 0x00, 0x00,
    0x4e, 0xfe, 0x50, 0x00, 0x00, 0x00, 0x1a, 0xff, 0x80, 0x00, 0x00, 0x00, 0x0b, 0xfc, 0x00, 0x00,
    0x00, 0x1b, 0xff, 0x70, 0x00, 0x00, 0x5e, 0xfe, 0x40, 0x00, 0x00, 0x9f, 0xfa, 0x10, 0x00, 0x03,
    0xdf, 0xf6, 0x00, 0x00, 0x07, 0xff, 0xc2, 0x00, 0x00, 0x06, 0xff, 0x80, 0x00, 0x00, 0x00, 0x0a,
    0x30, 0x00, 0x00, 0x00, 0x00, 0x00, 0x18, 0xce, 0xfd, 0x92, 0x00, 0x02, 0xef, 0xff, 0xff, 0xff,
    0x40, 0x0d, 0xfd, 0x40, 0x02, 0xcf, 0xf1, 0x2f, 0xf3, 0x00, 0x00, 0x1f, 0xf4, 0x4d, 0xc0, 0x00,
    0x00, 0x0e, 0xf7, 0x00, 0x00, 0x00, 0x00, 0x0f, 0xf5, 0x00, 0x00, 0x00, 0x00, 0x6f, 0xf1, 0x00,
    0x00, 0x00, 0x18, 0xff, 0x60, 0x00, 0x00, 0x07, 0xff, 0xb3, 0x00, 0x00, 0x00, 0x09, 0xf6, 0x00,
    0x00, 0x00, 0x00, 0x08, 0xf6, 0x00, 0x00, 0x00, 0x00, 0x00, 0x00, 0x00, 0x00, 0x00, 0x00, 0x00,
    0x00, 0x00, 0x00, 0x00, 0x00, 0x00, 0x00, 0x00, 0x00, 0x00, 0x00, 0x03, 0x73, 0x00, 0x00, 0x00,
    0x00, 0x3f, 0xff, 0x20, 0x00, 0x00, 0x00, 0x5f, 0xff, 0x40, 0x00, 0x00, 0x00, 0x0a, 0xe9, 0x00,
    0x00, 0x00, 0x00, 0x69, 0xa9, 0x62, 0x00, 0x00, 0x00, 0x5e, 0xff, 0xff, 0xff, 0x60, 0x00, 0x04,
    0xff, 0x93, 0x01, 0x5e, 0xf4, 0x00, 0x0e, 0xf5, 0x00, 0x00, 0x03, 0xfc, 0x00, 0x4f, 0xb0, 0x00,
    0x00, 0x00, 0xbf, 0x10, 0x9f, 0x40, 0x01, 0xbe, 0xc6, 0x9f, 0x40, 0xcf, 0x10, 0x0c, 0xfe, 0xcf,
    0xdf, 0x50, 0xdf, 0x00, 0x2f, 0xe1, 0x01, 0xdf, 0x60, 0xee, 0x00, 0x5f, 0x90, 0x00, 0x7f, 0x60,
    0xed, 0x00, 0x7f, 0x70, 0x00, 0x7f, 0x60, 0xed, 0x00, 0x8f, 0x60, 0x00, 0x7f, 0x60, 0xed, 0x00,
    0x8f, 0x50, 0x00, 0x7f, 0x60, 0xed, 0x00, 0x8f, 0x60, 0x00, 0x7f, 0x60, 0xed, 0x00, 0x7f, 0x70,
    0x00, 0x7f, 0x60, 0xee, 0x00, 0x5f, 0x90, 0x00, 0x7f, 0x60, 0xde, 0x00, 0x2f, 0xe1, 0x01, 0xdf,
    0x70, 0xcf, 0x00, 0x0b, 0xfe, 0xcf, 0xbf, 0xf4, 0xaf, 0x30, 0x01, 0xbe, 0xc5, 0x0b, 0xe3, 0x6f,
    0x90, 0x00, 0x00, 0x00, 0x00, 0x00, 0x1f, 0xf3, 0x00, 0x00, 0x00, 0x00, 0x00, 0x07, 0xff, 0x70,
    0x00, 0x00, 0x28, 0x20, 0x00, 0x8f, 0xff, 0xdb, 0xdf, 0xff, 0x40, 0x00, 0x03, 0x9c, 0xef, 0xec,
    0x94, 0x00, 0x00, 0x00, 0x00, 0xff, 0xd0, 0x00, 0x00, 0x00, 0x00, 0x00, 0x4f, 0xff, 0x20, 0x00,
    0x00, 0x00, 0x00, 0x09, 0xff, 0xf7, 0x00, 0x00, 0x00, 0x00, 0x00, 0xef, 0xaf, 0xb0, 0x00, 0x00,
    0x00, 0x00, 0x3f, 0xe2, 0xff, 0x10, 0x00, 0x00, 0x00, 0x08, 0xf9, 0x0d, 0xf5, 0x00, 0x00, 0x00,
    0x00, 0xdf, 0x40, 0x9f, 0xa0, 0x00, 0x00, 0x00, 0x2f, 0xf0, 0x04, 0xff, 0x00, 0x00, 0x00, 0x07,
    0xfb, 0x00, 0x0f, 0xf4, 0x00, 0x00, 0x00, 0xcf, 0x70, 0x00, 0xbf, 0x90, 0x00, 0x00, 0x1f, 0xf2,
    0x00, 0x06, 0xfe, 0x00, 0x00, 0x05, 0xff, 0xcc, 0xcc, 0xdf, 0xf3, 0x00, 0x00, 0xaf, 0xff, 0xff,
    0xff, 0xff, 0x80, 0x00, 0x0f, 0xf4, 0x00, 0x00, 0x08, 0xfd, 0x00, 0x04, 0xff, 0x00, 0x00, 0x00,
    0x3f, 0xf2, 0x00, 0x9f, 0xa0, 0x00, 0x00, 0x00, 0xef, 0x70, 0x0e, 0xf6, 0x00, 0x00, 0x00, 0x0a,
    0xfc, 0x03, 0xff, 0x10, 0x00, 0x00, 0x00, 0x5f, 0xf1, 0xef, 0xff, 0xff, 0xec, 0x70, 0x00, 0xef,
    0xec, 0xde, 0xff, 0xfc, 0x00, 0xef, 0x60, 0x00, 0x19, 0xff, 0x60, 0xef, 0x60, 0x00, 0x00, 0xdf,
    0xa0, 0xef, 0x60, 0x00, 0x00, 0xaf, 0x90, 0xef, 0x60, 0x00, 0x00, 0xcf, 0x60, 0xef, 0x60, 0x00,
    0x03, 0xfe, 0x10, 0xef, 0x60, 0x02, 0x6d, 0xc3, 0x00, 0xef, 0xff, 0xff, 0xfe, 0xa3, 0x00, 0xef,
    0xdb, 0xbc, 0xef, 0xff, 0x70, 0xef, 0x60, 0x00, 0x03, 0xdf, 0xf3, 0xef, 0x60, 0x00, 0x00, 0x1f,
    0xf8, 0xef, 0x60, 0x00, 0x00, 0x0c, 0xfa, 0xef, 0x60, 0x00, 0x00, 0x0c, 0xf9, 0xef, 0x60, 0x00,
    0x00, 0x2f, 0xf6, 0xef, 0x60, 0x00, 0x04, 0xdf, 0xd1, 0xef, 0xec, 0xcd, 0xff, 0xfe, 0x30, 0xef,
    0xff, 0xff, 0xdb, 0x60, 0x00, 0x00, 0x02, 0x9d, 0xfd, 0xb4, 0x00, 0x00, 0x05, 0xff, 0xff, 0xff,
    0xfa, 0x00, 0x02, 0xff, 0xe5, 0x23, 0x9f, 0xf7, 0x00, 0xbf, 0xd1, 0x00, 0x00, 0x8f, 0xf0, 0x1f,
    0xf6, 0x00, 0x00, 0x00, 0xff, 0x36, 0xff, 0x10, 0x00, 0x00, 0x0b, 0xd5, 0x9f, 0xd0, 0x00, 0x00,
    0x00, 0x00, 0x0a, 0xfb, 0x00, 0x00, 0x00, 0x00, 0x00, 0xbf, 0xb0, 0x00, 0x00, 0x00, 0x00, 0x0b,
    0xfb, 0x00, 0x00, 0x00, 0x00, 0x00, 0xaf, 0xb0, 0x00, 0x00, 0x00, 0x00, 0x09, 0xfd, 0x00, 0x00,
    0x00, 0x00, 0x00, 0x6f, 0xf1, 0x00, 0x00, 0x00, 0xcd, 0x51, 0xff, 0x50, 0x00, 0x00, 0x0f, 0xf3,
    0x0b, 0xfd, 0x10, 0x00, 0x08, 0xff, 0x00, 0x2f, 0xfd, 0x51, 0x28, 0xff, 0x70, 0x00, 0x5f, 0xff,
    0xff, 0xff, 0xa0, 0x00, 0x00, 0x29, 0xef, 0xdb, 0x40, 0x00, 0xff, 0xff, 0xfe, 0xb6, 0x00, 0x00,
    0xff, 0xfe, 0xff, 0xff, 0xd2, 0x00, 0xff, 0x50, 0x02, 0x7f, 0xfe, 0x00, 0xff, 0x50, 0x00, 0x03,
    0xff, 0x90, 0xff, 0x50, 0x00, 0x00, 0x9f, 0xf0, 0xff, 0x50, 0x00, 0x00, 0x3f, 0xf4, 0xff, 0x50,
    0x00, 0x00, 0x0f, 0xf7, 0xff, 0x50, 0x00, 0x00, 0x0e, 0xf8, 0xff, 0x50, 0x00, 0x00, 0x0d, 0xf9,
    0xff, 0x50, 0x00, 0x00, 0x0d, 0xf8, 0xff, 0x50, 0x00, 0x00, 0x0e, 0xf7, 0xff, 0x50, 0x00, 0x00,
    0x0f, 0xf5, 0xff, 0x50, 0x00, 0x00, 0x4f, 0xf3, 0xff, 0x50, 0x00, 0x00, 0xbf, 0xe0, 0xff, 0x50,
    0x00, 0x05, 0xff, 0x70, 0xff, 0x50, 0x02, 0x8f, 0xfd, 0x00, 0xff, 0xfe, 0xff, 0xff, 0xc1, 0x00,
    0xff, 0xff, 0xfe, 0xb5, 0x00, 0x00, 0xff, 0xff, 0xff, 0xff, 0xff, 0xef, 0xff, 0xff, 0xff, 0xff,
    0xfd, 0xff, 0x50, 0x00, 0x00, 0x00, 0x0f, 0xf5, 0x00, 0x00, 0x00, 0x00, 0xff, 0x50, 0x00, 0x00,
    0x00, 0x0f, 0xf5, 0x00, 0x00, 0x00, 0x00, 0xff, 0x50, 0x00, 0x00, 0x00, 0x0f, 0xf5, 0x00, 0x00,
    0x00, 0x00, 0xff, 0xff, 0xff, 0xff, 0xf6, 0x0f, 0xfe, 0xdd, 0xdd, 0xdd, 0x50, 0xff, 0x50, 0x00,
    0x00, 0x00, 0x0f, 0xf5, 0x00, 0x00, 0x00, 0x00, 0xff, 0x50, 0x00, 0x00, 0x00, 0x0f, 0xf5, 0x00,
    0x00, 0x00, 0x00, 0xff, 0x50, 0x00, 0x00, 0x00, 0x0f, 0xf5, 0x00, 0x00, 0x00, 0x00, 0xff, 0xff,
    0xff, 0xff, 0xff, 0xdf, 0xff, 0xff, 0xff, 0xff, 0xfe, 0xff, 0xff, 0xff, 0xff, 0xff, 0xdf, 0xff,
    0xff, 0xff, 0xff, 0xfd, 0xff, 0x50, 0x00, 0x00, 0x00, 0x0f, 0xf5, 0x00, 0x00, 0x00, 0x00, 0xff,
    0x50, 0x00, 0x00, 0x00, 0x0f, 0xf5, 0x00, 0x00, 0x00, 0x00, 0xff, 0x50, 0x00, 0x00, 0x00, 0x0f,
    0xf5, 0x00, 0x00, 0x00, 0x00, 0xff, 0xed, 0xdd, 0xdd, 0xd5, 0x0f, 0xff, 0xff, 0xff, 0xff, 0x60,
    0xff, 0x50, 0x00, 0x00, 0x00, 0x0f, 0xf5, 0x00, 0x00, 0x00, 0x00, 0xff, 0x50, 0x00, 0x00, 0x00,
    0x0f, 0xf5, 0x00, 0x00, 0x00, 0x00, 0xff, 0x50, 0x00, 0x00, 0x00, 0x0f, 0xf5, 0x00, 0x00, 0x00,
    0x00, 0xff, 0x50, 0x00, 0x00, 0x00, 0x0f, 0xf5, 0x00, 0x00, 0x00, 0x00, 0x00, 0x02, 0x9d, 0xfe,
    0xb4, 0x00, 0x00, 0x05, 0xff, 0xff, 0xff, 0xfa, 0x00, 0x03, 0xff, 0xd5, 0x23, 0x9f, 0xf6, 0x00,
    0xbf, 0xd1, 0x00, 0x00, 0x8f, 0xe0, 0x1f, 0xf5, 0x00, 0x00, 0x01, 0xff, 0x26, 0xff, 0x10, 0x00,
    0x00, 0x0b, 0xb3, 0x8f, 0xd0, 0x00, 0x00, 0x00, 0x00, 0x0a, 0xfb, 0x00, 0x00, 0x00, 0x00, 0x00,
    0xbf, 0xb0, 0x00, 0x00, 0x00, 0x00, 0x0b, 0xfa, 0x00, 0x03, 0xff, 0xff, 0xf8, 0xaf, 0xb0, 0x00,
    0x2e, 0xee, 0xff, 0x89, 0xfd, 0x00, 0x00, 0x00, 0x0a, 0xf8, 0x6f, 0xf0, 0x00, 0x00, 0x00, 0xcf,
    0x52, 0xff, 0x40, 0x00, 0x00, 0x0e, 0xf3, 0x0c, 0xfc, 0x00, 0x00, 0x06, 0xfe, 0x00, 0x3f, 0xfc,
    0x41, 0x27, 0xff, 0x60, 0x00, 0x6f, 0xff, 0xff, 0xff, 0xa0, 0x00, 0x00, 0x29, 0xef, 0xeb, 0x50,
    0x00, 0xff, 0x50, 0x00, 0x00, 0x7f, 0xcf, 0xf5, 0x00, 0x00, 0x07, 0xfc, 0xff, 0x50, 0x00, 0x00,
    0x7f, 0xcf, 0xf5, 0x00, 0x00, 0x07, 0xfc, 0xff, 0x50, 0x00, 0x00, 0x7f, 0xcf, 0xf5, 0x00, 0x00,
    0x07, 0xfc, 0xff, 0x50, 0x00, 0x00, 0x7f, 0xcf, 0xf5, 0x00, 0x00, 0x07, 0xfc, 0xff, 0xff, 0xff,
    0xff, 0xff, 0xcf, 0xff, 0xff, 0xff, 0xff, 0xfc, 0xff, 0x50, 0x00, 0x00, 0x7f, 0xcf, 0xf5, 0x00,
    0x00, 0x07, 0xfc, 0xff, 0x50, 0x00, 0x00, 0x7f, 0xcf, 0xf5, 0x00, 0x00, 0x07, 0xfc, 0xff, 0x50,
    0x00, 0x00, 0x7f, 0xcf, 0xf5, 0x00, 0x00, 0x07, 0xfc, 0xff, 0x50, 0x00, 0x00, 0x7f, 0xcf, 0xf5,
    0x00, 0x00, 0x07, 0xfc, 0x0f, 0xff, 0xff, 0xff, 0xff, 0xfe, 0x0f, 0xff, 0xff, 0xff, 0xff, 0xfd,
    0x00, 0x00, 0x0b, 0xf9, 0x00, 0x00, 0x00, 0x00, 0x0b, 0xf9, 0x00, 0x00, 0x00, 0x00, 0x0b, 0xf9,
    0x00, 0x00, 0x00, 0x00, 0x0b, 0xf9, 0x00, 0x00, 0x00, 0x00, 0x0b, 0xf9, 0x00, 0x00, 0x00, 0x00,
    0x0b, 0xf9, 0x00, 0x00, 0x00, 0x00, 0x0b, 0xf9, 0x00, 0x00, 0x00, 0x00, 0x0b, 0xf9, 0x00, 0x00,
    0x00, 0x00, 0x0b, 0xf9, 0x00, 0x00, 0x00, 0x00, 0x0b, 0xf9, 0x00, 0x00, 0x00, 0x00, 0x0b, 0xf9,
    0x00, 0x00, 0x00, 0x00, 0x0b, 0xf9, 0x00, 0x00, 0x00, 0x00, 0x0b, 0xf9, 0x00, 0x00, 0x00, 0x00,
    0x0b, 0xf9, 0x00, 0x00, 0x0f, 0xff, 0xff, 0xff, 0xff, 0xfd, 0x0f, 0xff, 0xff, 0xff, 0xff, 0xfe,
    0x3f, 0xff, 0xff, 0xff, 0xff, 0x93, 0xff, 0xff, 0xff, 0xff, 0xf9, 0x00, 0x00, 0x00, 0x00, 0xbf,
    0x90, 0x00, 0x00, 0x00, 0x0b, 0xf9, 0x00, 0x00, 0x00, 0x00, 0xbf, 0x90, 0x00, 0x00, 0x00, 0x0b,
    0xf9, 0x00, 0x00, 0x00, 0x00, 0xbf, 0x90, 0x00, 0x00, 0x00, 0x0b, 0xf9, 0x00, 0x00, 0x00, 0x00,
    0xbf, 0x90, 0x00, 0x00, 0x00, 0x0b, 0xf9, 0x00, 0x00, 0x00, 0x00, 0xbf, 0x90, 0x00, 0x00, 0x00,
    0x0b, 0xf9, 0xdd, 0x30, 0x00, 0x00, 0xbf, 0x9e, 0xf5, 0x00, 0x00, 0x0d, 0xf7, 0xbf, 0x90, 0x00,
    0x01, 0xff, 0x47, 0xff, 0x60, 0x02, 0xcf, 0xe1, 0x0c, 0xff, 0xff, 0xff, 0xf4, 0x00, 0x07, 0xce,
    0xfd, 0xa2, 0x00, 0xff, 0x50, 0x00, 0x00, 0x1f, 0xf7, 0xff, 0x50, 0x00, 0x00, 0x9f, 0xd0, 0xff,
    0x50, 0x00, 0x02, 0xff, 0x50, 0xff, 0x50, 0x00, 0x0b, 0xfc, 0x00, 0xff, 0x50, 0x00, 0x4f, 0xf3,
    0x00, 0xff, 0x50, 0x00, 0xcf, 0xa0, 0x00, 0xff, 0x50, 0x05, 0xff, 0x10, 0x00, 0xff, 0x50, 0x0d,
    0xf8, 0x00, 0x00, 0xff, 0xff, 0xff, 0xe0, 0x00, 0x00, 0xff, 0xff, 0xff, 0xf1, 0x00, 0x00, 0xff,
    0x50, 0x1e, 0xfa, 0x00, 0x00, 0xff, 0x50, 0x06, 0xff, 0x30, 0x00, 0xff, 0x50, 0x00, 0xdf, 0xc0,
    0x00, 0xff, 0x50, 0x00, 0x4f, 0xf5, 0x00, 0xff, 0x50, 0x00, 0x0b, 0xfe, 0x00, 0xff, 0x50, 0x00,
    0x02, 0xff, 0x80, 0xff, 0x50, 0x00, 0x00, 0x9f, 0xf2, 0xff, 0x50, 0x00, 0x00, 0x1e, 0xfb, 0x8f,
    0xc0, 0x00, 0x00, 0x00, 0x00, 0x8f, 0xc0, 0x00, 0x00, 0x00, 0x00, 0x8f, 0xc0, 0x00, 0x00, 0x00,
    0x00, 0x8f, 0xc0, 0x00, 0x00, 0x00, 0x00, 0x8f, 0xc0, 0x00, 0x00, 0x00, 0x00, 0x8f, 0xc0, 0x00,
    0x00, 0x00, 0x00, 0x8f, 0xc0, 0x00, 0x00, 0x00, 0x00, 0x8f, 0xc0, 0x00, 0x00, 0x00, 0x00, 0x8f,
    0xc0, 0x00, 0x00, 0x00, 0x00, 0x8f, 0xc0, 0x00, 0x00, 0x00, 0x00, 0x8f, 0xc0, 0x00, 0x00, 0x00,
    0x00, 0x8f, 0xc0, 0x00, 0x00, 0x00, 0x00, 0x8f, 0xc0, 0x00, 0x00, 0x00, 0x00, 0x8f, 0xc0, 0x00,
    0x00, 0x00, 0x00, 0x8f, 0xc0, 0x00, 0x00, 0x00, 0x00, 0x8f, 0xc0, 0x00, 0x00, 0x00, 0x00, 0x8f,
    0xff, 0xff, 0xff, 0xff, 0xf4, 0x8f, 0xff, 0xff, 0xff, 0xff, 0xf4, 0x4f, 0xf4, 0x00, 0x00, 0x05,
    0xff, 0x24, 0xff, 0xa0, 0x00, 0x00, 0xaf, 0xf2, 0x4f, 0xff, 0x00, 0x00, 0x1f, 0xff, 0x24, 0xfe,
    0xf6, 0x00, 0x06, 0xfe, 0xf2, 0x4f, 0x8f, 0xb0, 0x00, 0xcd, 0xbf, 0x24, 0xf7, 0xaf, 0x10, 0x1f,
    0x7b, 0xf2, 0x4f, 0x75, 0xf7, 0x07, 0xf2, 0xbf, 0x24, 0xf7, 0x0f, 0xc0, 0xdc, 0x0b, 0xf2, 0x4f,
    0x70, 0xaf, 0x5f, 0x70, 0xbf, 0x24, 0xf7, 0x05, 0xff, 0xf1, 0x0b, 0xf2, 0x4f, 0x70, 0x0f, 0xfc,
    0x00, 0xbf, 0x24, 0xf7, 0x00, 0xaf, 0x60, 0x0b, 0xf2, 0x4f, 0x70, 0x04, 0xf1, 0x00, 0xbf, 0x24,
    0xf7, 0x00, 0x02, 0x00, 0x0b, 0xf2, 0x4f, 0x70, 0x00, 0x00, 0x00, 0xbf, 0x24, 0xf7, 0x00, 0x00,
    0x00, 0x0b, 0xf2, 0x4f, 0x70, 0x00, 0x00, 0x00, 0xbf, 0x24, 0xf7, 0x00, 0x00, 0x00, 0x0b, 0xf2,
    0xff, 0xc0, 0x00, 0x00, 0x2f, 0xcf, 0xff, 0x30, 0x00, 0x02, 0xfc, 0xff, 0xfa, 0x00, 0x00, 0x2f,
    0xcf, 0xff, 0xf1, 0x00, 0x02, 0xfc, 0xff, 0xbf, 0x80, 0x00, 0x2f, 0xcf, 0xf3, 0xfe, 0x00, 0x02,
    0xfc, 0xff, 0x0c, 0xf6, 0x00, 0x2f, 0xcf, 0xf0, 0x5f, 0xd0, 0x02, 0xfc, 0xff, 0x00, 0xdf, 0x40,
    0x2f, 0xcf, 0xf0, 0x06, 0xfb, 0x02, 0xfc, 0xff, 0x00, 0x0f, 0xf2, 0x2f, 0xcf, 0xf0, 0x00, 0x8f,
    0x92, 0xfc, 0xff, 0x00, 0x01, 0xff, 0x4f, 0xcf, 0xf0, 0x00, 0x0a, 0xfa, 0xfc, 0xff, 0x00, 0x00,
    0x3f, 0xff, 0xcf, 0xf0, 0x00, 0x00, 0xcf, 0xfc, 0xff, 0x00, 0x00, 0x05, 0xff, 0xcf, 0xf0, 0x00,
    0x00, 0x0e, 0xfc, 0x00, 0x04, 0xae, 0xfe, 0xa2, 0x00, 0x00, 0x07, 0xff, 0xff, 0xff, 0xf5, 0x00,
    0x05, 0xff, 0xb4, 0x25, 0xcf, 0xf3, 0x00, 0xdf, 0xb0, 0x00, 0x01, 0xdf, 0xb0, 0x3f, 0xf3, 0x00,
    0x00, 0x05, 0xff, 0x17, 0xfe, 0x00, 0x00, 0x00, 0x1f, 0xf5, 0xaf, 0xb0, 0x00, 0x00, 0x00, 0xef,
    0x8c, 0xfa, 0x00, 0x00, 0x00, 0x0c, 0xf9, 0xdf, 0x90, 0x00, 0x00, 0x00, 0xbf, 0xad, 0xf9, 0x00,
    0x00, 0x00, 0x0b, 0xfa, 0xcf, 0xa0, 0x00, 0x00, 0x00, 0xcf, 0x9a, 0xfb, 0x00, 0x00, 0x00, 0x0e,
    0xf8, 0x7f, 0xe0, 0x00, 0x00, 0x00, 0xff, 0x53, 0xff, 0x30, 0x00, 0x00, 0x5f, 0xf1, 0x0d, 0xfb,
    0x00, 0x00, 0x0d, 0xfb, 0x00, 0x4f, 0xfb, 0x41, 0x4c, 0xff, 0x20, 0x00, 0x7f, 0xff, 0xff, 0xff,
    0x50, 0x00, 0x00, 0x3a, 0xef, 0xea, 0x20, 0x00, 0xef, 0xff, 0xff, 0xec, 0x60, 0x00, 0xef, 0xed,
    0xde, 0xff, 0xfe, 0x20, 0xef, 0x60, 0x00, 0x05, 0xef, 0xd0, 0xef, 0x60, 0x00, 0x00, 0x4f, 0xf2,
    0xef, 0x60, 0x00, 0x00, 0x0f, 0xf6, 0xef, 0x60, 0x00, 0x00, 0x0f, 0xf5, 0xef, 0x60, 0x00, 0x00,
    0x1f, 0xf2, 0xef, 0x60, 0x00, 0x00, 0x9f, 0xe0, 0xef, 0x60, 0x00, 0x29, 0xff, 0x40, 0xef, 0xed,
    0xdf, 0xff, 0xe6, 0x00, 0xef, 0xff, 0xfe, 0xc8, 0x10, 0x00, 0xef, 0x60, 0x00, 0x00, 0x00, 0x00,
    0xef, 0x60, 0x00, 0x00, 0x00, 0x00, 0xef, 0x60, 0x00, 0x00, 0x00, 0x00, 0xef, 0x60, 0x00, 0x00,
    0x00, 0x00, 0xef, 0x60, 0x00, 0x00, 0x00, 0x00, 0xef, 0x60, 0x00, 0x00, 0x00, 0x00, 0xef, 0x60,
    0x00, 0x00, 0x00, 0x00, 0x00, 0x04, 0xae, 0xfe, 0xa2, 0x00, 0x00, 0x07, 0xff, 0xff, 0xff, 0xf5,
    0x00, 0x05, 0xff, 0xb4, 0x25, 0xcf, 0xf3, 0x00, 0xdf, 0xb0, 0x00, 0x01, 0xdf, 0xb0, 0x3f, 0xf3,
    0x00, 0x00, 0x05, 0xff, 0x17, 0xfe, 0x00, 0x00, 0x00, 0x1f, 0xf5, 0xaf, 0xb0, 0x00, 0x00, 0x00,
    0xef, 0x8c, 0xfa, 0x00, 0x00, 0x00, 0x0c, 0xf9, 0xdf, 0x90, 0x00, 0x00, 0x00, 0xbf, 0xad, 0xf9,
    0x00, 0x00, 0x00, 0x0b, 0xfa, 0xcf, 0xa0, 0x00, 0x00, 0x00, 0xcf, 0x9a, 0xfb, 0x00, 0x00, 0x00,
    0x0e, 0xf8, 0x7f, 0xe0, 0x05, 0xf5, 0x01, 0xff, 0x53, 0xff, 0x30, 0x0d, 0xd0, 0x5f, 0xf1, 0x0d,
    0xfb, 0x00, 0x6f, 0x4d, 0xfb, 0x00, 0x4f, 0xfb, 0x41, 0xff, 0xff, 0x20, 0x00, 0x7f, 0xff, 0xff,
    0xff, 0x50, 0x00, 0x00, 0x3a, 0xef, 0xef, 0xf1, 0x00, 0x00, 0x00, 0x00, 0x00, 0xcf, 0x80, 0x00,
    0x00, 0x00, 0x00, 0x04, 0xff, 0x10, 0x00, 0x00, 0x00, 0x00, 0x08, 0x93, 0x00, 0xef, 0xff, 0xff,
    0xdb, 0x60, 0x00, 0xef, 0xed, 0xde, 0xff, 0xfd, 0x10, 0xef, 0x60, 0x00, 0x06, 0xff, 0xb0, 0xef,
    0x60, 0x00, 0x00, 0x7f, 0xf1, 0xef, 0x60, 0x00, 0x00, 0x2f, 0xf4, 0xef, 0x60, 0x00, 0x00, 0x1f,
    0xf4, 0xef, 0x60, 0x00, 0x00, 0x4f, 0xf2, 0xef, 0x60, 0x00, 0x00, 0xcf, 0xc0, 0xef, 0x60, 0x02,
    0x4c, 0xff, 0x30, 0xef, 0xff, 0xff, 0xff, 0xe4, 0x00, 0xef, 0xec, 0xcf, 0xf9, 0x00, 0x00, 0xef,
    0x60, 0x09, 0xfd, 0x00, 0x00, 0xef, 0x60, 0x01, 0xef, 0x80, 0x00, 0xef, 0x60, 0x00, 0x7f, 0xf2,
    0x00, 0xef, 0x60, 0x00, 0x0d, 0xfc, 0x00, 0xef, 0x60, 0x00, 0x04, 0xff, 0x60, 0xef, 0x60, 0x00,
    0x00, 0xbf, 0xe1, 0xef, 0x60, 0x00, 0x00, 0x2f, 0xf9, 0x00, 0x04, 0xad, 0xfe, 0xc8, 0x10, 0x00,
    0x0b, 0xff, 0xff, 0xff, 0xff, 0x30, 0x07, 0xff, 0x71, 0x00, 0x4d, 0xfe, 0x00, 0xcf, 0x80, 0x00,
    0x00, 0x2f, 0xf4, 0x0f, 0xf6, 0x00, 0x00, 0x00, 0xbc, 0x50, 0xdf, 0xa0, 0x00, 0x00, 0x00, 0x00,
    0x08, 0xff, 0x91, 0x00, 0x00, 0x00, 0x00, 0x0c, 0xff, 0xf9, 0x20, 0x00, 0x00, 0x00, 0x08, 0xff,
    0xff, 0xb4, 0x00, 0x00, 0x00, 0x02, 0x9f, 0xff, 0xfa, 0x10, 0x00, 0x00, 0x00, 0x06, 0xef, 0xfc,
    0x00, 0x00, 0x00, 0x00, 0x00, 0x9f, 0xf5, 0x25, 0x30, 0x00, 0x00, 0x00, 0xff, 0x8a, 0xfb, 0x00,
    0x00, 0x00, 0x0d, 0xf8, 0x6f, 0xf3, 0x00, 0x00, 0x02, 0xff, 0x50, 0xdf, 0xe5, 0x10, 0x15, 0xdf,
    0xd0, 0x03, 0xef, 0xff, 0xff, 0xff, 0xd2, 0x00, 0x00, 0x7b, 0xef, 0xdb, 0x60, 0x00, 0x9f, 0xff,
    0xff, 0xff, 0xff, 0xff, 0x68, 0xff, 0xff, 0xff, 0xff, 0xff, 0xf6, 0x00, 0x00, 0x0b, 0xf9, 0x00,
    0x00, 0x00, 0x00, 0x00, 0xbf, 0x90, 0x00, 0x00, 0x00, 0x00, 0x0b, 0xf9, 0x00, 0x00, 0x00, 0x00,
    0x00, 0xbf, 0x90, 0x00, 0x00, 0x00, 0x00, 0x0b, 0xf9, 0x00, 0x00, 0x00, 0x00, 0x00, 0xbf, 0x90,
    0x00, 0x00, 0x00, 0x00, 0x0b, 0xf9, 0x00, 0x00, 0x00, 0x00, 0x00, 0xbf, 0x90, 0x00, 0x00, 0x00,
    0x00, 0x0b, 0xf9, 0x00, 0x00, 0x00, 0x00, 0x00, 0xbf, 0x90, 0x00, 0x00, 0x00, 0x00, 0x0b, 0xf9,
    0x00, 0x00, 0x00, 0x00, 0x00, 0xbf, 0x90, 0x00, 0x00, 0x00, 0x00, 0x0b, 0xf9, 0x00, 0x00, 0x00,
    0x00, 0x00, 0xbf, 0x90, 0x00, 0x00, 0x00, 0x00, 0x0b, 0xf9, 0x00, 0x00, 0x00, 0x00, 0x00, 0xbf,
    0x90, 0x00, 0x00, 0x2f, 0xf2, 0x00, 0x00, 0x04, 0xff, 0x2f, 0xf2, 0x00, 0x00, 0x04, 0xff, 0x2f,
    0xf2, 0x00, 0x00, 0x04, 0xff, 0x2f, 0xf2, 0x00, 0x00, 0x04, 0xff, 0x2f, 0xf2, 0x00, 0x00, 0x04,
    0xff, 0x2f, 0xf2, 0x00, 0x00, 0x04, 0xff, 0x2f, 0xf2, 0x00, 0x00, 0x04, 0xff, 0x2f, 0xf2, 0x00,
    0x00, 0x04, 0xff, 0x2f, 0xf2, 0x00, 0x00, 0x04, 0xff, 0x2f, 0xf2, 0x00, 0x00, 0x04, 0xff, 0x2f,
    0xf2, 0x00, 0x00, 0x04, 0xff, 0x2f, 0xf2, 0x00, 0x00, 0x05, 0xff, 0x2f, 0xf3, 0x00, 0x00, 0x05,
    0xff, 0x0f, 0xf5, 0x00, 0x00, 0x07, 0xfd, 0x0d, 0xfa, 0x00, 0x00, 0x0c, 0xfa, 0x06, 0xff, 0x82,
    0x03, 0xaf, 0xf3, 0x00, 0xaf, 0xff, 0xff, 0xff, 0x80, 0x00, 0x05, 0xad, 0xfd, 0xa4, 0x00, 0xef,
    0x80, 0x00, 0x00, 0x00, 0x9f, 0xb9, 0xfd, 0x00, 0x00, 0x00, 0x0d, 0xf6, 0x4f, 0xf1, 0x00, 0x00,
    0x02, 0xff, 0x20, 0xff, 0x60, 0x00, 0x00, 0x6f, 0xd0, 0x0b, 0xfa, 0x00, 0x00, 0x0b, 0xf9, 0x00,
    0x6f, 0xe0, 0x00, 0x00, 0xff, 0x40, 0x02, 0xff, 0x30, 0x00, 0x4f, 0xf0, 0x00, 0x0d, 0xf7, 0x00,
    0x08, 0xfb, 0x00, 0x00, 0x8f, 0xc0, 0x00, 0xcf, 0x60, 0x00, 0x04, 0xff, 0x10, 0x1f, 0xf1, 0x00,
    0x00, 0x0f, 0xf5, 0x05, 0xfd, 0x00, 0x00, 0x00, 0xaf, 0x90, 0xaf, 0x80, 0x00, 0x00, 0x06, 0xfe,
    0x0e, 0xf3, 0x00, 0x00, 0x00, 0x1f, 0xf5, 0xff, 0x00, 0x00, 0x00, 0x00, 0xcf, 0xef, 0xa0, 0x00,
    0x00, 0x00, 0x08, 0xff, 0xf6, 0x00, 0x00, 0x00, 0x00, 0x3f, 0xff, 0x10, 0x00, 0x00, 0x00, 0x00,
    0xef, 0xc0, 0x00, 0x00, 0x9f, 0xa0, 0x00, 0x00, 0x00, 0x00, 0xbf, 0x66, 0xfc, 0x00, 0x00, 0x00,
    0x00, 0x0d, 0xf4, 0x4f, 0xf0, 0x00, 0x00, 0x00, 0x00, 0xff, 0x11, 0xff, 0x10, 0x06, 0xf8, 0x00,
    0x2f, 0xf0, 0x0f, 0xf3, 0x00, 0x9f, 0xb0, 0x04, 0xfc, 0x00, 0xcf, 0x60, 0x0d, 0xfe, 0x00, 0x6f,
    0xa0, 0x0a, 0xf8, 0x00, 0xfe, 0xf1, 0x09, 0xf7, 0x00, 0x7f, 0xa0, 0x3f, 0x7f, 0x40, 0xbf, 0x50,
    0x05, 0xfd, 0x06, 0xf2, 0xf7, 0x0d, 0xf2, 0x00, 0x2f, 0xf0, 0xac, 0x0f, 0xa0, 0xff, 0x00, 0x00,
    0xff, 0x1d, 0x80, 0xcd, 0x2f, 0xd0, 0x00, 0x0d, 0xf4, 0xf5, 0x09, 0xf5, 0xfb, 0x00, 0x00, 0xbf,
    0xaf, 0x20, 0x6f, 0xaf, 0x80, 0x00, 0x08, 0xff, 0xf0, 0x03, 0xff, 0xf6, 0x00, 0x00, 0x6f, 0xfc,
    0x00, 0x0f, 0xff, 0x30, 0x00, 0x03, 0xff, 0x80, 0x00, 0xdf, 0xf1, 0x00, 0x00, 0x1f, 0xf5, 0x00,
    0x0a, 0xfe, 0x00, 0x00, 0x00, 0xef, 0x20, 0x00, 0x7f, 0xc0, 0x00, 0x0a, 0xfe, 0x10, 0x00, 0x00,
    0x1f, 0xf7, 0x01, 0xff, 0x80, 0x00, 0x00, 0x9f, 0xd0, 0x00, 0x8f, 0xf2, 0x00, 0x02, 0xff, 0x50,
    0x00, 0x0e, 0xfb, 0x00, 0x0b, 0xfc, 0x00, 0x00, 0x05, 0xff, 0x40, 0x4f, 0xf3, 0x00, 0x00, 0x00,
    0xcf, 0xd0, 0xcf, 0xa0, 0x00, 0x00, 0x00, 0x3f, 0xfb, 0xff, 0x10, 0x00, 0x00, 0x00, 0x0a, 0xff,
    0xf7, 0x00, 0x00, 0x00, 0x00, 0x02, 0xff, 0xe0, 0x00, 0x00, 0x00, 0x00, 0x04, 0xff, 0xf2, 0x00,
    0x00, 0x00, 0x00, 0x0d, 0xff, 0xfa, 0x00, 0x00, 0x00, 0x00, 0x6f, 0xe7, 0xff, 0x30, 0x00, 0x00,
    0x01, 0xef, 0x70, 0xcf, 0xc0, 0x00, 0x00, 0x08, 0xfe, 0x00, 0x3f, 0xf6, 0x00, 0x00, 0x2f, 0xf5,
    0x00, 0x0a, 0xfe, 0x00, 0x00, 0xaf, 0xd0, 0x00, 0x02, 0xff, 0x80, 0x03, 0xff, 0x40, 0x00, 0x00,
    0x8f, 0xf2, 0x0c, 0xfc, 0x00, 0x00, 0x00, 0x0e, 0xfa, 0x0e, 0xf9, 0x00, 0x00, 0x00, 0x08, 0xfc,
    0x00, 0x6f, 0xf1, 0x00, 0x00, 0x01, 0xff, 0x40, 0x00, 0xdf, 0x90, 0x00, 0x00, 0x8f, 0xb0, 0x00,
    0x05, 0xff, 0x20, 0x00, 0x1f, 0xf3, 0x00, 0x00, 0x0c, 0xfa, 0x00, 0x09, 0xfa, 0x00, 0x00, 0x00,
    0x3f, 0xf2, 0x02, 0xff, 0x20, 0x00, 0x00, 0x00, 0xbf, 0xb0, 0xaf, 0x80, 0x00, 0x00, 0x00, 0x02,
    0xff, 0x6f, 0xf1, 0x00, 0x00, 0x00, 0x00, 0x0a, 0xff, 0xf7, 0x00, 0x00, 0x00, 0x00, 0x00, 0x1f,
    0xfe, 0x00, 0x00, 0x00, 0x00, 0x00, 0x00, 0xbf, 0x90, 0x00, 0x00, 0x00, 0x00, 0x00, 0x0b, 0xf9,
    0x00, 0x00, 0x00, 0x00, 0x00, 0x00, 0xbf, 0x90, 0x00, 0x00, 0x00, 0x00, 0x00, 0x0b, 0xf9, 0x00,
    0x00, 0x00, 0x00, 0x00, 0x00, 0xbf, 0x90, 0x00, 0x00, 0x00, 0x00, 0x00, 0x0b, 0xf9, 0x00, 0x00,
    0x00, 0x00, 0x00, 0x00, 0xbf, 0x90, 0x00, 0x00, 0x00, 0x00, 0x00, 0x0b, 0xf9, 0x00, 0x00, 0x00,
    0x4f, 0xff, 0xff, 0xff, 0xff, 0xf7, 0x04, 0xee, 0xee, 0xee, 0xee, 0xff, 0x80, 0x00, 0x00, 0x00,
    0x00, 0x6f, 0xf1, 0x00, 0x00, 0x00, 0x00, 0x1e, 0xf8, 0x00, 0x00, 0x00, 0x00, 0x08, 0xfe, 0x00,
    0x00, 0x00, 0x00, 0x02, 0xff, 0x60, 0x00, 0x00, 0x00, 0x00, 0xbf, 0xc0, 0x00, 0x00, 0x00, 0x00,
    0x4f, 0xf4, 0x00, 0x00, 0x00, 0x00, 0x0d, 0xfa, 0x00, 0x00, 0x00, 0x00, 0x06, 0xff, 0x20, 0x00,
    0x00, 0x00, 0x01, 0xef, 0x80, 0x00, 0x00, 0x00, 0x00, 0x8f, 0xe1, 0x00, 0x00, 0x00, 0x00, 0x2f,
    0xf6, 0x00, 0x00, 0x00, 0x00, 0x0b, 0xfd, 0x00, 0x00, 0x00, 0x00, 0x04, 0xff, 0x40, 0x00, 0x00,
    0x00, 0x00, 0xdf, 0xb0, 0x00, 0x00, 0x00, 0x00, 0x4f, 0xff, 0xff, 0xff, 0xff, 0xff, 0x23, 0xff,
    0xff, 0xff, 0xff, 0xff, 0xf2, 0xcf, 0xff, 0xff, 0xff, 0x0c, 0xfd, 0xcc, 0xcc, 0xc0, 0xcf, 0x60,
    0x00, 0x00, 0x0c, 0xf6, 0x00, 0x00, 0x00, 0xcf, 0x60, 0x00, 0x00, 0x0c, 0xf6, 0x00, 0x00, 0x00,
    0xcf, 0x60, 0x00, 0x00, 0x0c, 0xf6, 0x00, 0x00, 0x00, 0xcf, 0x60, 0x00, 0x00, 0x0c, 0xf6, 0x00,
    0x00, 0x00, 0xcf, 0x60, 0x00, 0x00, 0x0c, 0xf6, 0x00, 0x00, 0x00, 0xcf, 0x60, 0x00, 0x00, 0x0c,
    0xf6, 0x00, 0x00, 0x00, 0xcf, 0x60, 0x00, 0x00, 0x0c, 0xf6, 0x00, 0x00, 0x00, 0xcf, 0x60, 0x00,
    0x00, 0x0c, 0xf6, 0x00, 0x00, 0x00, 0xcf, 0x60, 0x00, 0x00, 0x0c, 0xf6, 0x00, 0x00, 0x00, 0xcf,
    0x60, 0x00, 0x00, 0x0c, 0xf6, 0x00, 0x00, 0x00, 0xcf, 0xdb, 0xbb, 0xbb, 0x0c, 0xff, 0xff, 0xff,
    0xf0, 0x7f, 0xe0, 0x00, 0x00, 0x00, 0x01, 0xff, 0x50, 0x00, 0x00, 0x00, 0x0a, 0xfc, 0x00, 0x00,
    0x00, 0x00, 0x3f, 0xf3, 0x00, 0x00, 0x00, 0x00, 0xdf, 0x90, 0x00, 0x00, 0x00, 0x06, 0xff, 0x10,
    0x00, 0x00, 0x00, 0x0f, 0xf7, 0x00, 0x00, 0x00, 0x00, 0x9f, 0xd0, 0x00, 0x00, 0x00, 0x02, 0xff,
    0x40, 0x00, 0x00, 0x00, 0x0b, 0xfb, 0x00, 0x00, 0x00, 0x00, 0x5f, 0xf2, 0x00, 0x00, 0x00, 0x00,
    0xef, 0x80, 0x00, 0x00, 0x00, 0x07, 0xfe, 0x00, 0x00, 0x00, 0x00, 0x1f, 0xf5, 0x00, 0x00, 0x00,
    0x00, 0xaf, 0xc0, 0x00, 0x00, 0x00, 0x03, 0xff, 0x30, 0x00, 0x00, 0x00, 0x0d, 0xf9, 0x00, 0x00,
    0x00, 0x00, 0x6f, 0xf1, 0x00, 0x00, 0x00, 0x00, 0xff, 0x70, 0x00, 0x00, 0x00, 0x08, 0xec, 0x3f,
    0xff, 0xff, 0xff, 0xa2, 0xcc, 0xcc, 0xce, 0xfa, 0x00, 0x00, 0x00, 0x9f, 0xa0, 0x00, 0x00, 0x09,
    0xfa, 0x00, 0x00, 0x00, 0x9f, 0xa0, 0x00, 0x00, 0x09, 0xfa, 0x00, 0x00, 0x00, 0x9f, 0xa0, 0x00,
    0x00, 0x09, 0xfa, 0x00, 0x00, 0x00, 0x9f, 0xa0, 0x00, 0x00, 0x09, 0xfa, 0x00, 0x00, 0x00, 0x9f,
    0xa0, 0x00, 0x00, 0x09, 0xfa, 0x00, 0x00, 0x00, 0x9f, 0xa0, 0x00, 0x00, 0x09, 0xfa, 0x00, 0x00,
    0x00, 0x9f, 0xa0, 0x00, 0x00, 0x09, 0xfa, 0x00, 0x00, 0x00, 0x9f, 0xa0, 0x00, 0x00, 0x09, 0xfa,
    0x00, 0x00, 0x00, 0x9f, 0xa0, 0x00, 0x00, 0x09, 0xfa, 0x00, 0x00, 0x00, 0x9f, 0xa0, 0x00, 0x00,
    0x09, 0xfa, 0x2b, 0xbb, 0xbb, 0xef, 0xa3, 0xff, 0xff, 0xff, 0xfa, 0x00, 0x00, 0x0c, 0xf9, 0x00,
    0x00, 0x00, 0x00, 0x05, 0xff, 0xf3, 0x00, 0x00, 0x00, 0x00, 0xdf, 0xcf, 0xc0, 0x00, 0x00, 0x00,
    0x7f, 0xc0, 0xef, 0x50, 0x00, 0x00, 0x1f, 0xf3, 0x05, 0xfe, 0x00, 0x00, 0x0a, 0xf9, 0x00, 0x0c,
    0xf7, 0x00, 0x03, 0xff, 0x10, 0x00, 0x3f, 0xf1, 0x00, 0xcf, 0x70, 0x00, 0x00, 0x9f, 0xa0, 0x5f,
    0xd0, 0x00, 0x00, 0x01, 0xff, 0x33, 0xc5, 0x00, 0x00, 0x00, 0x07, 0xb2, 0x00, 0x00, 0x00, 0x00,
    0x00, 0x00, 0x00, 0xef, 0xff, 0xff, 0xff, 0xff, 0xff, 0xc8, 0x88, 0x88, 0x88, 0x88, 0x88, 0x87,
    0x0d, 0xfe, 0x00, 0x00, 0x03, 0xff, 0x80, 0x00, 0x00, 0x7f, 0xf2, 0x00, 0x00, 0x0b, 0xfa, 0x00,
    0x00, 0x01, 0xef, 0x40, 0x00, 0x00, 0x4f, 0xd0, 0x00, 0x00, 0x03, 0x41, 0x00, 0x29, 0xce, 0xfd,
    0xa3, 0x00, 0x00, 0x3f, 0xfd, 0xaa, 0xef, 0xf2, 0x00, 0x0c, 0xf9, 0x00, 0x00, 0xcf, 0xa0, 0x00,
    0xff, 0x20, 0x00, 0x07, 0xfd, 0x00, 0x04, 0x40, 0x00, 0x00, 0x5f, 0xe0, 0x00, 0x00, 0x00, 0x12,
    0x38, 0xfe, 0x00, 0x00, 0x4b, 0xef, 0xff, 0xff, 0xe0, 0x00, 0x8f, 0xf7, 0x21, 0x06, 0xfe, 0x00,
    0x3f, 0xf3, 0x00, 0x00, 0x5f, 0xe0, 0x05, 0xff, 0x00, 0x00, 0x05, 0xfe, 0x00, 0x4f, 0xf6, 0x00,
    0x04, 0xdf, 0xf0, 0x00, 0xdf, 0xfd, 0xce, 0xe5, 0xff, 0xe5, 0x01, 0x9e, 0xfd, 0x80, 0x08, 0xfe,
    0x40, 0xbf, 0x80, 0x00, 0x00, 0x00, 0x00, 0xbf, 0x80, 0x00, 0x00, 0x00, 0x00, 0xbf, 0x80, 0x00,
    0x00, 0x00, 0x00, 0xbf, 0x80, 0x00, 0x00, 0x00, 0x00, 0xbf, 0x80, 0x00, 0x00, 0x00, 0x00, 0xbf,
    0x80, 0x00, 0x00, 0x00, 0x00, 0xbf, 0x80, 0x8d, 0xfc, 0x80, 0x00, 0xbf, 0x9c, 0xff, 0xff, 0xfc,
    0x10, 0xbf, 0xfa, 0x20, 0x18, 0xff, 0x80, 0xbf, 0x90, 0x00, 0x00, 0x9f, 0xe0, 0xbf, 0x80, 0x00,
    0x00, 0x2f, 0xf3, 0xbf, 0x80, 0x00, 0x00, 0x0f, 0xf5, 0xbf, 0x80, 0x00, 0x00, 0x0e, 0xf6, 0xbf,
    0x80, 0x00, 0x00, 0x0f, 0xf4, 0xbf, 0x80, 0x00, 0x00, 0x2f, 0xf2, 0xbf, 0x90, 0x00, 0x00, 0x9f,
    0xe0, 0xbf, 0xf9, 0x20, 0x18, 0xff, 0x70, 0xbf, 0x9d, 0xff, 0xff, 0xfc, 0x00, 0xbf, 0x31, 0x9e,
    0xfc, 0x80, 0x00, 0x00, 0x03, 0xac, 0xfe, 0xc6, 0x00, 0x00, 0x09, 0xff, 0xfe, 0xff, 0xfd, 0x00,
    0x06, 0xff, 0x81, 0x00, 0x5e, 0xfa, 0x01, 0xef, 0x80, 0x00, 0x00, 0x5f, 0xf0, 0x4f, 0xf1, 0x00,
    0x00, 0x00, 0x87, 0x16, 0xfe, 0x00, 0x00, 0x00, 0x00, 0x00, 0x8f, 0xc0, 0x00, 0x00, 0x00, 0x00,
    0x06, 0xfe, 0x00, 0x00, 0x00, 0x00, 0x00, 0x4f, 0xf1, 0x00, 0x00, 0x00, 0x52, 0x01, 0xef, 0x80,
    0x00, 0x00, 0x5f, 0xf1, 0x06, 0xff, 0x70, 0x00, 0x5f, 0xf9, 0x00, 0x09, 0xff, 0xfe, 0xff, 0xfb,
    0x00, 0x00, 0x03, 0xad, 0xfe, 0xb5, 0x00, 0x00, 0x00, 0x00, 0x00, 0x00, 0x0a, 0xf9, 0x00, 0x00,
    0x00, 0x00, 0x0a, 0xf9, 0x00, 0x00, 0x00, 0x00, 0x0a, 0xf9, 0x00, 0x00, 0x00, 0x00, 0x0a, 0xf9,
    0x00, 0x00, 0x00, 0x00, 0x0a, 0xf9, 0x00, 0x00, 0x00, 0x00, 0x0a, 0xf9, 0x00, 0x19, 0xdf, 0xd7,
    0x0a, 0xf9, 0x01, 0xdf, 0xff, 0xff, 0xab, 0xf9, 0x0a, 0xff, 0x61, 0x03, 0xbf, 0xf9, 0x1f, 0xf7,
    0x00, 0x00, 0x0b, 0xf9, 0x5f, 0xf0, 0x00, 0x00, 0x0a, 0xf9, 0x7f, 0xe0, 0x00, 0x00, 0x0a, 0xf9,
    0x8f, 0xc0, 0x00, 0x00, 0x0a, 0xf9, 0x7f, 0xd0, 0x00, 0x00, 0x0a, 0xf9, 0x5f, 0xf0, 0x00, 0x00,
    0x0a, 0xf9, 0x2f, 0xf7, 0x00, 0x00, 0x0c, 0xf9, 0x0a, 0xff, 0x60, 0x03, 0xcf, 0xf9, 0x02, 0xdf,
    0xff, 0xff, 0xa8, 0xf9, 0x00, 0x19, 0xdf, 0xd6, 0x05, 0xf9, 0x00, 0x03, 0xac, 0xfe, 0xb6, 0x00,
    0x00, 0x09, 0xff, 0xfe, 0xff, 0xfc, 0x00, 0x06, 0xff, 0x70, 0x00, 0x5e, 0xf7, 0x01, 0xef, 0x70,
    0x00, 0x00, 0x6f, 0xe0, 0x4f, 0xf0, 0x00, 0x00, 0x01, 0xff, 0x16, 0xff, 0xff, 0xff, 0xff, 0xff,
    0xf3, 0x8f, 0xe8, 0x88, 0x88, 0x88, 0x88, 0x16, 0xfe, 0x00, 0x00, 0x00, 0x00, 0x00, 0x4f, 0xf1,
    0x00, 0x00, 0x00, 0x00, 0x00, 0xef, 0x80, 0x00, 0x00, 0x4d, 0xa0, 0x06, 0xff, 0x70, 0x00, 0x4e,
    0xf9, 0x00, 0x09, 0xff, 0xfe, 0xff, 0xfb, 0x00, 0x00, 0x03, 0xad, 0xfe, 0xb5, 0x00, 0x00, 0x00,
    0x00, 0x00, 0x3b, 0xdf, 0xeb, 0x40, 0x00, 0x00, 0x7f, 0xff, 0xff, 0xf6, 0x00, 0x00, 0x2f, 0xf9,
    0x20, 0x14, 0x20, 0x00, 0x09, 0xfc, 0x00, 0x00, 0x00, 0x00, 0x00, 0xcf, 0x80, 0x00, 0x00, 0x00,
    0x00, 0x0d, 0xf6, 0x00, 0x00, 0x00, 0x00, 0x00, 0xdf, 0x60, 0x00, 0x00, 0x0d, 0xff, 0xff, 0xff,
    0xff, 0xff, 0xf0, 0xbd, 0xdd, 0xff, 0xed, 0xdd, 0xdd, 0x00, 0x00, 0x0d, 0xf6, 0x00, 0x00, 0x00,
    0x00, 0x00, 0xdf, 0x60, 0x00, 0x00, 0x00, 0x00, 0x0d, 0xf6, 0x00, 0x00, 0x00, 0x00, 0x00, 0xdf,
    0x60, 0x00, 0x00, 0x00, 0x00, 0x0d, 0xf6, 0x00, 0x00, 0x00, 0x00, 0x00, 0xdf, 0x60, 0x00, 0x00,
    0x00, 0x00, 0x0d, 0xf6, 0x00, 0x00, 0x00, 0x00, 0x00, 0xdf, 0x60, 0x00, 0x00, 0x00, 0x00, 0x0d,
    0xf6, 0x00, 0x00, 0x00, 0x1d, 0xdd, 0xff, 0xed, 0xdd, 0x90, 0x02, 0xff, 0xff, 0xff, 0xff, 0xfb,
    0x00, 0x00, 0x19, 0xdf, 0xd7, 0x06, 0xf9, 0x02, 0xef, 0xff, 0xff, 0xc9, 0xf9, 0x0b, 0xff, 0x61,
    0x03, 0xcf, 0xf9, 0x2f, 0xf6, 0x00, 0x00, 0x0c, 0xf9, 0x5f, 0xf0, 0x00, 0x00, 0x0a, 0xf9, 0x8f,
    0xd0, 0x00, 0x00, 0x0a, 0xf9, 0x8f, 0xd0, 0x00, 0x00, 0x0a, 0xf9, 0x6f, 0xf0, 0x00, 0x00, 0x0a,
    0xf9, 0x3f, 0xf6, 0x00, 0x00, 0x0c, 0xf9, 0x0b, 0xff, 0x60, 0x03, 0xcf, 0xf9, 0x02, 0xef, 0xff,
    0xff, 0xab, 0xf9, 0x00, 0x19, 0xdf, 0xd6, 0x0a, 0xf9, 0x00, 0x00, 0x00, 0x00, 0x0b, 0xf8, 0x00,
    0x00, 0x00, 0x00, 0x0c, 0xf6, 0x18, 0xb0, 0x00, 0x00, 0x1f, 0xf4, 0x0e, 0xfa, 0x00, 0x00, 0xaf,
    0xd0, 0x04, 0xff, 0xeb, 0xbe, 0xff, 0x40, 0x00, 0x29, 0xdf, 0xfd, 0x91, 0x00, 0xbf, 0x80, 0x00,
    0x00, 0x00, 0x0b, 0xf8, 0x00, 0x00, 0x00, 0x00, 0xbf, 0x80, 0x00, 0x00, 0x00, 0x0b, 0xf8, 0x00,
    0x00, 0x00, 0x00, 0xbf, 0x80, 0x00, 0x00, 0x00, 0x0b, 0xf8, 0x00, 0x00, 0x00, 0x00, 0xbf, 0x80,
    0x4b, 0xee, 0xb3, 0x0b, 0xf8, 0x8f, 0xee, 0xff, 0xe1, 0xbf, 0xfd, 0x30, 0x06, 0xff, 0x6b, 0xfc,
    0x10, 0x00, 0x0d, 0xf8, 0xbf, 0x80, 0x00, 0x00, 0xbf, 0x9b, 0xf8, 0x00, 0x00, 0x0a, 0xf9, 0xbf,
    0x80, 0x00, 0x00, 0xaf, 0x9b, 0xf8, 0x00, 0x00, 0x0a, 0xf9, 0xbf, 0x80, 0x00, 0x00, 0xaf, 0x9b,
    0xf8, 0x00, 0x00, 0x0a, 0xf9, 0xbf, 0x80, 0x00, 0x00, 0xaf, 0x9b, 0xf8, 0x00, 0x00, 0x0a, 0xf9,
    0xbf, 0x80, 0x00, 0x00, 0xaf, 0x90, 0x00, 0x00, 0x3d, 0xd3, 0x00, 0x00, 0x00, 0x00, 0x9f, 0xf8,
    0x00, 0x00, 0x00, 0x00, 0x4e, 0xe3, 0x00, 0x00, 0x00, 0x00, 0x00, 0x00, 0x00, 0x00, 0x00, 0x00,
    0x00, 0x00, 0x00, 0x00, 0x00, 0x00, 0x00, 0x00, 0x00, 0x00, 0x1f, 0xff, 0xff, 0xf8, 0x00, 0x00,
    0x1f, 0xff, 0xff, 0xf8, 0x00, 0x00, 0x01, 0x11, 0x1b, 0xf8, 0x00, 0x00, 0x00, 0x00, 0x0b, 0xf8,
    0x00, 0x00, 0x00, 0x00, 0x0b, 0xf8, 0x00, 0x00, 0x00, 0x00, 0x0b, 0xf8, 0x00, 0x00, 0x00, 0x00,
    0x0b, 0xf8, 0x00, 0x00, 0x00, 0x00, 0x0b, 0xf8, 0x00, 0x00, 0x00, 0x00, 0x0b, 0xf8, 0x00, 0x00,
    0x00, 0x00, 0x0b, 0xf8, 0x00, 0x00, 0x00, 0x00, 0x0b, 0xf8, 0x00, 0x00, 0x1d, 0xdd, 0xdf, 0xfe,
    0xdd, 0xdc, 0x1f, 0xff, 0xff, 0xff, 0xff, 0xfe, 0x00, 0x00, 0x00, 0x3d, 0xc2, 0x00, 0x00, 0x00,
    0x9f, 0xf8, 0x00, 0x00, 0x00, 0x4e, 0xe3, 0x00, 0x00, 0x00, 0x00, 0x00, 0x00, 0x00, 0x00, 0x00,
    0x00, 0x00, 0x00, 0x00, 0x00, 0x00, 0x08, 0xff, 0xff, 0xff, 0xf8, 0x08, 0xff, 0xff, 0xff, 0xf8,
    0x00, 0x11, 0x11, 0x1b, 0xf8, 0x00, 0x00, 0x00, 0x0b, 0xf8, 0x00, 0x00, 0x00, 0x0b, 0xf8, 0x00,
    0x00, 0x00, 0x0b, 0xf8, 0x00, 0x00, 0x00, 0x0b, 0xf8, 0x00, 0x00, 0x00, 0x0b, 0xf8, 0x00, 0x00,
    0x00, 0x0b, 0xf8, 0x00, 0x00, 0x00, 0x0b, 0xf8, 0x00, 0x00, 0x00, 0x0b, 0xf8, 0x00, 0x00, 0x00,
    0x0b, 0xf8, 0x00, 0x00, 0x00, 0x0b, 0xf8, 0x00, 0x00, 0x00, 0x0d, 0xf8, 0x00, 0x00, 0x00, 0x1f,
    0xf5, 0x05, 0x31, 0x03, 0xbf, 0xf1, 0x1f, 0xff, 0xff, 0xff, 0x80, 0x0a, 0xce, 0xfd, 0xb4, 0x00,
    0xbf, 0x80, 0x00, 0x00, 0x00, 0x00, 0x0b, 0xf8, 0x00, 0x00, 0x00, 0x00, 0x00, 0xbf, 0x80, 0x00,
    0x00, 0x00, 0x00, 0x0b, 0xf8, 0x00, 0x00, 0x00, 0x00, 0x00, 0xbf, 0x80, 0x00, 0x00, 0x00, 0x00,
    0x0b, 0xf8, 0x00, 0x00, 0x00, 0x00, 0x00, 0xbf, 0x80, 0x00, 0x00, 0x6f, 0xf3, 0x0b, 0xf8, 0x00,
    0x00, 0x4f, 0xf5, 0x00, 0xbf, 0x80, 0x00, 0x2e, 0xf7, 0x00, 0x0b, 0xf8, 0x00, 0x1d, 0xf9, 0x00,
    0x00, 0xbf, 0x80, 0x0b, 0xfb, 0x00, 0x00, 0x0b, 0xfe, 0xdd, 0xfd, 0x10, 0x00, 0x00, 0xbf, 0xff,
    0xff, 0xf2, 0x00, 0x00, 0x0b, 0xf8, 0x00, 0xdf, 0xd1, 0x00, 0x00, 0xbf, 0x80, 0x02, 0xef, 0xb0,
    0x00, 0x0b, 0xf8, 0x00, 0x04, 0xff, 0x80, 0x00, 0xbf, 0x80, 0x00, 0x07, 0xff, 0x50, 0x0b, 0xf8,
    0x00, 0x00, 0x0a, 0xff, 0x30, 0xbf, 0x80, 0x00, 0x00, 0x0d, 0xfe, 0x10, 0x1f, 0xff, 0xff, 0xf8,
    0x00, 0x00, 0x1f, 0xff, 0xff, 0xf8, 0x00, 0x00, 0x01, 0x11, 0x1b, 0xf8, 0x00, 0x00, 0x00, 0x00,
    0x0b, 0xf8, 0x00, 0x00, 0x00, 0x00, 0x0b, 0xf8, 0x00, 0x00, 0x00, 0x00, 0x0b, 0xf8, 0x00, 0x00,
    0x00, 0x00, 0x0b, 0xf8, 0x00, 0x00, 0x00, 0x00, 0x0b, 0xf8, 0x00, 0x00, 0x00, 0x00, 0x0b, 0xf8,
    0x00, 0x00, 0x00, 0x00, 0x0b, 0xf8, 0x00, 0x00, 0x00, 0x00, 0x0b, 0xf8, 0x00, 0x00, 0x00, 0x00,
    0x0b, 0xf8, 0x00, 0x00, 0x00, 0x00, 0x0b, 0xf8, 0x00, 0x00, 0x00, 0x00, 0x0b, 0xf8, 0x00, 0x00,
    0x00, 0x00, 0x0b, 0xf8, 0x00, 0x00, 0x00, 0x00, 0x0b, 0xf8, 0x00, 0x00, 0x00, 0x00, 0x0b, 0xf8,
    0x00, 0x00, 0x1d, 0xdd, 0xdf, 0xfe, 0xdd, 0xdc, 0x1f, 0xff, 0xff, 0xff, 0xff, 0xfe, 0x3f, 0x92,
    0xce, 0xa0, 0x5e, 0xe6, 0x03, 0xfb, 0xdf, 0xff, 0x8f, 0xff, 0xf0, 0x3f, 0xf5, 0x0d, 0xfc, 0x13,
    0xff, 0x03, 0xfd, 0x00, 0x9f, 0x70, 0x0f, 0xf0, 0x3f, 0xd0, 0x09, 0xf7, 0x00, 0xff, 0x03, 0xfd,
    0x00, 0x9f, 0x70, 0x0f, 0xf0, 0x3f, 0xd0, 0x09, 0xf7, 0x00, 0xff, 0x03, 0xfd, 0x00, 0x9f, 0x70,
    0x0f, 0xf0, 0x3f, 0xd0, 0x09, 0xf7, 0x00, 0xff, 0x03, 0xfd, 0x00, 0x9f, 0x70, 0x0f, 0xf0, 0x3f,
    0xd0, 0x09, 0xf7, 0x00, 0xff, 0x03, 0xfd, 0x00, 0x9f, 0x70, 0x0f, 0xf0, 0x3f, 0xd0, 0x09, 0xf7,
    0x00, 0xff, 0x00, 0xbf, 0x30, 0x5c, 0xee, 0xb2, 0x0b, 0xf5, 0x9f, 0xfe, 0xff, 0xe1, 0xbf, 0xfc,
    0x30, 0x06, 0xff, 0x6b, 0xfb, 0x00, 0x00, 0x0d, 0xf8, 0xbf, 0x80, 0x00, 0x00, 0xbf, 0x9b, 0xf8,
    0x00, 0x00, 0x0a, 0xf9, 0xbf, 0x80, 0x00, 0x00, 0xaf, 0x9b, 0xf8, 0x00, 0x00, 0x0a, 0xf9, 0xbf,
    0x80, 0x00, 0x00, 0xaf, 0x9b, 0xf8, 0x00, 0x00, 0x0a, 0xf9, 0xbf, 0x80, 0x00, 0x00, 0xaf, 0x9b,
    0xf8, 0x00, 0x00, 0x0a, 0xf9, 0xbf, 0x80, 0x00, 0x00, 0xaf, 0x90, 0x00, 0x03, 0xad, 0xfc, 0x92,
    0x00, 0x00, 0x08, 0xff, 0xfe, 0xff, 0xf6, 0x00, 0x05, 0xff, 0x70, 0x01, 0x9f, 0xf3, 0x00, 0xef,
    0x80, 0x00, 0x00, 0xaf, 0xd0, 0x3f, 0xf1, 0x00, 0x00, 0x03, 0xff, 0x16, 0xfe, 0x00, 0x00, 0x00,
    0x0f, 0xf4, 0x8f, 0xc0, 0x00, 0x00, 0x00, 0xff, 0x66, 0xfd, 0x00, 0x00, 0x00, 0x0f, 0xf4, 0x4f,
    0xf0, 0x00, 0x00, 0x03, 0xff, 0x10, 0xef, 0x70, 0x00, 0x00, 0xaf, 0xd0, 0x06, 0xff, 0x60, 0x00,
    0x8f, 0xf4, 0x00, 0x09, 0xff, 0xfe, 0xff, 0xf7, 0x00, 0x00, 0x03, 0xad, 0xfd, 0xa2, 0x00, 0x00,
    0xbf, 0x30, 0x8d, 0xfc, 0x80, 0x00, 0xbf, 0x6c, 0xff, 0xff, 0xfc, 0x10, 0xbf, 0xfa, 0x20, 0x18,
    0xff, 0x80, 0xbf, 0x90, 0x00, 0x00, 0x9f, 0xe0, 0xbf, 0x80, 0x00, 0x00, 0x2f, 0xf3, 0xbf, 0x80,
    0x00, 0x00, 0x0f, 0xf5, 0xbf, 0x80, 0x00, 0x00, 0x0e, 0xf6, 0xbf, 0x80, 0x00, 0x00, 0x0f, 0xf4,
    0xbf, 0x80, 0x00, 0x00, 0x2f, 0xf2, 0xbf, 0x90, 0x00, 0x00, 0x9f, 0xe0, 0xbf, 0xf9, 0x20, 0x18,
    0xff, 0x70, 0xbf, 0x9c, 0xff, 0xff, 0xfc, 0x00, 0xbf, 0x80, 0x8e, 0xfc, 0x80, 0x00, 0xbf, 0x80,
    0x00, 0x00, 0x00, 0x00, 0xbf, 0x80, 0x00, 0x00, 0x00, 0x00, 0xbf, 0x80, 0x00, 0x00, 0x00, 0x00,
    0xbf, 0x80, 0x00, 0x00, 0x00, 0x00, 0x45, 0x30, 0x00, 0x00, 0x00, 0x00, 0x00, 0x19, 0xdf, 0xd8,
    0x06, 0xf9, 0x01, 0xdf, 0xff, 0xff, 0xca, 0xf9, 0x0a, 0xff, 0x61, 0x03, 0xbf, 0xf9, 0x1f, 0xf7,
    0x00, 0x00, 0x0b, 0xf9, 0x5f, 0xf0, 0x00, 0x00, 0x0a, 0xf9, 0x7f, 0xe0, 0x00, 0x00, 0x0a, 0xf9,
    0x8f, 0xc0, 0x00, 0x00, 0x0a, 0xf9, 0x7f, 0xd0, 0x00, 0x00, 0x0a, 0xf9, 0x5f, 0xf0, 0x00, 0x00,
    0x0a, 0xf9, 0x2f, 0xf6, 0x00, 0x00, 0x0b, 0xf9, 0x0a, 0xff, 0x60, 0x03, 0xbf, 0xf9, 0x02, 0xdf,
    0xff, 0xff, 0xab, 0xf9, 0x00, 0x19, 0xdf, 0xd6, 0x0a, 0xf9, 0x00, 0x00, 0x00, 0x00, 0x0a, 0xf9,
    0x00, 0x00, 0x00, 0x00, 0x0a, 0xf9, 0x00, 0x00, 0x00, 0x00, 0x0a, 0xf9, 0x00, 0x00, 0x00, 0x00,
    0x0a, 0xf9, 0x00, 0x00, 0x00, 0x00, 0x03, 0x53, 0x4f, 0xff, 0xff, 0x00, 0x7c, 0xff, 0x33, 0xdd,
    0xdf, 0xf2, 0xcf, 0xff, 0xf3, 0x00, 0x00, 0xff, 0xfe, 0x96, 0x44, 0x00, 0x00, 0x0f, 0xf8, 0x00,
    0x00, 0x00, 0x00, 0x00, 0xff, 0x40, 0x00, 0x00, 0x00, 0x00, 0x0f, 0xf4, 0x00, 0x00, 0x00, 0x00,
    0x00, 0xff, 0x40, 0x00, 0x00, 0x00, 0x00, 0x0f, 0xf4, 0x00, 0x00, 0x00, 0x00, 0x00, 0xff, 0x40,
    0x00, 0x00, 0x00, 0x00, 0x0f, 0xf4, 0x00, 0x00, 0x00, 0x00, 0x00, 0xff, 0x40, 0x00, 0x00, 0x03,
    0xdd, 0xdf, 0xfd, 0xdd, 0xd8, 0x00, 0x4f, 0xff, 0xff, 0xff, 0xff, 0x90, 0x00, 0x00, 0x17, 0xce,
    0xfe, 0xc6, 0x00, 0x01, 0xef, 0xfc, 0xbd, 0xff, 0xc0, 0x0a, 0xfb, 0x00, 0x00, 0x3e, 0xf6, 0x0d,
    0xf5, 0x00, 0x00, 0x06, 0xc7, 0x0b, 0xfd, 0x30, 0x00, 0x00, 0x00, 0x03, 0xff, 0xfd, 0x95, 0x10,
    0x00, 0x00, 0x2a, 0xff, 0xff, 0xfc, 0x40, 0x00, 0x00, 0x04, 0x8c, 0xff, 0xf5, 0x00, 0x10, 0x00,
    0x00, 0x2d, 0xfb, 0x5f, 0xd0, 0x00, 0x00, 0x07, 0xfc, 0x0f, 0xf9, 0x00, 0x00, 0x2d, 0xf8, 0x05,
    0xff, 0xfc, 0xcd, 0xff, 0xc0, 0x00, 0x39, 0xde, 0xfd, 0xb6, 0x00, 0x00, 0x03, 0xdd, 0x00, 0x00,
    0x00, 0x00, 0x04, 0xff, 0x00, 0x00, 0x00, 0x00, 0x04, 0xff, 0x00, 0x00, 0x00, 0x00, 0x04, 0xff,
    0x00, 0x00, 0x00, 0xdf, 0xff, 0xff, 0xff, 0xff, 0xfa, 0xbd, 0xde, 0xff, 0xdd, 0xdd, 0xd9, 0x00,
    0x04, 0xff, 0x00, 0x00, 0x00, 0x00, 0x04, 0xff, 0x00, 0x00, 0x00, 0x00, 0x04, 0xff, 0x00, 0x00,
    0x00, 0x00, 0x04, 0xff, 0x00, 0x00, 0x00, 0x00, 0x04, 0xff, 0x00, 0x00, 0x00, 0x00, 0x04, 0xff,
    0x00, 0x00, 0x00, 0x00, 0x03, 0xff, 0x10, 0x00, 0x00, 0x00, 0x01, 0xff, 0x40, 0x00, 0x00, 0x00,
    0x00, 0xdf, 0xd3, 0x01, 0x35, 0x00, 0x00, 0x4f, 0xff, 0xff, 0xff, 0x00, 0x00, 0x03, 0xbd, 0xfe,
    0xc9, 0xbf, 0x80, 0x00, 0x00, 0xaf, 0x9b, 0xf8, 0x00, 0x00, 0x0a, 0xf9, 0xbf, 0x80, 0x00, 0x00,
    0xaf, 0x9b, 0xf8, 0x00, 0x00, 0x0a, 0xf9, 0xbf, 0x80, 0x00, 0x00, 0xaf, 0x9b, 0xf8, 0x00, 0x00,
    0x0a, 0xf9, 0xbf, 0x80, 0x00, 0x00, 0xaf, 0x9b, 0xf8, 0x00, 0x00, 0x0a, 0xf9, 0xbf, 0x80, 0x00,
    0x00, 0xaf, 0x9a, 0xfa, 0x00, 0x00, 0x0c, 0xf9, 0x8f, 0xf3, 0x00, 0x4d, 0xff, 0x92, 0xff, 0xfe,
    0xff, 0x87, 0xf9, 0x04, 0xcf, 0xeb, 0x40, 0x6f, 0x90, 0x9f, 0xc0, 0x00, 0x00, 0x00, 0xcf, 0x73,
    0xff, 0x20, 0x00, 0x00, 0x2f, 0xf1, 0x0d, 0xf8, 0x00, 0x00, 0x07, 0xfb, 0x00, 0x7f, 0xe0, 0x00,
    0x00, 0xdf, 0x40, 0x01, 0xff, 0x40, 0x00, 0x3f, 0xe0, 0x00, 0x0a, 0xfa, 0x00, 0x09, 0xf8, 0x00,
    0x00, 0x4f, 0xf1, 0x00, 0xff, 0x20, 0x00, 0x00, 0xdf, 0x60, 0x5f, 0xb0, 0x00, 0x00, 0x07, 0xfc,
    0x0b, 0xf5, 0x00, 0x00, 0x00, 0x1f, 0xf4, 0xfe, 0x00, 0x00, 0x00, 0x00, 0xbf, 0xff, 0x80, 0x00,
    0x00, 0x00, 0x04, 0xff, 0xf2, 0x00, 0x00, 0x00, 0x00, 0x0e, 0xfc, 0x00, 0x00, 0x00, 0x9f, 0x90,
    0x00, 0x00, 0x00, 0x00, 0xaf, 0x65, 0xfc, 0x00, 0x00, 0x00, 0x00, 0x0d, 0xf3, 0x2f, 0xf0, 0x00,
    0x5f, 0x70, 0x00, 0xff, 0x00, 0xef, 0x30, 0x0a, 0xfb, 0x00, 0x4f, 0xc0, 0x0a, 0xf6, 0x00, 0xef,
    0xf0, 0x07, 0xf8, 0x00, 0x7f, 0x90, 0x3f, 0x9f, 0x30, 0xaf, 0x40, 0x03, 0xfd, 0x07, 0xe1, 0xf7,
    0x0e, 0xf1, 0x00, 0x0f, 0xf0, 0xca, 0x0d, 0xc1, 0xfd, 0x00, 0x00, 0xcf, 0x4f, 0x50, 0x9f, 0x5f,
    0xa0, 0x00, 0x08, 0xfd, 0xf1, 0x04, 0xfd, 0xf6, 0x00, 0x00, 0x5f, 0xfc, 0x00, 0x0f, 0xff, 0x20,
    0x00, 0x01, 0xff, 0x80, 0x00, 0xcf, 0xf0, 0x00, 0x00, 0x0e, 0xf3, 0x00, 0x08, 0xfb, 0x00, 0x00,
    0x7f, 0xf4, 0x00, 0x00, 0x04, 0xff, 0x50, 0xbf, 0xe2, 0x00, 0x01, 0xef, 0x90, 0x01, 0xef, 0xc0,
    0x00, 0xbf, 0xc0, 0x00, 0x03, 0xff, 0x90, 0x7f, 0xe1, 0x00, 0x00, 0x06, 0xff, 0x8f, 0xf4, 0x00,
    0x00, 0x00, 0x0a, 0xff, 0xf8, 0x00, 0x00, 0x00, 0x00, 0x2f, 0xff, 0x00, 0x00, 0x00, 0x00, 0x0c,
    0xff, 0xfa, 0x00, 0x00, 0x00, 0x09, 0xfd, 0x6f, 0xf6, 0x00, 0x00, 0x05, 0xff, 0x30, 0x9f, 0xf3,
    0x00, 0x02, 0xff, 0x70, 0x00, 0xcf, 0xe1, 0x00, 0xdf, 0xb0, 0x00, 0x01, 0xef, 0xb0, 0xaf, 0xe1,
    0x00, 0x00, 0x04, 0xff, 0x80, 0xbf, 0xb0, 0x00, 0x00, 0x00, 0xbf, 0x94, 0xff, 0x20, 0x00, 0x00,
    0x1f, 0xf3, 0x0d, 0xf8, 0x00, 0x00, 0x06, 0xfd, 0x00, 0x7f, 0xe0, 0x00, 0x00, 0xcf, 0x70, 0x01,
    0xff, 0x50, 0x00, 0x2f, 0xf1, 0x00, 0x0a, 0xfc, 0x00, 0x07, 0xfb, 0x00, 0x00, 0x3f, 0xf3, 0x00,
    0xdf, 0x50, 0x00, 0x00, 0xcf, 0x90, 0x3f, 0xe0, 0x00, 0x00, 0x06, 0xff, 0x19, 0xf9, 0x00, 0x00,
    0x00, 0x0e, 0xf7, 0xef, 0x30, 0x00, 0x00, 0x00, 0x8f, 0xff, 0xd0, 0x00, 0x00, 0x00, 0x02, 0xff,
    0xf7, 0x00, 0x00, 0x00, 0x00, 0x0b, 0xff, 0x10, 0x00, 0x00, 0x00, 0x00, 0x9f, 0xa0, 0x00, 0x00,
    0x00, 0x00, 0x1f, 0xf3, 0x00, 0x00, 0x01, 0x11, 0x5d, 0xf9, 0x00, 0x00, 0x00, 0x8f, 0xff, 0xfb,
    0x00, 0x00, 0x00, 0x07, 0xfe, 0xb5, 0x00, 0x00, 0x00, 0x00, 0xef, 0xff, 0xff, 0xff, 0xff, 0x5c,
    0xdd, 0xdd, 0xdd, 0xff, 0xf2, 0x00, 0x00, 0x00, 0x4f, 0xf7, 0x00, 0x00, 0x00, 0x1e, 0xfb, 0x00,
    0x00, 0x00, 0x0b, 0xfe, 0x10, 0x00, 0x00, 0x06, 0xff, 0x40, 0x00, 0x00, 0x03, 0xff, 0x90, 0x00,
    0x00, 0x00, 0xdf, 0xc0, 0x00, 0x00, 0x00, 0x9f, 0xf2, 0x00, 0x00, 0x00, 0x5f, 0xf5, 0x00, 0x00,
    0x00, 0x2f, 0xfa, 0x00, 0x00, 0x00, 0x0c, 0xff, 0xdd, 0xdd, 0xdd, 0xda, 0xef, 0xff, 0xff, 0xff,
    0xff, 0xc0, 0x00, 0x00, 0x00, 0x6b, 0xef, 0xff, 0x40, 0x00, 0x00, 0x8f, 0xff, 0xdc, 0xc3, 0x00,
    0x00, 0x0e, 0xfb, 0x00, 0x00, 0x00, 0x00, 0x01, 0xff, 0x40, 0x00, 0x00, 0x00, 0x00, 0x0f, 0xf4,
    0x00, 0x00, 0x00, 0x00, 0x00, 0xdf, 0x60, 0x00, 0x00, 0x00, 0x00, 0x09, 0xf9, 0x00, 0x00, 0x00,
    0x00, 0x00, 0x8f, 0xb0, 0x00, 0x00, 0x00, 0x00, 0x09, 0xfb, 0x00, 0x00, 0x00, 0x00, 0x03, 0xff,
    0x70, 0x00, 0x00, 0x14, 0x6a, 0xff, 0xc0, 0x00, 0x00, 0x06, 0xff, 0xfc, 0x60, 0x00, 0x00, 0x00,
    0x6f, 0xff, 0xe9, 0x10, 0x00, 0x00, 0x00, 0x13, 0x7f, 0xfd, 0x10, 0x00, 0x00, 0x00, 0x00, 0x1f,
    0xf8, 0x00, 0x00, 0x00, 0x00, 0x00, 0x9f, 0xc0, 0x00, 0x00, 0x00, 0x00, 0x08, 0xfb, 0x00, 0x00,
    0x00, 0x00, 0x00, 0xaf, 0x90, 0x00, 0x00, 0x00, 0x00, 0x0d, 0xf6, 0x00, 0x00, 0x00, 0x00, 0x00,
    0xff, 0x40, 0x00, 0x00, 0x00, 0x00, 0x1f, 0xf4, 0x00, 0x00, 0x00, 0x00, 0x00, 0xef, 0xb0, 0x00,
    0x00, 0x00, 0x00, 0x08, 0xff, 0xfc, 0xbb, 0x30, 0x00, 0x00, 0x06, 0xce, 0xff, 0xf4, 0xbf, 0x9b,
    0xf9, 0xbf, 0x9b, 0xf9, 0xbf, 0x9b, 0xf9, 0xbf, 0x9b, 0xf9, 0xbf, 0x9b, 0xf9, 0xbf, 0x9b, 0xf9,
    0xbf, 0x9b, 0xf9, 0xbf, 0x9b, 0xf9, 0xbf, 0x9b, 0xf9, 0xbf, 0x9b, 0xf9, 0xbf, 0x9b, 0xf9, 0xbf,
    0x9b, 0xf9, 0x6f, 0xff, 0xeb, 0x40, 0x00, 0x00, 0x05, 0xcc, 0xdf, 0xff, 0x60, 0x00, 0x00, 0x00,
    0x00, 0x1d, 0xfc, 0x00, 0x00, 0x00, 0x00, 0x00, 0x6f, 0xf0, 0x00, 0x00, 0x00, 0x00, 0x06, 0xfd,
    0x00, 0x00, 0x00, 0x00, 0x00, 0x8f, 0xa0, 0x00, 0x00, 0x00, 0x00, 0x0b, 0xf7, 0x00, 0x00, 0x00,
    0x00, 0x00, 0xdf, 0x50, 0x00, 0x00, 0x00, 0x00, 0x0e, 0xf7, 0x00, 0x00, 0x00, 0x00, 0x00, 0x9f,
    0xe2, 0x00, 0x00, 0x00, 0x00, 0x01, 0xdf, 0xf9, 0x53, 0x00, 0x00, 0x00, 0x01, 0x7c, 0xff, 0xf4,
    0x00, 0x00, 0x00, 0x2a, 0xff, 0xff, 0x40, 0x00, 0x00, 0x3e, 0xfe, 0x62, 0x00, 0x00, 0x00, 0x0a,
    0xfd, 0x00, 0x00, 0x00, 0x00, 0x00, 0xef, 0x60, 0x00, 0x00, 0x00, 0x00, 0x0d, 0xf6, 0x00, 0x00,
    0x00, 0x00, 0x00, 0xbf, 0x70, 0x00, 0x00, 0x00, 0x00, 0x08, 0xfb, 0x00, 0x00, 0x00, 0x00, 0x00,
    0x6f, 0xd0, 0x00, 0x00, 0x00, 0x00, 0x07, 0xff, 0x00, 0x00, 0x00, 0x00, 0x01, 0xdf, 0xc0, 0x00,
    0x00, 0x5b, 0xbd, 0xff, 0xf6, 0x00, 0x00, 0x06, 0xff, 0xfe, 0xb4, 0x00, 0x00, 0x00, 0x00, 0x00,
    0x00, 0x00, 0x00, 0x00, 0x00, 0x0a, 0xfe, 0x90, 0x00, 0x07, 0xa1, 0x08, 0xff, 0xff, 0xb0, 0x00,
    0xdf, 0x00, 0xff, 0x32, 0xbf, 0xb3, 0x6f, 0xc0, 0x2f, 0xa0, 0x00, 0xbf, 0xff, 0xf5, 0x02, 0x95,
    0x00, 0x00, 0x8d, 0xe7, 0x00,
};

static const lv_font_fmt_txt_glyph_dsc_t catnip_font_24_dsc[] = {
    {.bitmap_index = 0, .adv_w = 0, .box_w = 0, .box_h = 0, .ofs_x = 0, .ofs_y = 0},
    {.bitmap_index = 0, .adv_w = 238, .box_w = 0, .box_h = 0, .ofs_x = 0, .ofs_y = 0},
    {.bitmap_index = 0, .adv_w = 238, .box_w = 5, .box_h = 18, .ofs_x = 5, .ofs_y = 0},
    {.bitmap_index = 45, .adv_w = 238, .box_w = 9, .box_h = 8, .ofs_x = 3, .ofs_y = 10},
    {.bitmap_index = 81, .adv_w = 238, .box_w = 15, .box_h = 21, .ofs_x = 0, .ofs_y = -3},
    {.bitmap_index = 239, .adv_w = 238, .box_w = 13, .box_h = 26, .ofs_x = 1, .ofs_y = -4},
    {.bitmap_index = 408, .adv_w = 238, .box_w = 14, .box_h = 18, .ofs_x = 0, .ofs_y = 0},
    {.bitmap_index = 534, .adv_w = 238, .box_w = 14, .box_h = 18, .ofs_x = 1, .ofs_y = 0},
    {.bitmap_index = 660, .adv_w = 238, .box_w = 3, .box_h = 8, .ofs_x = 6, .ofs_y = 10},
    {.bitmap_index = 672, .adv_w = 238, .box_w = 9, .box_h = 24, .ofs_x = 4, .ofs_y = -5},
    {.bitmap_index = 780, .adv_w = 238, .box_w = 9, .box_h = 24, .ofs_x = 2, .ofs_y = -5},
    {.bitmap_index = 888, .adv_w = 238, .box_w = 13, .box_h = 12, .ofs_x = 1, .ofs_y = 2},
    {.bitmap_index = 966, .adv_w = 238, .box_w = 13, .box_h = 12, .ofs_x = 1, .ofs_y = 2},
    {.bitmap_index = 1044, .adv_w = 238, .box_w = 5, .box_h = 10, .ofs_x = 5, .ofs_y = -6},
    {.bitmap_index = 1069, .adv_w = 238, .box_w = 9, .box_h = 2, .ofs_x = 3, .ofs_y = 7},
    {.bitmap_index = 1078, .adv_w = 238, .box_w = 5, .box_h = 5, .ofs_x = 5, .ofs_y = -1},
    {.bitmap_index = 1091, .adv_w = 238, .box_w = 12, .box_h = 20, .ofs_x = 1, .ofs_y = -2},
    {.bitmap_index = 1211, .adv_w = 238, .box_w = 13, .box_h = 19, .ofs_x = 1, .ofs_y = 0},
    {.bitmap_index = 1335, .adv_w = 238, .box_w = 12, .box_h = 18, .ofs_x = 2, .ofs_y = 0},
    {.bitmap_index = 1443, .adv_w = 238, .box_w = 13, .box_h = 18, .ofs_x = 1, .ofs_y = 0},
    {.bitmap_index = 1560, .adv_w = 238, .box_w = 13, .box_h = 18, .ofs_x = 1, .ofs_y = 0},
    {.bitmap_index = 1677, .adv_w = 238, .box_w = 13, .box_h = 18, .ofs_x = 1, .ofs_y = 0},
    {.bitmap_index = 1794, .adv_w = 238, .box_w = 13, .box_h = 18, .ofs_x = 1, .ofs_y = 0},
    {.bitmap_index = 1911, .adv_w = 238, .box_w = 13, .box_h = 18, .ofs_x = 1, .ofs_y = 0},
    {.bitmap_index = 2028, .adv_w = 238, .box_w = 13, .box_h = 18, .ofs_x = 1, .ofs_y = 0},
    {.bitmap_index = 2145, .adv_w = 238, .box_w = 13, .box_h = 18, .ofs_x = 1, .ofs_y = 0},
    {.bitmap_index = 2262, .adv_w = 238, .box_w = 13, .box_h = 18, .ofs_x = 1, .ofs_y = 0},
    {.bitmap_index = 2379, .adv_w = 238, .box_w = 5, .box_h = 15, .ofs_x = 5, .ofs_y = -1},
    {.bitmap_index = 2417, .adv_w = 238, .box_w = 5, .box_h = 20, .ofs_x = 5, .ofs_y = -6},
    {.bitmap_index = 2467, .adv_w = 238, .box_w = 11, .box_h = 15, .ofs_x = 2, .ofs_y = 0},
    {.bitmap_index = 2550, .adv_w = 238, .box_w = 11, .box_h = 8, .ofs_x = 2, .ofs_y = 4},
    {.bitmap_index = 2594, .adv_w = 238, .box_w = 11, .box_h = 15, .ofs_x = 2, .ofs_y = 0},
    {.bitmap_index = 2677, .adv_w = 238, .box_w = 12, .box_h = 18, .ofs_x = 1, .ofs_y = 0},
    {.bitmap_index = 2785, .adv_w = 238, .box_w = 14, .box_h = 23, .ofs_x = 1, .ofs_y = -5},
    {.bitmap_index = 2946, .adv_w = 238, .box_w = 15, .box_h = 18, .ofs_x = 0, .ofs_y = 0},
    {.bitmap_index = 3081, .adv_w = 238, .box_w = 12, .box_h = 18, .ofs_x = 2, .ofs_y = 0},
    {.bitmap_index = 3189, .adv_w = 238, .box_w = 13, .box_h = 18, .ofs_x = 1, .ofs_y = 0},
    {.bitmap_index = 3306, .adv_w = 238, .box_w = 12, .box_h = 18, .ofs_x = 2, .ofs_y = 0},
    {.bitmap_index = 3414, .adv_w = 238, .box_w = 11, .box_h = 18, .ofs_x = 2, .ofs_y = 0},
    {.bitmap_index = 3513, .adv_w = 238, .box_w = 11, .box_h = 18, .ofs_x = 2, .ofs_y = 0},
    {.bitmap_index = 3612, .adv_w = 238, .box_w = 13, .box_h = 18, .ofs_x = 1, .ofs_y = 0},
    {.bitmap_index = 3729, .adv_w = 238, .box_w = 11, .box_h = 18, .ofs_x = 2, .ofs_y = 0},
    {.bitmap_index = 3828, .adv_w = 238, .box_w = 12, .box_h = 18, .ofs_x = 1, .ofs_y = 0},
    {.bitmap_index = 3936, .adv_w = 238, .box_w = 11, .box_h = 18, .ofs_x = 2, .ofs_y = 0},
    {.bitmap_index = 4035, .adv_w = 238, .box_w = 12, .box_h = 18, .ofs_x = 2, .ofs_y = 0},
    {.bitmap_index = 4143, .adv_w = 238, .box_w = 12, .box_h = 18, .ofs_x = 2, .ofs_y = 0},
    {.bitmap_index = 4251, .adv_w = 238, .box_w = 13, .box_h = 18, .ofs_x = 1, .ofs_y = 0},
    {.bitmap_index = 4368, .adv_w = 238, .box_w = 11, .box_h = 18, .ofs_x = 2, .ofs_y = 0},
    {.bitmap_index = 4467, .adv_w = 238, .box_w = 13, .box_h = 18, .ofs_x = 1, .ofs_y = 0},
    {.bitmap_index = 4584, .adv_w = 238, .box_w = 12, .box_h = 18, .ofs_x = 2, .ofs_y = 0},
    {.bitmap_index = 4692, .adv_w = 238, .box_w = 13, .box_h = 21, .ofs_x = 1, .ofs_y = -3},
    {.bitmap_index = 4829, .adv_w = 238, .box_w = 12, .box_h = 18, .ofs_x = 2, .ofs_y = 0},
    {.bitmap_index = 4937, .adv_w = 238, .box_w = 13, .box_h = 18, .ofs_x = 1, .ofs_y = 0},
    {.bitmap_index = 5054, .adv_w = 238, .box_w = 13, .box_h = 18, .ofs_x = 1, .ofs_y = 0},
    {.bitmap_index = 5171, .adv_w = 238, .box_w = 12, .box_h = 18, .ofs_x = 1, .ofs_y = 0},
    {.bitmap_index = 5279, .adv_w = 238, .box_w = 13, .box_h = 18, .ofs_x = 1, .ofs_y = 0},
    {.bitmap_index = 5396, .adv_w = 238, .box_w = 15, .box_h = 18, .ofs_x = 0, .ofs_y = 0},
    {.bitmap_index = 5531, .adv_w = 238, .box_w = 14, .box_h = 18, .ofs_x = 0, .ofs_y = 0},
    {.bitmap_index = 5657, .adv_w = 238, .box_w = 15, .box_h = 18, .ofs_x = 0, .ofs_y = 0},
    {.bitmap_index = 5792, .adv_w = 238, .box_w = 13, .box_h = 18, .ofs_x = 1, .ofs_y = 0},
    {.bitmap_index = 5909, .adv_w = 238, .box_w = 9, .box_h = 24, .ofs_x = 4, .ofs_y = -5},
    {.bitmap_index = 6017, .adv_w = 238, .box_w = 11, .box_h = 20, .ofs_x = 2, .ofs_y = -2},
    {.bitmap_index = 6127, .adv_w = 238, .box_w = 9, .box_h = 24, .ofs_x = 2, .ofs_y = -5},
    {.bitmap_index = 6235, .adv_w = 238, .box_w = 13, .box_h = 11, .ofs_x = 1, .ofs_y = 8},
    {.bitmap_index = 6307, .adv_w = 238, .box_w = 13, .box_h = 2, .ofs_x = 1, .ofs_y = -5},
    {.bitmap_index = 6320, .adv_w = 238, .box_w = 8, .box_h = 7, .ofs_x = 3, .ofs_y = 13},
    {.bitmap_index = 6348, .adv_w = 238, .box_w = 13, .box_h = 13, .ofs_x = 1, .ofs_y = 0},
    {.bitmap_index = 6433, .adv_w = 238, .box_w = 12, .box_h = 19, .ofs_x = 2, .ofs_y = 0},
    {.bitmap_index = 6547, .adv_w = 238, .box_w = 13, .box_h = 13, .ofs_x = 1, .ofs_y = 0},
    {.bitmap_index = 6632, .adv_w = 238, .box_w = 12, .box_h = 19, .ofs_x = 1, .ofs_y = 0},
    {.bitmap_index = 6746, .adv_w = 238, .box_w = 13, .box_h = 13, .ofs_x = 1, .ofs_y = 0},
    {.bitmap_index = 6831, .adv_w = 238, .box_w = 13, .box_h = 20, .ofs_x = 1, .ofs_y = 0},
    {.bitmap_index = 6961, .adv_w = 238, .box_w = 12, .box_h = 18, .ofs_x = 1, .ofs_y = -5},
    {.bitmap_index = 7069, .adv_w = 238, .box_w = 11, .box_h = 19, .ofs_x = 2, .ofs_y = 0},
    {.bitmap_index = 7174, .adv_w = 238, .box_w = 12, .box_h = 19, .ofs_x = 1, .ofs_y = 0},
    {.bitmap_index = 7288, .adv_w = 238, .box_w = 10, .box_h = 24, .ofs_x = 1, .ofs_y = -5},
    {.bitmap_index = 7408, .adv_w = 238, .box_w = 13, .box_h = 19, .ofs_x = 2, .ofs_y = 0},
    {.bitmap_index = 7532, .adv_w = 238, .box_w = 12, .box_h = 19, .ofs_x = 1, .ofs_y = 0},
    {.bitmap_index = 7646, .adv_w = 238, .box_w = 13, .box_h = 13, .ofs_x = 1, .ofs_y = 0},
    {.bitmap_index = 7731, .adv_w = 238, .box_w = 11, .box_h = 13, .ofs_x = 2, .ofs_y = 0},
    {.bitmap_index = 7803, .adv_w = 238, .box_w = 13, .box_h = 13, .ofs_x = 1, .ofs_y = 0},
    {.bitmap_index = 7888, .adv_w = 238, .box_w = 12, .box_h = 18, .ofs_x = 2, .ofs_y = -5},
    {.bitmap_index = 7996, .adv_w = 238, .box_w = 12, .box_h = 18, .ofs_x = 1, .ofs_y = -5},
    {.bitmap_index = 8104, .adv_w = 238, .box_w = 13, .box_h = 13, .ofs_x = 1, .ofs_y = 0},
    {.bitmap_index = 8189, .adv_w = 238, .box_w = 12, .box_h = 13, .ofs_x = 1, .ofs_y = 0},
    {.bitmap_index = 8267, .adv_w = 238, .box_w = 12, .box_h = 17, .ofs_x = 1, .ofs_y = 0},
    {.bitmap_index = 8369, .adv_w = 238, .box_w = 11, .box_h = 13, .ofs_x = 2, .ofs_y = 0},
    {.bitmap_index = 8441, .adv_w = 238, .box_w = 13, .box_h = 13, .ofs_x = 1, .ofs_y = 0},
    {.bitmap_index = 8526, .adv_w = 238, .box_w = 15, .box_h = 13, .ofs_x = 0, .ofs_y = 0},
    {.bitmap_index = 8624, .adv_w = 238, .box_w = 13, .box_h = 13, .ofs_x = 1, .ofs_y = 0},
    {.bitmap_index = 8709, .adv_w = 238, .box_w = 13, .box_h = 18, .ofs_x = 1, .ofs_y = -5},
    {.bitmap_index = 8826, .adv_w = 238, .box_w = 11, .box_h = 13, .ofs_x = 2, .ofs_y = 0},
    {.bitmap_index = 8898, .adv_w = 238, .box_w = 13, .box_h = 24, .ofs_x = 1, .ofs_y = -5},
    {.bitmap_index = 9054, .adv_w = 238, .box_w = 3, .box_h = 24, .ofs_x = 6, .ofs_y = -5},
    {.bitmap_index = 9090, .adv_w = 238, .box_w = 13, .box_h = 24, .ofs_x = 1, .ofs_y = -5},
    {.bitmap_index = 9246, .adv_w = 238, .box_w = 13, .box_h = 6, .ofs_x = 1, .ofs_y = 5}
};

static const lv_font_fmt_txt_cmap_t catnip_font_24_cmaps[] = {
    {
        .range_start = 32, .range_length = 95, .glyph_id_start = 1,
        .unicode_list = NULL, .glyph_id_ofs_list = NULL, .list_length = 0,
        .type = LV_FONT_FMT_TXT_CMAP_FORMAT0_TINY
    }
};

static const lv_font_fmt_txt_dsc_t catnip_font_24_font_dsc = {
    .glyph_bitmap = catnip_font_24_bitmap,
    .glyph_dsc = catnip_font_24_dsc,
    .cmaps = catnip_font_24_cmaps,
    /* No kerning. The face is monospaced, so every pair is already the
     * same width apart; a kerning table would be a list of zeroes with
     * a lookup in front of it. */
    .kern_dsc = NULL,
    .kern_scale = 0,
    .cmap_num = 1,
    .bpp = 4,
    .kern_classes = 0,
    .bitmap_format = 0,
};

const lv_font_t catnip_font_24 = {
    .get_glyph_dsc = lv_font_get_glyph_dsc_fmt_txt,
    .get_glyph_bitmap = lv_font_get_bitmap_fmt_txt,
    .line_height = 28,
    .base_line = 5,
    .subpx = LV_FONT_SUBPX_NONE,
    .underline_position = -2,
    .underline_thickness = 1,
    .dsc = &catnip_font_24_font_dsc,
};

/* ---- catnip_font_display: 96 px, 14 glyphs ---------------------------------- */

static LV_ATTRIBUTE_LARGE_CONST const uint8_t catnip_font_display_bitmap[] = {
    0x9f, 0xff, 0xff, 0xff, 0xff, 0xff, 0xff, 0xff, 0xff, 0xff, 0xff, 0xff, 0xff, 0xff, 0xff, 0xf1,
    0x9f, 0xff, 0xff, 0xff, 0xff, 0xff, 0xff, 0xff, 0xff, 0xff, 0xff, 0xff, 0xff, 0xff, 0xff, 0xf1,
    0x9f, 0xff, 0xff, 0xff, 0xff, 0xff, 0xff, 0xff, 0xff, 0xff, 0xff, 0xff, 0xff, 0xff, 0xff, 0xf1,
    0x9f, 0xff, 0xff, 0xff, 0xff, 0xff, 0xff, 0xff, 0xff, 0xff, 0xff, 0xff, 0xff, 0xff, 0xff, 0xf1,
    0x9f, 0xff, 0xff, 0xff, 0xff, 0xff, 0xff, 0xff, 0xff, 0xff, 0xff, 0xff, 0xff, 0xff, 0xff, 0xf1,
    0x9f, 0xff, 0xff, 0xff, 0xff, 0xff, 0xff, 0xff, 0xff, 0xff, 0xff, 0xff, 0xff, 0xff, 0xff, 0xf1,
    0x9f, 0xff, 0xff, 0xff, 0xff, 0xff, 0xff, 0xff, 0xff, 0xff, 0xff, 0xff, 0xff, 0xff, 0xff, 0xf1,
    0x8d, 0xdd, 0xdd, 0xdd, 0xdd, 0xdd, 0xdd, 0xdd, 0xdd, 0xdd, 0xdd, 0xdd, 0xdd, 0xdd, 0xdd, 0xd1,
    0x00, 0x00, 0x00, 0x00, 0x24, 0x31, 0x00, 0x00, 0x00, 0x00, 0x00, 0x00, 0x5b, 0xff, 0xff, 0xfe,
    0x92, 0x00, 0x00, 0x00, 0x01, 0xcf, 0xff, 0xff, 0xff, 0xff, 0xf6, 0x00, 0x00, 0x01, 0xef, 0xff,
    0xff, 0xff, 0xff, 0xff, 0xf8, 0x00, 0x00, 0xcf, 0xff, 0xff, 0xff, 0xff, 0xff, 0xff, 0xf4, 0x00,
    0x5f, 0xff, 0xff, 0xff, 0xff, 0xff, 0xff, 0xff, 0xd0, 0x0a, 0xff, 0xff, 0xff, 0xff, 0xff, 0xff,
    0xff, 0xff, 0x30, 0xff, 0xff, 0xff, 0xff, 0xff, 0xff, 0xff, 0xff, 0xf7, 0x0f, 0xff, 0xff, 0xff,
    0xff, 0xff, 0xff, 0xff, 0xff, 0x81, 0xff, 0xff, 0xff, 0xff, 0xff, 0xff, 0xff, 0xff, 0xf9, 0x0f,
    0xff, 0xff, 0xff, 0xff, 0xff, 0xff, 0xff, 0xff, 0x80, 0xdf, 0xff, 0xff, 0xff, 0xff, 0xff, 0xff,
    0xff, 0xf6, 0x09, 0xff, 0xff, 0xff, 0xff, 0xff, 0xff, 0xff, 0xff, 0x10, 0x2f, 0xff, 0xff, 0xff,
    0xff, 0xff, 0xff, 0xff, 0xa0, 0x00, 0x8f, 0xff, 0xff, 0xff, 0xff, 0xff, 0xff, 0xe1, 0x00, 0x00,
    0xaf, 0xff, 0xff, 0xff, 0xff, 0xff, 0xf3, 0x00, 0x00, 0x00, 0x7f, 0xff, 0xff, 0xff, 0xff, 0xc2,
    0x00, 0x00, 0x00, 0x00, 0x17, 0xbe, 0xff, 0xd9, 0x40, 0x00, 0x00, 0x00, 0x00, 0x00, 0x00, 0x00,
    0x00, 0x00, 0x00, 0x00, 0x00, 0x00, 0x12, 0x34, 0x43, 0x20, 0x00, 0x00, 0x00, 0x00, 0x00, 0x00,
    0x00, 0x00, 0x00, 0x00, 0x00, 0x00, 0x00, 0x00, 0x00, 0x00, 0x00, 0x00, 0x00, 0x04, 0x9c, 0xff,
    0xff, 0xff, 0xff, 0xfe, 0xb7, 0x20, 0x00, 0x00, 0x00, 0x00, 0x00, 0x00, 0x00, 0x00, 0x00, 0x00,
    0x00, 0x00, 0x00, 0x00, 0x00, 0x03, 0xaf, 0xff, 0xff, 0xff, 0xff, 0xff, 0xff, 0xff, 0xff, 0xd6,
    0x10, 0x00, 0x00, 0x00, 0x00, 0x00, 0x00, 0x00, 0x00, 0x00, 0x00, 0x00, 0x00, 0x00, 0x2b, 0xff,
    0xff, 0xff, 0xff, 0xff, 0xff, 0xff, 0xff, 0xff, 0xff, 0xfe, 0x70, 0x00, 0x00, 0x00, 0x00, 0x00,
    0x00, 0x00, 0x00, 0x00, 0x00, 0x00, 0x00, 0x8f, 0xff, 0xff, 0xff, 0xff, 0xff, 0xff, 0xff, 0xff,
    0xff, 0xff, 0xff, 0xff, 0xd3, 0x00, 0x00, 0x00, 0x00, 0x00, 0x00, 0x00, 0x00, 0x00, 0x00, 0x01,
    0xcf, 0xff, 0xff, 0xff, 0xff, 0xff, 0xff, 0xff, 0xff, 0xff, 0xff, 0xff, 0xff, 0xff, 0xf6, 0x00,
    0x00, 0x00, 0x00, 0x00, 0x00, 0x00, 0x00, 0x00, 0x02, 0xdf, 0xff, 0xff, 0xff, 0xff, 0xff, 0xff,
    0xff, 0xff, 0xff, 0xff, 0xff, 0xff, 0xff, 0xff, 0xf7, 0x00, 0x00, 0x00, 0x00, 0x00, 0x00, 0x00,
    0x00, 0x01, 0xef, 0xff, 0xff, 0xff, 0xff, 0xff, 0xff, 0xff, 0xff, 0xff, 0xff, 0xff, 0xff, 0xff,
    0xff, 0xff, 0xf8, 0x00, 0x00, 0x00, 0x00, 0x00, 0x00, 0x00, 0x00, 0xcf, 0xff, 0xff, 0xff, 0xff,
    0xff, 0xff, 0xff, 0xff, 0xff, 0xff, 0xff, 0xff, 0xff, 0xff, 0xff, 0xff, 0xf5, 0x00, 0x00, 0x00,
    0x00, 0x00, 0x00, 0x00, 0xaf, 0xff, 0xff, 0xff, 0xff, 0xff, 0xff, 0xa5, 0x32, 0x01, 0x24, 0x7d,
    0xff, 0xff, 0xff, 0xff, 0xff, 0xff, 0xf2, 0x00, 0x00, 0x00, 0x00, 0x00, 0x00, 0x4f, 0xff, 0xff,
    0xff, 0xff, 0xff, 0xe5, 0x00, 0x00, 0x00, 0x00, 0x00, 0x02, 0xaf, 0xff, 0xff, 0xff, 0xff, 0xff,
    0xc0, 0x00, 0x00, 0x00, 0x00, 0x00, 0x0e, 0xff, 0xff, 0xff, 0xff, 0xff, 0xb1, 0x00, 0x00, 0x00,
    0x00, 0x00, 0x00, 0x00, 0x5f, 0xff, 0xff, 0xff, 0xff, 0xff, 0x70, 0x00, 0x00, 0x00, 0x00, 0x08,
    0xff, 0xff, 0xff, 0xff, 0xff, 0x90, 0x00, 0x00, 0x00, 0x00, 0x00, 0x00, 0x00, 0x00, 0x2e, 0xff,
    0xff, 0xff, 0xff, 0xff, 0x10, 0x00, 0x00, 0x00, 0x01, 0xff, 0xff, 0xff, 0xff, 0xff, 0xb0, 0x00,
    0x00, 0x00, 0x00, 0x00, 0x00, 0x00, 0x00, 0x00, 0x4f, 0xff, 0xff, 0xff, 0xff, 0xf8, 0x00, 0x00,
    0x00, 0x00, 0x8f, 0xff, 0xff, 0xff, 0xff, 0xe1, 0x00, 0x00, 0x00, 0x00, 0x00, 0x00, 0x00, 0x00,
    0x00, 0x00, 0x7f, 0xff, 0xff, 0xff, 0xff, 0xf0, 0x00, 0x00, 0x00, 0x0e, 0xff, 0xff, 0xff, 0xff,
    0xf4, 0x00, 0x00, 0x00, 0x00, 0x00, 0x00, 0x00, 0x00, 0x00, 0x00, 0x00, 0xcf, 0xff, 0xff, 0xff,
    0xff, 0x60, 0x00, 0x00, 0x04, 0xff, 0xff, 0xff, 0xff, 0xfc, 0x00, 0x00, 0x00, 0x00, 0x00, 0x00,
    0x00, 0x00, 0x00, 0x00, 0x00, 0x04, 0xff, 0xff, 0xff, 0xff, 0xfc, 0x00, 0x00, 0x00, 0xaf, 0xff,
    0xff, 0xff, 0xff, 0x50, 0x00, 0x00, 0x00, 0x00, 0x00, 0x00, 0x00, 0x00, 0x00, 0x00, 0x00, 0x0c,
    0xff, 0xff, 0xff, 0xff, 0xf2, 0x00, 0x00, 0x0f, 0xff, 0xff, 0xff, 0xff, 0xe0, 0x00, 0x00, 0x00,
    0x00, 0x00, 0x00, 0x00, 0x00, 0x00, 0x00, 0x00, 0x00, 0x6f, 0xff, 0xff, 0xff, 0xff, 0x70, 0x00,
    0x04, 0xff, 0xff, 0xff, 0xff, 0xf9, 0x00, 0x00, 0x00, 0x00, 0x00, 0x00, 0x00, 0x00, 0x00, 0x00,
    0x00, 0x00, 0x01, 0xff, 0xff, 0xff, 0xff, 0xfc, 0x00, 0x00, 0x8f, 0xff, 0xff, 0xff, 0xff, 0x40,
    0x00, 0x00, 0x00, 0x00, 0x00, 0x00, 0x00, 0x00, 0x00, 0x00, 0x00, 0x00, 0x0c, 0xff, 0xff, 0xff,
    0xff, 0xf1, 0x00, 0x0c, 0xff, 0xff, 0xff, 0xff, 0xf0, 0x00, 0x00, 0x00, 0x00, 0x00, 0x00, 0x00,
    0x00, 0x00, 0x00, 0x00, 0x00, 0x00, 0x7f, 0xff, 0xff, 0xff, 0xff, 0x40, 0x00, 0xff, 0xff, 0xff,
    0xff, 0xfc, 0x00, 0x00, 0x00, 0x00, 0x00, 0x00, 0x00, 0x00, 0x00, 0x00, 0x00, 0x00, 0x00, 0x04,
    0xff, 0xff, 0xff, 0xff, 0xf7, 0x00, 0x3f, 0xff, 0xff, 0xff, 0xff, 0x80, 0x00, 0x00, 0x00, 0x00,
    0x00, 0x00, 0x00, 0x00, 0x00, 0x00, 0x00, 0x00, 0x00, 0x1f, 0xff, 0xff, 0xff, 0xff, 0xb0, 0x06,
    0xff, 0xff, 0xff, 0xff, 0xf6, 0x00, 0x00, 0x00, 0x00, 0x00, 0x00, 0x00, 0x00, 0x00, 0x00, 0x00,
    0x00, 0x00, 0x00, 0xef, 0xff, 0xff, 0xff, 0xfe, 0x00, 0x8f, 0xff, 0xff, 0xff, 0xff, 0x30, 0x00,
    0x00, 0x00, 0x00, 0x00, 0x00, 0x00, 0x00, 0x00, 0x00, 0x00, 0x00, 0x00, 0x0b, 0xff, 0xff, 0xff,
    0xff, 0xf0, 0x0a, 0xff, 0xff, 0xff, 0xff, 0xf1, 0x00, 0x00, 0x00, 0x00, 0x00, 0x00, 0x00, 0x00,
    0x00, 0x00, 0x00, 0x00, 0x00, 0x00, 0x9f, 0xff, 0xff, 0xff, 0xff, 0x20, 0xdf, 0xff, 0xff, 0xff,
    0xff, 0x00, 0x00, 0x00, 0x00, 0x00, 0x00, 0x00, 0x00, 0x00, 0x00, 0x00, 0x00, 0x00, 0x00, 0x07,
    0xff, 0xff, 0xff, 0xff, 0xf5, 0x0e, 0xff, 0xff, 0xff, 0xff, 0xd0, 0x00, 0x00, 0x00, 0x00, 0x00,
    0x00, 0x00, 0x00, 0x00, 0x00, 0x00, 0x00, 0x00, 0x00, 0x5f, 0xff, 0xff, 0xff, 0xff, 0x70, 0xff,
    0xff, 0xff, 0xff, 0xfc, 0x00, 0x00, 0x00, 0x00, 0x00, 0x00, 0x02, 0x54, 0x10, 0x00, 0x00, 0x00,
    0x00, 0x00, 0x04, 0xff, 0xff, 0xff, 0xff, 0xf8, 0x1f, 0xff, 0xff, 0xff, 0xff, 0xb0, 0x00, 0x00,
    0x00, 0x00, 0x00, 0x2d, 0xff, 0xff, 0x80, 0x00, 0x00, 0x00, 0x00, 0x00, 0x3f, 0xff, 0xff, 0xff,
    0xff, 0x92, 0xff, 0xff, 0xff, 0xff, 0xfa, 0x00, 0x00, 0x00, 0x00, 0x00, 0x2f, 0xff, 0xff, 0xff,
    0xa0, 0x00, 0x00, 0x00, 0x00, 0x02, 0xff, 0xff, 0xff, 0xff, 0xfa, 0x3f, 0xff, 0xff, 0xff, 0xff,
    0x90, 0x00, 0x00, 0x00, 0x00, 0x0a, 0xff, 0xff, 0xff, 0xff, 0x20, 0x00, 0x00, 0x00, 0x00, 0x1f,
    0xff, 0xff, 0xff, 0xff, 0xb4, 0xff, 0xff, 0xff, 0xff, 0xf8, 0x00, 0x00, 0x00, 0x00, 0x01, 0xff,
    0xff, 0xff, 0xff, 0xf9, 0x00, 0x00, 0x00, 0x00, 0x00, 0xff, 0xff, 0xff, 0xff, 0xfc, 0x4f, 0xff,
    0xff, 0xff, 0xff, 0x80, 0x00, 0x00, 0x00, 0x00, 0x4f, 0xff, 0xff, 0xff, 0xff, 0xd0, 0x00, 0x00,
    0x00, 0x00, 0x0f, 0xff, 0xff, 0xff, 0xff, 0xc4, 0xff, 0xff, 0xff, 0xff, 0xf8, 0x00, 0x00, 0x00,
    0x00, 0x06, 0xff, 0xff, 0xff, 0xff, 0xff, 0x00, 0x00, 0x00, 0x00, 0x00, 0xff, 0xff, 0xff, 0xff,
    0xfd, 0x5f, 0xff, 0xff, 0xff, 0xff, 0x70, 0x00, 0x00, 0x00, 0x00, 0x8f, 0xff, 0xff, 0xff, 0xff,
    0xf1, 0x00, 0x00, 0x00, 0x00, 0x0f, 0xff, 0xff, 0xff, 0xff, 0xd5, 0xff, 0xff, 0xff, 0xff, 0xf7,
    0x00, 0x00, 0x00, 0x00, 0x08, 0xff, 0xff, 0xff, 0xff, 0xff, 0x10, 0x00, 0x00, 0x00, 0x00, 0xff,
    0xff, 0xff, 0xff, 0xfd, 0x4f, 0xff, 0xff, 0xff, 0xff, 0x80, 0x00, 0x00, 0x00, 0x00, 0x6f, 0xff,
    0xff, 0xff, 0xff, 0xf0, 0x00, 0x00, 0x00, 0x00, 0x0f, 0xff, 0xff, 0xff, 0xff, 0xd4, 0xff, 0xff,
    0xff, 0xff, 0xf8, 0x00, 0x00, 0x00, 0x00, 0x04, 0xff, 0xff, 0xff, 0xff, 0xfd, 0x00, 0x00, 0x00,
    0x00, 0x00, 0xff, 0xff, 0xff, 0xff, 0xfc, 0x4f, 0xff, 0xff, 0xff, 0xff, 0x80, 0x00, 0x00, 0x00,
    0x00, 0x1f, 0xff, 0xff, 0xff, 0xff, 0x90, 0x00, 0x00, 0x00, 0x00, 0x0f, 0xff, 0xff, 0xff, 0xff,
    0xc3, 0xff, 0xff, 0xff, 0xff, 0xf9, 0x00, 0x00, 0x00, 0x00, 0x00, 0x9f, 0xff, 0xff, 0xff, 0xf2,
    0x00, 0x00, 0x00, 0x00, 0x01, 0xff, 0xff, 0xff, 0xff, 0xfb, 0x2f, 0xff, 0xff, 0xff, 0xff, 0xa0,
    0x00, 0x00, 0x00, 0x00, 0x02, 0xef, 0xff, 0xff, 0xf9, 0x00, 0x00, 0x00, 0x00, 0x00, 0x2f, 0xff,
    0xff, 0xff, 0xff, 0xa0, 0xff, 0xff, 0xff, 0xff, 0xfb, 0x00, 0x00, 0x00, 0x00, 0x00, 0x02, 0xdf,
    0xff, 0xf8, 0x00, 0x00, 0x00, 0x00, 0x00, 0x03, 0xff, 0xff, 0xff, 0xff, 0xf9, 0x0f, 0xff, 0xff,
    0xff, 0xff, 0xc0, 0x00, 0x00, 0x00, 0x00, 0x00, 0x00, 0x36, 0x51, 0x00, 0x00, 0x00, 0x00, 0x00,
    0x00, 0x4f, 0xff, 0xff, 0xff, 0xff, 0x70, 0xef, 0xff, 0xff, 0xff, 0xfe, 0x00, 0x00, 0x00, 0x00,
    0x00, 0x00, 0x00, 0x00, 0x00, 0x00, 0x00, 0x00, 0x00, 0x00, 0x06, 0xff, 0xff, 0xff, 0xff, 0xf6,
    0x0c, 0xff, 0xff, 0xff, 0xff, 0xf0, 0x00, 0x00, 0x00, 0x00, 0x00, 0x00, 0x00, 0x00, 0x00, 0x00,
    0x00, 0x00, 0x00, 0x00, 0x7f, 0xff, 0xff, 0xff, 0xff, 0x40, 0x9f, 0xff, 0xff, 0xff, 0xff, 0x10,
    0x00, 0x00, 0x00, 0x00, 0x00, 0x00, 0x00, 0x00, 0x00, 0x00, 0x00, 0x00, 0x00, 0x0a, 0xff, 0xff,
    0xff, 0xff, 0xf1, 0x07, 0xff, 0xff, 0xff, 0xff, 0xf4, 0x00, 0x00, 0x00, 0x00, 0x00, 0x00, 0x00,
    0x00, 0x00, 0x00, 0x00, 0x00, 0x00, 0x00, 0xcf, 0xff, 0xff, 0xff, 0xff, 0x00, 0x4f, 0xff, 0xff,
    0xff, 0xff, 0x60, 0x00, 0x00, 0x00, 0x00, 0x00, 0x00, 0x00, 0x00, 0x00, 0x00, 0x00, 0x00, 0x00,
    0x0e, 0xff, 0xff, 0xff, 0xff, 0xd0, 0x01, 0xff, 0xff, 0xff, 0xff, 0xfa, 0x00, 0x00, 0x00, 0x00,
    0x00, 0x00, 0x00, 0x00, 0x00, 0x00, 0x00, 0x00, 0x00, 0x02, 0xff, 0xff, 0xff, 0xff, 0xf9, 0x00,
    0x0e, 0xff, 0xff, 0xff, 0xff, 0xd0, 0x00, 0x00, 0x00, 0x00, 0x00, 0x00, 0x00, 0x00, 0x00, 0x00,
    0x00, 0x00, 0x00, 0x5f, 0xff, 0xff, 0xff, 0xff, 0x60, 0x00, 0xaf, 0xff, 0xff, 0xff, 0xff, 0x10,
    0x00, 0x00, 0x00, 0x00, 0x00, 0x00, 0x00, 0x00, 0x00, 0x00, 0x00, 0x00, 0x09, 0xff, 0xff, 0xff,
    0xff, 0xf2, 0x00, 0x06, 0xff, 0xff, 0xff, 0xff, 0xf5, 0x00, 0x00, 0x00, 0x00, 0x00, 0x00, 0x00,
    0x00, 0x00, 0x00, 0x00, 0x00, 0x00, 0xdf, 0xff, 0xff, 0xff, 0xfe, 0x00, 0x00, 0x1f, 0xff, 0xff,
    0xff, 0xff, 0xa0, 0x00, 0x00, 0x00, 0x00, 0x00, 0x00, 0x00, 0x00, 0x00, 0x00, 0x00, 0x00, 0x2f,
    0xff, 0xff, 0xff, 0xff, 0x90, 0x00, 0x00, 0xdf, 0xff, 0xff, 0xff, 0xff, 0x10, 0x00, 0x00, 0x00,
    0x00, 0x00, 0x00, 0x00, 0x00, 0x00, 0x00, 0x00, 0x08, 0xff, 0xff, 0xff, 0xff, 0xf5, 0x00, 0x00,
    0x07, 0xff, 0xff, 0xff, 0xff, 0xf7, 0x00, 0x00, 0x00, 0x00, 0x00, 0x00, 0x00, 0x00, 0x00, 0x00,
    0x00, 0x00, 0xef, 0xff, 0xff, 0xff, 0xff, 0x00, 0x00, 0x00, 0x1f, 0xff, 0xff, 0xff, 0xff, 0xe0,
    0x00, 0x00, 0x00, 0x00, 0x00, 0x00, 0x00, 0x00, 0x00, 0x00, 0x00, 0x6f, 0xff, 0xff, 0xff, 0xff,
    0x90, 0x00, 0x00, 0x00, 0xbf, 0xff, 0xff, 0xff, 0xff, 0x70, 0x00, 0x00, 0x00, 0x00, 0x00, 0x00,
    0x00, 0x00, 0x00, 0x00, 0x1e, 0xff, 0xff, 0xff, 0xff, 0xf3, 0x00, 0x00, 0x00, 0x04, 0xff, 0xff,
    0xff, 0xff, 0xff, 0x30, 0x00, 0x00, 0x00, 0x00, 0x00, 0x00, 0x00, 0x00, 0x00, 0x0b, 0xff, 0xff,
    0xff, 0xff, 0xfc, 0x00, 0x00, 0x00, 0x00, 0x0c, 0xff, 0xff, 0xff, 0xff, 0xfe, 0x10, 0x00, 0x00,
    0x00, 0x00, 0x00, 0x00, 0x00, 0x00, 0x07, 0xff, 0xff, 0xff, 0xff, 0xff, 0x40, 0x00, 0x00, 0x00,
    0x00, 0x4f, 0xff, 0xff, 0xff, 0xff, 0xfc, 0x10, 0x00, 0x00, 0x00, 0x00, 0x00, 0x00, 0x00, 0x06,
    0xff, 0xff, 0xff, 0xff, 0xff, 0xc0, 0x00, 0x00, 0x00, 0x00, 0x00, 0xaf, 0xff, 0xff, 0xff, 0xff,
    0xfe, 0x40, 0x00, 0x00, 0x00, 0x00, 0x00, 0x00, 0x0a, 0xff, 0xff, 0xff, 0xff, 0xff, 0xf2, 0x00,
    0x00, 0x00, 0x00, 0x00, 0x01, 0xef, 0xff, 0xff, 0xff, 0xff, 0xff, 0xa4, 0x00, 0x00, 0x00, 0x00,
    0x01, 0x7d, 0xff, 0xff, 0xff, 0xff, 0xff, 0xf8, 0x00, 0x00, 0x00, 0x00, 0x00, 0x00, 0x04, 0xff,
    0xff, 0xff, 0xff, 0xff, 0xff, 0xfe, 0xa8, 0x65, 0x57, 0x9c, 0xff, 0xff, 0xff, 0xff, 0xff, 0xff,
    0xfc, 0x00, 0x00, 0x00, 0x00, 0x00, 0x00, 0x00, 0x07, 0xff, 0xff, 0xff, 0xff, 0xff, 0xff, 0xff,
    0xff, 0xff, 0xff, 0xff, 0xff, 0xff, 0xff, 0xff, 0xff, 0xfe, 0x10, 0x00, 0x00, 0x00, 0x00, 0x00,
    0x00, 0x00, 0x09, 0xff, 0xff, 0xff, 0xff, 0xff, 0xff, 0xff, 0xff, 0xff, 0xff, 0xff, 0xff, 0xff,
    0xff, 0xff, 0xfe, 0x20, 0x00, 0x00, 0x00, 0x00, 0x00, 0x00, 0x00, 0x00, 0x08, 0xff, 0xff, 0xff,
    0xff, 0xff, 0xff, 0xff, 0xff, 0xff, 0xff, 0xff, 0xff, 0xff, 0xff, 0xfe, 0x20, 0x00, 0x00, 0x00,
    0x00, 0x00, 0x00, 0x00, 0x00, 0x00, 0x06, 0xff, 0xff, 0xff, 0xff, 0xff, 0xff, 0xff, 0xff, 0xff,
    0xff, 0xff, 0xff, 0xff, 0xfc, 0x10, 0x00, 0x00, 0x00, 0x00, 0x00, 0x00, 0x00, 0x00, 0x00, 0x00,
    0x02, 0xcf, 0xff, 0xff, 0xff, 0xff, 0xff, 0xff, 0xff, 0xff, 0xff, 0xff, 0xff, 0xf7, 0x00, 0x00,
    0x00, 0x00, 0x00, 0x00, 0x00, 0x00, 0x00, 0x00, 0x00, 0x00, 0x00, 0x5d, 0xff, 0xff, 0xff, 0xff,
    0xff, 0xff, 0xff, 0xff, 0xff, 0xff, 0xa1, 0x00, 0x00, 0x00, 0x00, 0x00, 0x00, 0x00, 0x00, 0x00,
    0x00, 0x00, 0x00, 0x00, 0x00, 0x04, 0xbf, 0xff, 0xff, 0xff, 0xff, 0xff, 0xff, 0xff, 0xd7, 0x10,
    0x00, 0x00, 0x00, 0x00, 0x00, 0x00, 0x00, 0x00, 0x00, 0x00, 0x00, 0x00, 0x00, 0x00, 0x00, 0x00,
    0x04, 0x7a, 0xce, 0xff, 0xfe, 0xdb, 0x96, 0x20, 0x00, 0x00, 0x00, 0x00, 0x00, 0x00, 0x00, 0x00,
    0x00, 0x00, 0x00, 0x00, 0x00, 0x00, 0x00, 0x00, 0x00, 0x07, 0xff, 0xff, 0xff, 0xff, 0xf0, 0x00,
    0x00, 0x00, 0x00, 0x00, 0x00, 0x00, 0x00, 0x00, 0x00, 0x00, 0x00, 0x00, 0x00, 0x00, 0x00, 0x00,
    0x0d, 0xff, 0xff, 0xff, 0xff, 0xf0, 0x00, 0x00, 0x00, 0x00, 0x00, 0x00, 0x00, 0x00, 0x00, 0x00,
    0x00, 0x00, 0x00, 0x00, 0x00, 0x00, 0x00, 0x2f, 0xff, 0xff, 0xff, 0xff, 0xf0, 0x00, 0x00, 0x00,
    0x00, 0x00, 0x00, 0x00, 0x00, 0x00, 0x00, 0x00, 0x00, 0x00, 0x00, 0x00, 0x00, 0x00, 0xbf, 0xff,
    0xff, 0xff, 0xff, 0xf0, 0x00, 0x00, 0x00, 0x00, 0x00, 0x00, 0x00, 0x00, 0x00, 0x00, 0x00, 0x00,
    0x00, 0x00, 0x00, 0x00, 0x04, 0xff, 0xff, 0xff, 0xff, 0xff, 0xf0, 0x00, 0x00, 0x00, 0x00, 0x00,
    0x00, 0x00, 0x00, 0x00, 0x00, 0x00, 0x00, 0x00, 0x00, 0x00, 0x00, 0x1d, 0xff, 0xff, 0xff, 0xff,
    0xff, 0xf0, 0x00, 0x00, 0x00, 0x00, 0x00, 0x00, 0x00, 0x00, 0x00, 0x00, 0x00, 0x00, 0x00, 0x00,
    0x00, 0x00, 0xbf, 0xff, 0xff, 0xff, 0xff, 0xff, 0xf0, 0x00, 0x00, 0x00, 0x00, 0x00, 0x00, 0x00,
    0x00, 0x00, 0x00, 0x00, 0x00, 0x00, 0x00, 0x00, 0x09, 0xff, 0xff, 0xff, 0xff, 0xff, 0xff, 0xf0,
    0x00, 0x00, 0x00, 0x00, 0x00, 0x00, 0x00, 0x00, 0x00, 0x00, 0x00, 0x00, 0x00, 0x00, 0x00, 0x9f,
    0xff, 0xff, 0xff, 0xff, 0xff, 0xff, 0xf0, 0x00, 0x00, 0x00, 0x00, 0x00, 0x00, 0x00, 0x00, 0x00,
    0x00, 0x00, 0x00, 0x00, 0x00, 0x0a, 0xff, 0xff, 0xff, 0xff, 0xff, 0xff, 0xff, 0xf0, 0x00, 0x00,
    0x00, 0x00, 0x00, 0x00, 0x00, 0x00, 0x00, 0x00, 0x00, 0x00, 0x00, 0x03, 0xdf, 0xff, 0xff, 0xff,
    0xff, 0xff, 0xff, 0xff, 0xf0, 0x00, 0x00, 0x00, 0x00, 0x00, 0x00, 0x00, 0x00, 0x00, 0x00, 0x00,
    0x00, 0x00, 0x7f, 0xff, 0xff, 0xff, 0xff, 0xff, 0xff, 0xff, 0xff, 0xf0, 0x00, 0x00, 0x00, 0x00,
    0x00, 0x00, 0x00, 0x00, 0x00, 0x00, 0x00, 0x00, 0x6e, 0xff, 0xff, 0xff, 0xff, 0xff, 0xff, 0xff,
    0xff, 0xff, 0xf0, 0x00, 0x00, 0x00, 0x00, 0x00, 0x00, 0x00, 0x00, 0x00, 0x00, 0x36, 0xaf, 0xff,
    0xff, 0xff, 0xff, 0xff, 0xff, 0xff, 0xff, 0xff, 0xff, 0xf0, 0x00, 0x00, 0x00, 0x00, 0x00, 0x00,
    0x00, 0x00, 0x00, 0x02, 0xff, 0xff, 0xff, 0xff, 0xff, 0xff, 0xff, 0xff, 0xff, 0xff, 0xff, 0xff,
    0xf0, 0x00, 0x00, 0x00, 0x00, 0x00, 0x00, 0x00, 0x00, 0x00, 0x02, 0xff, 0xff, 0xff, 0xff, 0xff,
    0xff, 0xff, 0xd6, 0xff, 0xff, 0xff, 0xff, 0xf0, 0x00, 0x00, 0x00, 0x00, 0x00, 0x00, 0x00, 0x00,
    0x00, 0x02, 0xff, 0xff, 0xff, 0xff, 0xff, 0xff, 0xfc, 0x14, 0xff, 0xff, 0xff, 0xff, 0xf0, 0x00,
    0x00, 0x00, 0x00, 0x00, 0x00, 0x00, 0x00, 0x00, 0x02, 0xff, 0xff, 0xff, 0xff, 0xff, 0xff, 0xb0,
    0x04, 0xff, 0xff, 0xff, 0xff, 0xf0, 0x00, 0x00, 0x00, 0x00, 0x00, 0x00, 0x00, 0x00, 0x00, 0x02,
    0xff, 0xff, 0xff, 0xff, 0xff, 0xf8, 0x00, 0x04, 0xff, 0xff, 0xff, 0xff, 0xf0, 0x00, 0x00, 0x00,
    0x00, 0x00, 0x00, 0x00, 0x00, 0x00, 0x02, 0xff, 0xff, 0xff, 0xff, 0xfc, 0x30, 0x00, 0x04, 0xff,
    0xff, 0xff, 0xff, 0xf0, 0x00, 0x00, 0x00, 0x00, 0x00, 0x00, 0x00, 0x00, 0x00, 0x02, 0xff, 0xff,
    0xff, 0xff, 0x70, 0x00, 0x00, 0x04, 0xff, 0xff, 0xff, 0xff, 0xf0, 0x00, 0x00, 0x00, 0x00, 0x00,
    0x00, 0x00, 0x00, 0x00, 0x02, 0xff, 0xff, 0xfe, 0x71, 0x00, 0x00, 0x00, 0x04, 0xff, 0xff, 0xff,
    0xff, 0xf0, 0x00, 0x00, 0x00, 0x00, 0x00, 0x00, 0x00, 0x00, 0x00, 0x02, 0xfe, 0xb8, 0x30, 0x00,
    0x00, 0x00, 0x00, 0x04, 0xff, 0xff, 0xff, 0xff, 0xf0, 0x00, 0x00, 0x00, 0x00, 0x00, 0x00, 0x00,
    0x00, 0x00, 0x00, 0x00, 0x00, 0x00, 0x00, 0x00, 0x00, 0x00, 0x04, 0xff, 0xff, 0xff, 0xff, 0xf0,
    0x00, 0x00, 0x00, 0x00, 0x00, 0x00, 0x00, 0x00, 0x00, 0x00, 0x00, 0x00, 0x00, 0x00, 0x00, 0x00,
    0x00, 0x04, 0xff, 0xff, 0xff, 0xff, 0xf0, 0x00, 0x00, 0x00, 0x00, 0x00, 0x00, 0x00, 0x00, 0x00,
    0x00, 0x00, 0x00, 0x00, 0x00, 0x00, 0x00, 0x00, 0x04, 0xff, 0xff, 0xff, 0xff, 0xf0, 0x00, 0x00,
    0x00, 0x00, 0x00, 0x00, 0x00, 0x00, 0x00, 0x00, 0x00, 0x00, 0x00, 0x00, 0x00, 0x00, 0x00, 0x04,
    0xff, 0xff, 0xff, 0xff, 0xf0, 0x00, 0x00, 0x00, 0x00, 0x00, 0x00, 0x00, 0x00, 0x00, 0x00, 0x00,
    0x00, 0x00, 0x00, 0x00, 0x00, 0x00, 0x04, 0xff, 0xff, 0xff, 0xff, 0xf0, 0x00, 0x00, 0x00, 0x00,
    0x00, 0x00, 0x00, 0x00, 0x00, 0x00, 0x00, 0x00, 0x00, 0x00, 0x00, 0x00, 0x00, 0x04, 0xff, 0xff,
    0xff, 0xff, 0xf0, 0x00, 0x00, 0x00, 0x00, 0x00, 0x00, 0x00, 0x00, 0x00, 0x00, 0x00, 0x00, 0x00,
    0x00, 0x00, 0x00, 0x00, 0x04, 0xff, 0xff, 0xff, 0xff, 0xf0, 0x00, 0x00, 0x00, 0x00, 0x00, 0x00,
    0x00, 0x00, 0x00, 0x00, 0x00, 0x00, 0x00, 0x00, 0x00, 0x00, 0x00, 0x04, 0xff, 0xff, 0xff, 0xff,
    0xf0, 0x00, 0x00, 0x00, 0x00, 0x00, 0x00, 0x00, 0x00, 0x00, 0x00, 0x00, 0x00, 0x00, 0x00, 0x00,
    0x00, 0x00, 0x04, 0xff, 0xff, 0xff, 0xff, 0xf0, 0x00, 0x00, 0x00, 0x00, 0x00, 0x00, 0x00, 0x00,
    0x00, 0x00, 0x00, 0x00, 0x00, 0x00, 0x00, 0x00, 0x00, 0x04, 0xff, 0xff, 0xff, 0xff, 0xf0, 0x00,
    0x00, 0x00, 0x00, 0x00, 0x00, 0x00, 0x00, 0x00, 0x00, 0x00, 0x00, 0x00, 0x00, 0x00, 0x00, 0x00,
    0x04, 0xff, 0xff, 0xff, 0xff, 0xf0, 0x00, 0x00, 0x00, 0x00, 0x00, 0x00, 0x00, 0x00, 0x00, 0x00,
    0x00, 0x00, 0x00, 0x00, 0x00, 0x00, 0x00, 0x04, 0xff, 0xff, 0xff, 0xff, 0xf0, 0x00, 0x00, 0x00,
    0x00, 0x00, 0x00, 0x00, 0x00, 0x00, 0x00, 0x00, 0x00, 0x00, 0x00, 0x00, 0x00, 0x00, 0x04, 0xff,
    0xff, 0xff, 0xff, 0xf0, 0x00, 0x00, 0x00, 0x00, 0x00, 0x00, 0x00, 0x00, 0x00, 0x00, 0x00, 0x00,
    0x00, 0x00, 0x00, 0x00, 0x00, 0x04, 0xff, 0xff, 0xff, 0xff, 0xf0, 0x00, 0x00, 0x00, 0x00, 0x00,
    0x00, 0x00, 0x00, 0x00, 0x00, 0x00, 0x00, 0x00, 0x00, 0x00, 0x00, 0x00, 0x04, 0xff, 0xff, 0xff,
    0xff, 0xf0, 0x00, 0x00, 0x00, 0x00, 0x00, 0x00, 0x00, 0x00, 0x00, 0x00, 0x00, 0x00, 0x00, 0x00,
    0x00, 0x00, 0x00, 0x04, 0xff, 0xff, 0xff, 0xff, 0xf0, 0x00, 0x00, 0x00, 0x00, 0x00, 0x00, 0x00,
    0x00, 0x00, 0x00, 0x00, 0x00, 0x00, 0x00, 0x00, 0x00, 0x00, 0x04, 0xff, 0xff, 0xff, 0xff, 0xf0,
    0x00, 0x00, 0x00, 0x00, 0x00, 0x00, 0x00, 0x00, 0x00, 0x00, 0x00, 0x00, 0x00, 0x00, 0x00, 0x00,
    0x00, 0x04, 0xff, 0xff, 0xff, 0xff, 0xf0, 0x00, 0x00, 0x00, 0x00, 0x00, 0x00, 0x00, 0x00, 0x00,
    0x00, 0x00, 0x00, 0x00, 0x00, 0x00, 0x00, 0x00, 0x04, 0xff, 0xff, 0xff, 0xff, 0xf0, 0x00, 0x00,
    0x00, 0x00, 0x00, 0x00, 0x00, 0x00, 0x00, 0x00, 0x00, 0x00, 0x00, 0x00, 0x00, 0x00, 0x00, 0x04,
    0xff, 0xff, 0xff, 0xff, 0xf0, 0x00, 0x00, 0x00, 0x00, 0x00, 0x00, 0x00, 0x00, 0x00, 0x00, 0x00,
    0x00, 0x00, 0x00, 0x00, 0x00, 0x00, 0x04, 0xff, 0xff, 0xff, 0xff, 0xf0, 0x00, 0x00, 0x00, 0x00,
    0x00, 0x00, 0x00, 0x00, 0x00, 0x00, 0x00, 0x00, 0x00, 0x00, 0x00, 0x00, 0x00, 0x04, 0xff, 0xff,
    0xff, 0xff, 0xf0, 0x00, 0x00, 0x00, 0x00, 0x00, 0x00, 0x00, 0x00, 0x00, 0x00, 0x00, 0x00, 0x00,
    0x00, 0x00, 0x00, 0x00, 0x04, 0xff, 0xff, 0xff, 0xff, 0xf0, 0x00, 0x00, 0x00, 0x00, 0x00, 0x00,
    0x00, 0x00, 0x00, 0x00, 0x00, 0x00, 0x00, 0x00, 0x00, 0x00, 0x00, 0x04, 0xff, 0xff, 0xff, 0xff,
    0xf0, 0x00, 0x00, 0x00, 0x00, 0x00, 0x00, 0x00, 0x00, 0x00, 0x00, 0x00, 0x00, 0x00, 0x00, 0x00,
    0x00, 0x00, 0x04, 0xff, 0xff, 0xff, 0xff, 0xf0, 0x00, 0x00, 0x00, 0x00, 0x00, 0x00, 0x00, 0x00,
    0x00, 0x00, 0x00, 0x00, 0x00, 0x00, 0x00, 0x00, 0x00, 0x04, 0xff, 0xff, 0xff, 0xff, 0xf0, 0x00,
    0x00, 0x00, 0x00, 0x00, 0x00, 0x00, 0x00, 0x00, 0x00, 0x00, 0x00, 0x00, 0x00, 0x00, 0x00, 0x00,
    0x04, 0xff, 0xff, 0xff, 0xff, 0xf0, 0x00, 0x00, 0x00, 0x00, 0x00, 0x00, 0x00, 0x00, 0x00, 0x00,
    0x00, 0x00, 0x00, 0x00, 0x00, 0x00, 0x00, 0x04, 0xff, 0xff, 0xff, 0xff, 0xf0, 0x00, 0x00, 0x00,
    0x00, 0x00, 0x00, 0x00, 0x00, 0x00, 0x00, 0x00, 0x00, 0x00, 0x00, 0x00, 0x00, 0x00, 0x04, 0xff,
    0xff, 0xff, 0xff, 0xf0, 0x00, 0x00, 0x00, 0x00, 0x00, 0x00, 0x00, 0x00, 0x00, 0x00, 0x00, 0x00,
    0x00, 0x00, 0x00, 0x00, 0x00, 0x04, 0xff, 0xff, 0xff, 0xff, 0xf0, 0x00, 0x00, 0x00, 0x00, 0x00,
    0x00, 0x00, 0x00, 0x00, 0x00, 0x00, 0x00, 0x00, 0x00, 0x00, 0x00, 0x00, 0x04, 0xff, 0xff, 0xff,
    0xff, 0xf0, 0x00, 0x00, 0x00, 0x00, 0x00, 0x00, 0x00, 0x00, 0x00, 0x00, 0x00, 0x00, 0x00, 0x00,
    0x00, 0x00, 0x00, 0x04, 0xff, 0xff, 0xff, 0xff, 0xf0, 0x00, 0x00, 0x00, 0x00, 0x00, 0x00, 0x00,
    0x00, 0x00, 0x00, 0x00, 0x00, 0x00, 0x00, 0x00, 0x00, 0x00, 0x04, 0xff, 0xff, 0xff, 0xff, 0xf0,
    0x00, 0x00, 0x00, 0x00, 0x00, 0x00, 0x00, 0x00, 0x00, 0x00, 0x00, 0x00, 0x00, 0x00, 0x00, 0x00,
    0x00, 0x04, 0xff, 0xff, 0xff, 0xff, 0xf0, 0x00, 0x00, 0x00, 0x00, 0x00, 0x00, 0x00, 0x00, 0x00,
    0x00, 0x00, 0x00, 0x00, 0x00, 0x00, 0x00, 0x00, 0x04, 0xff, 0xff, 0xff, 0xff, 0xf0, 0x00, 0x00,
    0x00, 0x00, 0x00, 0x00, 0x00, 0x00, 0x00, 0x00, 0x00, 0x00, 0x00, 0x00, 0x00, 0x00, 0x00, 0x04,
    0xff, 0xff, 0xff, 0xff, 0xf0, 0x00, 0x00, 0x00, 0x00, 0x00, 0x00, 0x00, 0x00, 0x00, 0x00, 0x00,
    0x00, 0x00, 0x00, 0x00, 0x00, 0x00, 0x04, 0xff, 0xff, 0xff, 0xff, 0xf0, 0x00, 0x00, 0x00, 0x00,
    0x00, 0x00, 0x00, 0x00, 0x00, 0x00, 0x00, 0x00, 0x00, 0x00, 0x00, 0x00, 0x00, 0x04, 0xff, 0xff,
    0xff, 0xff, 0xf0, 0x00, 0x00, 0x00, 0x00, 0x00, 0x00, 0x00, 0x00, 0x00, 0x00, 0x00, 0x00, 0x00,
    0x00, 0x00, 0x00, 0x00, 0x04, 0xff, 0xff, 0xff, 0xff, 0xf0, 0x00, 0x00, 0x00, 0x00, 0x00, 0x00,
    0x00, 0x00, 0x00, 0xcd, 0xdd, 0xdd, 0xdd, 0xdd, 0xdd, 0xdd, 0xdd, 0xde, 0xff, 0xff, 0xff, 0xff,
    0xfd, 0xdd, 0xdd, 0xdd, 0xdd, 0xdd, 0xdd, 0xdd, 0xdd, 0xd1, 0xef, 0xff, 0xff, 0xff, 0xff, 0xff,
    0xff, 0xff, 0xff, 0xff, 0xff, 0xff, 0xff, 0xff, 0xff, 0xff, 0xff, 0xff, 0xff, 0xff, 0xff, 0xff,
    0xf1, 0xef, 0xff, 0xff, 0xff, 0xff, 0xff, 0xff, 0xff, 0xff, 0xff, 0xff, 0xff, 0xff, 0xff, 0xff,
    0xff, 0xff, 0xff, 0xff, 0xff, 0xff, 0xff, 0xf1, 0xef, 0xff, 0xff, 0xff, 0xff, 0xff, 0xff, 0xff,
    0xff, 0xff, 0xff, 0xff, 0xff, 0xff, 0xff, 0xff, 0xff, 0xff, 0xff, 0xff, 0xff, 0xff, 0xf1, 0xef,
    0xff, 0xff, 0xff, 0xff, 0xff, 0xff, 0xff, 0xff, 0xff, 0xff, 0xff, 0xff, 0xff, 0xff, 0xff, 0xff,
    0xff, 0xff, 0xff, 0xff, 0xff, 0xf1, 0xef, 0xff, 0xff, 0xff, 0xff, 0xff, 0xff, 0xff, 0xff, 0xff,
    0xff, 0xff, 0xff, 0xff, 0xff, 0xff, 0xff, 0xff, 0xff, 0xff, 0xff, 0xff, 0xf1, 0xef, 0xff, 0xff,
    0xff, 0xff, 0xff, 0xff, 0xff, 0xff, 0xff, 0xff, 0xff, 0xff, 0xff, 0xff, 0xff, 0xff, 0xff, 0xff,
    0xff, 0xff, 0xff, 0xf1, 0xef, 0xff, 0xff, 0xff, 0xff, 0xff, 0xff, 0xff, 0xff, 0xff, 0xff, 0xff,
    0xff, 0xff, 0xff, 0xff, 0xff, 0xff, 0xff, 0xff, 0xff, 0xff, 0xf1, 0x00, 0x00, 0x00, 0x00, 0x00,
    0x00, 0x00, 0x25, 0x8b, 0xcd, 0xef, 0xfe, 0xdc, 0xb9, 0x52, 0x00, 0x00, 0x00, 0x00, 0x00, 0x00,
    0x00, 0x00, 0x00, 0x00, 0x00, 0x00, 0x00, 0x00, 0x28, 0xef, 0xff, 0xff, 0xff, 0xff, 0xff, 0xff,
    0xff, 0xff, 0xb5, 0x00, 0x00, 0x00, 0x00, 0x00, 0x00, 0x00, 0x00, 0x00, 0x00, 0x00, 0x05, 0xcf,
    0xff, 0xff, 0xff, 0xff, 0xff, 0xff, 0xff, 0xff, 0xff, 0xff, 0xfe, 0x91, 0x00, 0x00, 0x00, 0x00,
    0x00, 0x00, 0x00, 0x00, 0x00, 0x2b, 0xff, 0xff, 0xff, 0xff, 0xff, 0xff, 0xff, 0xff, 0xff, 0xff,
    0xff, 0xff, 0xff, 0xe6, 0x00, 0x00, 0x00, 0x00, 0x00, 0x00, 0x00, 0x00, 0x6f, 0xff, 0xff, 0xff,
    0xff, 0xff, 0xff, 0xff, 0xff, 0xff, 0xff, 0xff, 0xff, 0xff, 0xff, 0xfc, 0x10, 0x00, 0x00, 0x00,
    0x00, 0x00, 0x00, 0x6f, 0xff, 0xff, 0xff, 0xff, 0xff, 0xff, 0xff, 0xff, 0xff, 0xff, 0xff, 0xff,
    0xff, 0xff, 0xff, 0xfd, 0x10, 0x00, 0x00, 0x00, 0x00, 0x00, 0x6f, 0xff, 0xff, 0xff, 0xff, 0xff,
    0xff, 0xff, 0xff, 0xff, 0xff, 0xff, 0xff, 0xff, 0xff, 0xff, 0xff, 0xfd, 0x10, 0x00, 0x00, 0x00,
    0x00, 0x3f, 0xff, 0xff, 0xff, 0xff, 0xff, 0xff, 0xff, 0xed, 0xcc, 0xcd, 0xff, 0xff, 0xff, 0xff,
    0xff, 0xff, 0xff, 0xfc, 0x00, 0x00, 0x00, 0x00, 0x0d, 0xff, 0xff, 0xff, 0xff, 0xff, 0xff, 0xa5,
    0x10, 0x00, 0x00, 0x00, 0x26, 0xcf, 0xff, 0xff, 0xff, 0xff, 0xff, 0xf5, 0x00, 0x00, 0x00, 0x07,
    0xff, 0xff, 0xff, 0xff, 0xff, 0xf9, 0x10, 0x00, 0x00, 0x00, 0x00, 0x00, 0x00, 0x2c, 0xff, 0xff,
    0xff, 0xff, 0xff, 0xe0, 0x00, 0x00, 0x00, 0xff, 0xff, 0xff, 0xff, 0xff, 0xf4, 0x00, 0x00, 0x00,
    0x00, 0x00, 0x00, 0x00, 0x00, 0x08, 0xff, 0xff, 0xff, 0xff, 0xff, 0x70, 0x00, 0x00, 0x5f, 0xff,
    0xff, 0xff, 0xff, 0xf4, 0x00, 0x00, 0x00, 0x00, 0x00, 0x00, 0x00, 0x00, 0x00, 0x09, 0xff, 0xff,
    0xff, 0xff, 0xfd, 0x00, 0x00, 0x0a, 0xff, 0xff, 0xff, 0xff, 0xf7, 0x00, 0x00, 0x00, 0x00, 0x00,
    0x00, 0x00, 0x00, 0x00, 0x00, 0x0d, 0xff, 0xff, 0xff, 0xff, 0xf2, 0x00, 0x00, 0xff, 0xff, 0xff,
    0xff, 0xfe, 0x00, 0x00, 0x00, 0x00, 0x00, 0x00, 0x00, 0x00, 0x00, 0x00, 0x00, 0x5f, 0xff, 0xff,
    0xff, 0xff, 0x60, 0x00, 0x4f, 0xff, 0xff, 0xff, 0xff, 0x60, 0x00, 0x00, 0x00, 0x00, 0x00, 0x00,
    0x00, 0x00, 0x00, 0x00, 0x00, 0xef, 0xff, 0xff, 0xff, 0xfb, 0x00, 0x06, 0xff, 0xff, 0xff, 0xff,
    0xf1, 0x00, 0x00, 0x00, 0x00, 0x00, 0x00, 0x00, 0x00, 0x00, 0x00, 0x00, 0x0a, 0xff, 0xff, 0xff,
    0xff, 0xc0, 0x00, 0x8f, 0xff, 0xff, 0xff, 0xfb, 0x00, 0x00, 0x00, 0x00, 0x00, 0x00, 0x00, 0x00,
    0x00, 0x00, 0x00, 0x00, 0x7f, 0xff, 0xff, 0xff, 0xfe, 0x00, 0x0a, 0xff, 0xff, 0xff, 0xff, 0x80,
    0x00, 0x00, 0x00, 0x00, 0x00, 0x00, 0x00, 0x00, 0x00, 0x00, 0x00, 0x05, 0xff, 0xff, 0xff, 0xff,
    0xf0, 0x00, 0xcf, 0xff, 0xff, 0xff, 0xf5, 0x00, 0x00, 0x00, 0x00, 0x00, 0x00, 0x00, 0x00, 0x00,
    0x00, 0x00, 0x00, 0x4f, 0xff, 0xff, 0xff, 0xff, 0x10, 0x00, 0x23, 0x56, 0x89, 0xac, 0x20, 0x00,
    0x00, 0x00, 0x00, 0x00, 0x00, 0x00, 0x00, 0x00, 0x00, 0x00, 0x04, 0xff, 0xff, 0xff, 0xff, 0xf0,
    0x00, 0x00, 0x00, 0x00, 0x00, 0x00, 0x00, 0x00, 0x00, 0x00, 0x00, 0x00, 0x00, 0x00, 0x00, 0x00,
    0x00, 0x00, 0x6f, 0xff, 0xff, 0xff, 0xff, 0x00, 0x00, 0x00, 0x00, 0x00, 0x00, 0x00, 0x00, 0x00,
    0x00, 0x00, 0x00, 0x00, 0x00, 0x00, 0x00, 0x00, 0x00, 0x07, 0xff, 0xff, 0xff, 0xff, 0xe0, 0x00,
    0x00, 0x00, 0x00, 0x00, 0x00, 0x00, 0x00, 0x00, 0x00, 0x00, 0x00, 0x00, 0x00, 0x00, 0x00, 0x00,
    0x00, 0x9f, 0xff, 0xff, 0xff, 0xfc, 0x00, 0x00, 0x00, 0x00, 0x00, 0x00, 0x00, 0x00, 0x00, 0x00,
    0x00, 0x00, 0x00, 0x00, 0x00, 0x00, 0x00, 0x00, 0x0d, 0xff, 0xff, 0xff, 0xff, 0xb0, 0x00, 0x00,
    0x00, 0x00, 0x00, 0x00, 0x00, 0x00, 0x00, 0x00, 0x00, 0x00, 0x00, 0x00, 0x00, 0x00, 0x00, 0x02,
    0xff, 0xff, 0xff, 0xff, 0xf8, 0x00, 0x00, 0x00, 0x00, 0x00, 0x00, 0x00, 0x00, 0x00, 0x00, 0x00,
    0x00, 0x00, 0x00, 0x00, 0x00, 0x00, 0x00, 0x7f, 0xff, 0xff, 0xff, 0xff, 0x30, 0x00, 0x00, 0x00,
    0x00, 0x00, 0x00, 0x00, 0x00, 0x00, 0x00, 0x00, 0x00, 0x00, 0x00, 0x00, 0x00, 0x00, 0x1f, 0xff,
    0xff, 0xff, 0xff, 0xe0, 0x00, 0x00, 0x00, 0x00, 0x00, 0x00, 0x00, 0x00, 0x00, 0x00, 0x00, 0x00,
    0x00, 0x00, 0x00, 0x00, 0x00, 0x09, 0xff, 0xff, 0xff, 0xff, 0xfa, 0x00, 0x00, 0x00, 0x00, 0x00,
    0x00, 0x00, 0x00, 0x00, 0x00, 0x00, 0x00, 0x00, 0x00, 0x00, 0x00, 0x00, 0x04, 0xff, 0xff, 0xff,
    0xff, 0xff, 0x50, 0x00, 0x00, 0x00, 0x00, 0x00, 0x00, 0x00, 0x00, 0x00, 0x00, 0x00, 0x00, 0x00,
    0x00, 0x00, 0x00, 0x02, 0xef, 0xff, 0xff, 0xff, 0xff, 0xd0, 0x00, 0x00, 0x00, 0x00, 0x00, 0x00,
    0x00, 0x00, 0x00, 0x00, 0x00, 0x00, 0x00, 0x00, 0x00, 0x00, 0x02, 0xdf, 0xff, 0xff, 0xff, 0xff,
    0xf4, 0x00, 0x00, 0x00, 0x00, 0x00, 0x00, 0x00, 0x00, 0x00, 0x00, 0x00, 0x00, 0x00, 0x00, 0x00,
    0x00, 0x03, 0xef, 0xff, 0xff, 0xff, 0xff, 0xfc, 0x00, 0x00, 0x00, 0x00, 0x00, 0x00, 0x00, 0x00,
    0x00, 0x00, 0x00, 0x00, 0x00, 0x00, 0x00, 0x00, 0x06, 0xff, 0xff, 0xff, 0xff, 0xff, 0xff, 0x30,
    0x00, 0x00, 0x00, 0x00, 0x00, 0x00, 0x00, 0x00, 0x00, 0x00, 0x00, 0x00, 0x00, 0x00, 0x00, 0x1a,
    0xff, 0xff, 0xff, 0xff, 0xff, 0xff, 0x50, 0x00, 0x00, 0x00, 0x00, 0x00, 0x00, 0x00, 0x00, 0x00,
    0x00, 0x00, 0x00, 0x00, 0x00, 0x00, 0x6e, 0xff, 0xff, 0xff, 0xff, 0xff, 0xff, 0x80, 0x00, 0x00,
    0x00, 0x00, 0x00, 0x00, 0x00, 0x00, 0x00, 0x00, 0x00, 0x00, 0x00, 0x00, 0x03, 0xcf, 0xff, 0xff,
    0xff, 0xff, 0xff, 0xff, 0xa0, 0x00, 0x00, 0x00, 0x00, 0x00, 0x00, 0x00, 0x00, 0x00, 0x00, 0x00,
    0x00, 0x00, 0x00, 0x19, 0xff, 0xff, 0xff, 0xff, 0xff, 0xff, 0xff, 0x90, 0x00, 0x00, 0x00, 0x00,
    0x00, 0x00, 0x00, 0x00, 0x00, 0x00, 0x00, 0x00, 0x00, 0x00, 0x6e, 0xff, 0xff, 0xff, 0xff, 0xff,
    0xff, 0xff, 0x70, 0x00, 0x00, 0x00, 0x00, 0x00, 0x00, 0x00, 0x00, 0x00, 0x00, 0x00, 0x00, 0x00,
    0x03, 0xcf, 0xff, 0xff, 0xff, 0xff, 0xff, 0xff, 0xfe, 0x50, 0x00, 0x00, 0x00, 0x00, 0x00, 0x00,
    0x00, 0x00, 0x00, 0x00, 0x00, 0x00, 0x00, 0x19, 0xff, 0xff, 0xff, 0xff, 0xff, 0xff, 0xff, 0xfb,
    0x10, 0x00, 0x00, 0x00, 0x00, 0x00, 0x00, 0x00, 0x00, 0x00, 0x00, 0x00, 0x00, 0x00, 0x5e, 0xff,
    0xff, 0xff, 0xff, 0xff, 0xff, 0xff, 0xf6, 0x00, 0x00, 0x00, 0x00, 0x00, 0x00, 0x00, 0x00, 0x00,
    0x00, 0x00, 0x00, 0x00, 0x00, 0x9f, 0xff, 0xff, 0xff, 0xff, 0xff, 0xff, 0xff, 0xa1, 0x00, 0x00,
    0x00, 0x00, 0x00, 0x00, 0x00, 0x00, 0x00, 0x00, 0x00, 0x00, 0x00, 0x03, 0xdf, 0xff, 0xff, 0xff,
    0xff, 0xff, 0xff, 0xfc, 0x30, 0x00, 0x00, 0x00, 0x00, 0x00, 0x00, 0x00, 0x00, 0x00, 0x00, 0x00,
    0x00, 0x00, 0x05, 0xff, 0xff, 0xff, 0xff, 0xff, 0xff, 0xff, 0xe6, 0x00, 0x00, 0x00, 0x00, 0x00,
    0x00, 0x00, 0x00, 0x00, 0x00, 0x00, 0x00, 0x00, 0x00, 0x08, 0xff, 0xff, 0xff, 0xff, 0xff, 0xff,
    0xff, 0x91, 0x00, 0x00, 0x00, 0x00, 0x00, 0x00, 0x00, 0x00, 0x00, 0x00, 0x00, 0x00, 0x00, 0x00,
    0x0a, 0xff, 0xff, 0xff, 0xff, 0xff, 0xff, 0xfc, 0x30, 0x00, 0x00, 0x00, 0x00, 0x00, 0x00, 0x00,
    0x00, 0x00, 0x00, 0x00, 0x00, 0x00, 0x00, 0x0a, 0xff, 0xff, 0xff, 0xff, 0xff, 0xff, 0xe5, 0x00,
    0x00, 0x00, 0x00, 0x00, 0x00, 0x00, 0x00, 0x00, 0x00, 0x00, 0x00, 0x00, 0x00, 0x00, 0x09, 0xff,
    0xff, 0xff, 0xff, 0xff, 0xff, 0xa1, 0x00, 0x00, 0x00, 0x00, 0x00, 0x00, 0x00, 0x00, 0x00, 0x00,
    0x00, 0x00, 0x00, 0x00, 0x00, 0x08, 0xff, 0xff, 0xff, 0xff, 0xff, 0xfe, 0x40, 0x00, 0x00, 0x00,
    0x00, 0x00, 0x00, 0x00, 0x00, 0x00, 0x00, 0x00, 0x00, 0x00, 0x00, 0x00, 0x04, 0xff, 0xff, 0xff,
    0xff, 0xff, 0xfb, 0x10, 0x00, 0x00, 0x00, 0x00, 0x00, 0x00, 0x00, 0x00, 0x00, 0x00, 0x00, 0x00,
    0x00, 0x00, 0x00, 0x00, 0xef, 0xff, 0xff, 0xff, 0xff, 0xf8, 0x00, 0x00, 0x00, 0x00, 0x00, 0x00,
    0x00, 0x00, 0x00, 0x00, 0x00, 0x00, 0x00, 0x00, 0x00, 0x00, 0x00, 0x9f, 0xff, 0xff, 0xff, 0xff,
    0xf7, 0x00, 0x00, 0x00, 0x00, 0x00, 0x00, 0x00, 0x00, 0x00, 0x00, 0x00, 0x00, 0x00, 0x00, 0x00,
    0x00, 0x00, 0x3f, 0xff, 0xff, 0xff, 0xff, 0xf7, 0x00, 0x00, 0x00, 0x00, 0x00, 0x00, 0x00, 0x00,
    0x00, 0x00, 0x00, 0x00, 0x00, 0x00, 0x00, 0x00, 0x00, 0x0a, 0xff, 0xff, 0xff, 0xff, 0xf8, 0x00,
    0x00, 0x00, 0x00, 0x00, 0x00, 0x00, 0x00, 0x00, 0x00, 0x00, 0x00, 0x00, 0x00, 0x00, 0x00, 0x00,
    0x01, 0xff, 0xff, 0xff, 0xff, 0xfc, 0x00, 0x00, 0x00, 0x00, 0x00, 0x00, 0x00, 0x00, 0x00, 0x00,
    0x00, 0x00, 0x00, 0x00, 0x00, 0x00, 0x00, 0x00, 0x8f, 0xff, 0xff, 0xff, 0xff, 0x20, 0x00, 0x00,
    0x00, 0x00, 0x00, 0x00, 0x00, 0x00, 0x00, 0x00, 0x00, 0x00, 0x00, 0x00, 0x00, 0x00, 0x00, 0x0c,
    0xff, 0xff, 0xff, 0xff, 0xa0, 0x00, 0x00, 0x00, 0x00, 0x00, 0x00, 0x00, 0x00, 0x00, 0x00, 0x00,
    0x00, 0x00, 0x00, 0x00, 0x00, 0x00, 0x01, 0xff, 0xff, 0xff, 0xff, 0xf3, 0x00, 0x00, 0x00, 0x00,
    0x00, 0x00, 0x00, 0x00, 0x00, 0x00, 0x00, 0x00, 0x00, 0x00, 0x00, 0x00, 0x00, 0x00, 0x5f, 0xff,
    0xff, 0xff, 0xfe, 0x00, 0x00, 0x00, 0x00, 0x00, 0x00, 0x00, 0x00, 0x00, 0x00, 0x00, 0x00, 0x00,
    0x00, 0x00, 0x00, 0x00, 0x00, 0x08, 0xff, 0xff, 0xff, 0xff, 0x90, 0x00, 0x00, 0x00, 0x00, 0x00,
    0x00, 0x00, 0x00, 0x00, 0x00, 0x00, 0x00, 0x00, 0x00, 0x00, 0x00, 0x00, 0x00, 0x9f, 0xff, 0xff,
    0xff, 0xf6, 0x00, 0x00, 0x00, 0x00, 0x00, 0x00, 0x00, 0x00, 0x00, 0x00, 0x00, 0x00, 0x00, 0x00,
    0x00, 0x00, 0x00, 0x00, 0x0a, 0xff, 0xff, 0xff, 0xff, 0x40, 0x00, 0x00, 0x00, 0x00, 0x00, 0x00,
    0x00, 0x00, 0x00, 0x00, 0x00, 0x00, 0x00, 0x00, 0x00, 0x00, 0x00, 0x00, 0xcf, 0xff, 0xff, 0xff,
    0xf2, 0x00, 0x00, 0x00, 0x00, 0x00, 0x00, 0x00, 0x00, 0x00, 0x00, 0x00, 0x00, 0x00, 0x00, 0x00,
    0x00, 0x00, 0x00, 0x0c, 0xff, 0xff, 0xff, 0xff, 0xed, 0xdd, 0xdd, 0xdd, 0xdd, 0xdd, 0xdd, 0xdd,
    0xdd, 0xdd, 0xdd, 0xdd, 0xdd, 0xdd, 0xdd, 0xdd, 0xdd, 0xdd, 0xd7, 0xcf, 0xff, 0xff, 0xff, 0xff,
    0xff, 0xff, 0xff, 0xff, 0xff, 0xff, 0xff, 0xff, 0xff, 0xff, 0xff, 0xff, 0xff, 0xff, 0xff, 0xff,
    0xff, 0xff, 0x8c, 0xff, 0xff, 0xff, 0xff, 0xff, 0xff, 0xff, 0xff, 0xff, 0xff, 0xff, 0xff, 0xff,
    0xff, 0xff, 0xff, 0xff, 0xff, 0xff, 0xff, 0xff, 0xff, 0xf8, 0xcf, 0xff, 0xff, 0xff, 0xff, 0xff,
    0xff, 0xff, 0xff, 0xff, 0xff, 0xff, 0xff, 0xff, 0xff, 0xff, 0xff, 0xff, 0xff, 0xff, 0xff, 0xff,
    0xff, 0x8c, 0xff, 0xff, 0xff, 0xff, 0xff, 0xff, 0xff, 0xff, 0xff, 0xff, 0xff, 0xff, 0xff, 0xff,
    0xff, 0xff, 0xff, 0xff, 0xff, 0xff, 0xff, 0xff, 0xf8, 0xcf, 0xff, 0xff, 0xff, 0xff, 0xff, 0xff,
    0xff, 0xff, 0xff, 0xff, 0xff, 0xff, 0xff, 0xff, 0xff, 0xff, 0xff, 0xff, 0xff, 0xff, 0xff, 0xff,
    0x8c, 0xff, 0xff, 0xff, 0xff, 0xff, 0xff, 0xff, 0xff, 0xff, 0xff, 0xff, 0xff, 0xff, 0xff, 0xff,
    0xff, 0xff, 0xff, 0xff, 0xff, 0xff, 0xff, 0xf8, 0xcf, 0xff, 0xff, 0xff, 0xff, 0xff, 0xff, 0xff,
    0xff, 0xff, 0xff, 0xff, 0xff, 0xff, 0xff, 0xff, 0xff, 0xff, 0xff, 0xff, 0xff, 0xff, 0xff, 0x80,
    0x00, 0x00, 0x00, 0x00, 0x00, 0x00, 0x00, 0x00, 0x25, 0x8b, 0xcd, 0xef, 0xfe, 0xdc, 0xb8, 0x52,
    0x00, 0x00, 0x00, 0x00, 0x00, 0x00, 0x00, 0x00, 0x00, 0x00, 0x00, 0x00, 0x00, 0x00, 0x03, 0x9e,
    0xff, 0xff, 0xff, 0xff, 0xff, 0xff, 0xff, 0xff, 0xfb, 0x50, 0x00, 0x00, 0x00, 0x00, 0x00, 0x00,
    0x00, 0x00, 0x00, 0x00, 0x00, 0x05, 0xdf, 0xff, 0xff, 0xff, 0xff, 0xff, 0xff, 0xff, 0xff, 0xff,
    0xff, 0xfe, 0x81, 0x00, 0x00, 0x00, 0x00, 0x00, 0x00, 0x00, 0x00, 0x00, 0x02, 0xbf, 0xff, 0xff,
    0xff, 0xff, 0xff, 0xff, 0xff, 0xff, 0xff, 0xff, 0xff, 0xff, 0xfe, 0x60, 0x00, 0x00, 0x00, 0x00,
    0x00, 0x00, 0x00, 0x00, 0x6f, 0xff, 0xff, 0xff, 0xff, 0xff, 0xff, 0xff, 0xff, 0xff, 0xff, 0xff,
    0xff, 0xff, 0xff, 0xfc, 0x10, 0x00, 0x00, 0x00, 0x00, 0x00, 0x00, 0x06, 0xff, 0xff, 0xff, 0xff,
    0xff, 0xff, 0xff, 0xff, 0xff, 0xff, 0xff, 0xff, 0xff, 0xff, 0xff, 0xff, 0xd1, 0x00, 0x00, 0x00,
    0x00, 0x00, 0x00, 0x6f, 0xff, 0xff, 0xff, 0xff, 0xff, 0xff, 0xff, 0xff, 0xff, 0xff, 0xff, 0xff,
    0xff, 0xff, 0xff, 0xff, 0xfd, 0x10, 0x00, 0x00, 0x00, 0x00, 0x03, 0xff, 0xff, 0xff, 0xff, 0xff,
    0xff, 0xff, 0xfe, 0xdc, 0xcd, 0xef, 0xff, 0xff, 0xff, 0xff, 0xff, 0xff, 0xff, 0xc0, 0x00, 0x00,
    0x00, 0x00, 0x0c, 0xff, 0xff, 0xff, 0xff, 0xff, 0xff, 0x94, 0x10, 0x00, 0x00, 0x01, 0x48, 0xef,
    0xff, 0xff, 0xff, 0xff, 0xff, 0xf5, 0x00, 0x00, 0x00, 0x00, 0x7f, 0xff, 0xff, 0xff, 0xff, 0xff,
    0x91, 0x00, 0x00, 0x00, 0x00, 0x00, 0x00, 0x06, 0xff, 0xff, 0xff, 0xff, 0xff, 0xfe, 0x00, 0x00,
    0x00, 0x00, 0xef, 0xff, 0xff, 0xff, 0xff, 0xf4, 0x00, 0x00, 0x00, 0x00, 0x00, 0x00, 0x00, 0x00,
    0x1c, 0xff, 0xff, 0xff, 0xff, 0xff, 0x60, 0x00, 0x00, 0x04, 0xff, 0xff, 0xff, 0xff, 0xff, 0x30,
    0x00, 0x00, 0x00, 0x00, 0x00, 0x00, 0x00, 0x00, 0x01, 0xdf, 0xff, 0xff, 0xff, 0xff, 0xb0, 0x00,
    0x00, 0x0a, 0xff, 0xff, 0xff, 0xff, 0xf6, 0x00, 0x00, 0x00, 0x00, 0x00, 0x00, 0x00, 0x00, 0x00,
    0x00, 0x2f, 0xff, 0xff, 0xff, 0xff, 0xf0, 0x00, 0x00, 0x0f, 0xff, 0xff, 0xff, 0xff, 0xd0, 0x00,
    0x00, 0x00, 0x00, 0x00, 0x00, 0x00, 0x00, 0x00, 0x00, 0x08, 0xff, 0xff, 0xff, 0xff, 0xf5, 0x00,
    0x00, 0x4f, 0xff, 0xff, 0xff, 0xff, 0x40, 0x00, 0x00, 0x00, 0x00, 0x00, 0x00, 0x00, 0x00, 0x00,
    0x00, 0x01, 0xff, 0xff, 0xff, 0xff, 0xf7, 0x00, 0x00, 0x6f, 0xff, 0xff, 0xff, 0xfe, 0x00, 0x00,
    0x00, 0x00, 0x00, 0x00, 0x00, 0x00, 0x00, 0x00, 0x00, 0x00, 0xcf, 0xff, 0xff, 0xff, 0xf9, 0x00,
    0x00, 0x8f, 0xff, 0xff, 0xff, 0xf9, 0x00, 0x00, 0x00, 0x00, 0x00, 0x00, 0x00, 0x00, 0x00, 0x00,
    0x00, 0x00, 0x9f, 0xff, 0xff, 0xff, 0xfa, 0x00, 0x00, 0xaf, 0xff, 0xff, 0xff, 0xf6, 0x00, 0x00,
    0x00, 0x00, 0x00, 0x00, 0x00, 0x00, 0x00, 0x00, 0x00, 0x00, 0x7f, 0xff, 0xff, 0xff, 0xfb, 0x00,
    0x00, 0xbf, 0xff, 0xff, 0xff, 0xf3, 0x00, 0x00, 0x00, 0x00, 0x00, 0x00, 0x00, 0x00, 0x00, 0x00,
    0x00, 0x00, 0x6f, 0xff, 0xff, 0xff, 0xfb, 0x00, 0x00, 0x00, 0x13, 0x46, 0x79, 0xa0, 0x00, 0x00,
    0x00, 0x00, 0x00, 0x00, 0x00, 0x00, 0x00, 0x00, 0x00, 0x00, 0x7f, 0xff, 0xff, 0xff, 0xfa, 0x00,
    0x00, 0x00, 0x00, 0x00, 0x00, 0x00, 0x00, 0x00, 0x00, 0x00, 0x00, 0x00, 0x00, 0x00, 0x00, 0x00,
    0x00, 0x00, 0x9f, 0xff, 0xff, 0xff, 0xf8, 0x00, 0x00, 0x00, 0x00, 0x00, 0x00, 0x00, 0x00, 0x00,
    0x00, 0x00, 0x00, 0x00, 0x00, 0x00, 0x00, 0x00, 0x00, 0x00, 0xcf, 0xff, 0xff, 0xff, 0xf7, 0x00,
    0x00, 0x00, 0x00, 0x00, 0x00, 0x00, 0x00, 0x00, 0x00, 0x00, 0x00, 0x00, 0x00, 0x00, 0x00, 0x00,
    0x00, 0x01, 0xff, 0xff, 0xff, 0xff, 0xf2, 0x00, 0x00, 0x00, 0x00, 0x00, 0x00, 0x00, 0x00, 0x00,
    0x00, 0x00, 0x00, 0x00, 0x00, 0x00, 0x00, 0x00, 0x00, 0x07, 0xff, 0xff, 0xff, 0xff, 0xe0, 0x00,
    0x00, 0x00, 0x00, 0x00, 0x00, 0x00, 0x00, 0x00, 0x00, 0x00, 0x00, 0x00, 0x00, 0x00, 0x00, 0x00,
    0x00, 0x1e, 0xff, 0xff, 0xff, 0xff, 0x90, 0x00, 0x00, 0x00, 0x00, 0x00, 0x00, 0x00, 0x00, 0x00,
    0x00, 0x00, 0x00, 0x00, 0x00, 0x00, 0x00, 0x00, 0x00, 0xaf, 0xff, 0xff, 0xff, 0xff, 0x20, 0x00,
    0x00, 0x00, 0x00, 0x00, 0x00, 0x00, 0x00, 0x00, 0x00, 0x00, 0x00, 0x00, 0x00, 0x00, 0x00, 0x00,
    0x06, 0xff, 0xff, 0xff, 0xff, 0xf9, 0x00, 0x00, 0x00, 0x00, 0x00, 0x00, 0x00, 0x00, 0x00, 0x00,
    0x00, 0x00, 0x00, 0x00, 0x00, 0x00, 0x00, 0x00, 0x7f, 0xff, 0xff, 0xff, 0xff, 0xe1, 0x00, 0x00,
    0x00, 0x00, 0x00, 0x00, 0x00, 0x00, 0x00, 0x00, 0x00, 0x00, 0x00, 0x00, 0x00, 0x00, 0x00, 0x2b,
    0xff, 0xff, 0xff, 0xff, 0xff, 0x40, 0x00, 0x00, 0x00, 0x00, 0x00, 0x00, 0x00, 0x00, 0x00, 0x00,
    0x00, 0x00, 0x00, 0x00, 0x00, 0x00, 0x18, 0xff, 0xff, 0xff, 0xff, 0xff, 0xf6, 0x00, 0x00, 0x00,
    0x00, 0x00, 0x00, 0x00, 0x00, 0x00, 0x00, 0x00, 0x00, 0x00, 0x00, 0x00, 0x02, 0x6b, 0xff, 0xff,
    0xff, 0xff, 0xff, 0xff, 0x50, 0x00, 0x00, 0x00, 0x00, 0x00, 0x00, 0x00, 0x00, 0x00, 0x00, 0x00,
    0x01, 0x66, 0x78, 0x9c, 0xff, 0xff, 0xff, 0xff, 0xff, 0xff, 0xff, 0xd3, 0x00, 0x00, 0x00, 0x00,
    0x00, 0x00, 0x00, 0x00, 0x00, 0x00, 0x00, 0x00, 0x04, 0xff, 0xff, 0xff, 0xff, 0xff, 0xff, 0xff,
    0xff, 0xff, 0xf7, 0x00, 0x00, 0x00, 0x00, 0x00, 0x00, 0x00, 0x00, 0x00, 0x00, 0x00, 0x00, 0x00,
    0x04, 0xff, 0xff, 0xff, 0xff, 0xff, 0xff, 0xff, 0xff, 0xd6, 0x00, 0x00, 0x00, 0x00, 0x00, 0x00,
    0x00, 0x00, 0x00, 0x00, 0x00, 0x00, 0x00, 0x00, 0x04, 0xff, 0xff, 0xff, 0xff, 0xff, 0xff, 0xfe,
    0x83, 0x00, 0x00, 0x00, 0x00, 0x00, 0x00, 0x00, 0x00, 0x00, 0x00, 0x00, 0x00, 0x00, 0x00, 0x00,
    0x04, 0xff, 0xff, 0xff, 0xff, 0xff, 0xff, 0xff, 0xda, 0x61, 0x00, 0x00, 0x00, 0x00, 0x00, 0x00,
    0x00, 0x00, 0x00, 0x00, 0x00, 0x00, 0x00, 0x00, 0x04, 0xff, 0xff, 0xff, 0xff, 0xff, 0xff, 0xff,
    0xff, 0xff, 0xb6, 0x00, 0x00, 0x00, 0x00, 0x00, 0x00, 0x00, 0x00, 0x00, 0x00, 0x00, 0x00, 0x00,
    0x04, 0xff, 0xff, 0xff, 0xff, 0xff, 0xff, 0xff, 0xff, 0xff, 0xff, 0xe6, 0x00, 0x00, 0x00, 0x00,
    0x00, 0x00, 0x00, 0x00, 0x00, 0x00, 0x00, 0x00, 0x04, 0xff, 0xff, 0xff, 0xff, 0xff, 0xff, 0xff,
    0xff, 0xff, 0xff, 0xff, 0xd3, 0x00, 0x00, 0x00, 0x00, 0x00, 0x00, 0x00, 0x00, 0x00, 0x00, 0x00,
    0x00, 0x00, 0x11, 0x24, 0x69, 0xcf, 0xff, 0xff, 0xff, 0xff, 0xff, 0xff, 0xff, 0x60, 0x00, 0x00,
    0x00, 0x00, 0x00, 0x00, 0x00, 0x00, 0x00, 0x00, 0x00, 0x00, 0x00, 0x00, 0x00, 0x00, 0x59, 0xff,
    0xff, 0xff, 0xff, 0xff, 0xff, 0xf7, 0x00, 0x00, 0x00, 0x00, 0x00, 0x00, 0x00, 0x00, 0x00, 0x00,
    0x00, 0x00, 0x00, 0x00, 0x00, 0x00, 0x00, 0x18, 0xff, 0xff, 0xff, 0xff, 0xff, 0xff, 0x50, 0x00,
    0x00, 0x00, 0x00, 0x00, 0x00, 0x00, 0x00, 0x00, 0x00, 0x00, 0x00, 0x00, 0x00, 0x00, 0x00, 0x00,
    0x1c, 0xff, 0xff, 0xff, 0xff, 0xff, 0xf2, 0x00, 0x00, 0x00, 0x00, 0x00, 0x00, 0x00, 0x00, 0x00,
    0x00, 0x00, 0x00, 0x00, 0x00, 0x00, 0x00, 0x00, 0x00, 0x8f, 0xff, 0xff, 0xff, 0xff, 0xfa, 0x00,
    0x00, 0x00, 0x00, 0x00, 0x00, 0x00, 0x00, 0x00, 0x00, 0x00, 0x00, 0x00, 0x00, 0x00, 0x00, 0x00,
    0x00, 0x09, 0xff, 0xff, 0xff, 0xff, 0xff, 0x30, 0x00, 0x00, 0x00, 0x00, 0x00, 0x00, 0x00, 0x00,
    0x00, 0x00, 0x00, 0x00, 0x00, 0x00, 0x00, 0x00, 0x00, 0x00, 0xcf, 0xff, 0xff, 0xff, 0xff, 0x90,
    0x00, 0x00, 0x00, 0x00, 0x00, 0x00, 0x00, 0x00, 0x00, 0x00, 0x00, 0x00, 0x00, 0x00, 0x00, 0x00,
    0x00, 0x00, 0x3f, 0xff, 0xff, 0xff, 0xff, 0xe0, 0x00, 0x00, 0x00, 0x00, 0x00, 0x00, 0x00, 0x00,
    0x00, 0x00, 0x00, 0x00, 0x00, 0x00, 0x00, 0x00, 0x00, 0x00, 0x0c, 0xff, 0xff, 0xff, 0xff, 0xf3,
    0x00, 0x00, 0x00, 0x00, 0x00, 0x00, 0x00, 0x00, 0x00, 0x00, 0x00, 0x00, 0x00, 0x00, 0x00, 0x00,
    0x00, 0x00, 0x06, 0xff, 0xff, 0xff, 0xff, 0xf7, 0x00, 0x00, 0x00, 0x00, 0x00, 0x00, 0x00, 0x00,
    0x00, 0x00, 0x00, 0x00, 0x00, 0x00, 0x00, 0x00, 0x00, 0x00, 0x02, 0xff, 0xff, 0xff, 0xff, 0xf8,
    0x00, 0x00, 0x00, 0x00, 0x22, 0x00, 0x00, 0x00, 0x00, 0x00, 0x00, 0x00, 0x00, 0x00, 0x00, 0x00,
    0x00, 0x00, 0x00, 0xff, 0xff, 0xff, 0xff, 0xfa, 0x18, 0x9b, 0xce, 0xff, 0xfe, 0x00, 0x00, 0x00,
    0x00, 0x00, 0x00, 0x00, 0x00, 0x00, 0x00, 0x00, 0x00, 0x00, 0x00, 0xef, 0xff, 0xff, 0xff, 0xfb,
    0x1f, 0xff, 0xff, 0xff, 0xff, 0x10, 0x00, 0x00, 0x00, 0x00, 0x00, 0x00, 0x00, 0x00, 0x00, 0x00,
    0x00, 0x00, 0x00, 0xdf, 0xff, 0xff, 0xff, 0xfc, 0x0f, 0xff, 0xff, 0xff, 0xff, 0x40, 0x00, 0x00,
    0x00, 0x00, 0x00, 0x00, 0x00, 0x00, 0x00, 0x00, 0x00, 0x00, 0x00, 0xef, 0xff, 0xff, 0xff, 0xfb,
    0x0e, 0xff, 0xff, 0xff, 0xff, 0x80, 0x00, 0x00, 0x00, 0x00, 0x00, 0x00, 0x00, 0x00, 0x00, 0x00,
    0x00, 0x00, 0x00, 0xff, 0xff, 0xff, 0xff, 0xf9, 0x0c, 0xff, 0xff, 0xff, 0xff, 0xd0, 0x00, 0x00,
    0x00, 0x00, 0x00, 0x00, 0x00, 0x00, 0x00, 0x00, 0x00, 0x00, 0x03, 0xff, 0xff, 0xff, 0xff, 0xf8,
    0x09, 0xff, 0xff, 0xff, 0xff, 0xf3, 0x00, 0x00, 0x00, 0x00, 0x00, 0x00, 0x00, 0x00, 0x00, 0x00,
    0x00, 0x00, 0x07, 0xff, 0xff, 0xff, 0xff, 0xf6, 0x05, 0xff, 0xff, 0xff, 0xff, 0xfb, 0x00, 0x00,
    0x00, 0x00, 0x00, 0x00, 0x00, 0x00, 0x00, 0x00, 0x00, 0x00, 0x0d, 0xff, 0xff, 0xff, 0xff, 0xf2,
    0x00, 0xff, 0xff, 0xff, 0xff, 0xff, 0x40, 0x00, 0x00, 0x00, 0x00, 0x00, 0x00, 0x00, 0x00, 0x00,
    0x00, 0x00, 0x6f, 0xff, 0xff, 0xff, 0xff, 0xd0, 0x00, 0xbf, 0xff, 0xff, 0xff, 0xff, 0xe1, 0x00,
    0x00, 0x00, 0x00, 0x00, 0x00, 0x00, 0x00, 0x00, 0x00, 0x01, 0xef, 0xff, 0xff, 0xff, 0xff, 0x80,
    0x00, 0x6f, 0xff, 0xff, 0xff, 0xff, 0xfc, 0x00, 0x00, 0x00, 0x00, 0x00, 0x00, 0x00, 0x00, 0x00,
    0x00, 0x1d, 0xff, 0xff, 0xff, 0xff, 0xff, 0x30, 0x00, 0x0d, 0xff, 0xff, 0xff, 0xff, 0xff, 0xd2,
    0x00, 0x00, 0x00, 0x00, 0x00, 0x00, 0x00, 0x00, 0x03, 0xdf, 0xff, 0xff, 0xff, 0xff, 0xfa, 0x00,
    0x00, 0x04, 0xff, 0xff, 0xff, 0xff, 0xff, 0xff, 0x81, 0x00, 0x00, 0x00, 0x00, 0x00, 0x00, 0x02,
    0x9f, 0xff, 0xff, 0xff, 0xff, 0xff, 0xf2, 0x00, 0x00, 0x00, 0xcf, 0xff, 0xff, 0xff, 0xff, 0xff,
    0xff, 0xa6, 0x20, 0x00, 0x00, 0x00, 0x47, 0xbf, 0xff, 0xff, 0xff, 0xff, 0xff, 0xff, 0x80, 0x00,
    0x00, 0x00, 0x1d, 0xff, 0xff, 0xff, 0xff, 0xff, 0xff, 0xff, 0xff, 0xed, 0xde, 0xff, 0xff, 0xff,
    0xff, 0xff, 0xff, 0xff, 0xff, 0xfb, 0x00, 0x00, 0x00, 0x00, 0x02, 0xef, 0xff, 0xff, 0xff, 0xff,
    0xff, 0xff, 0xff, 0xff, 0xff, 0xff, 0xff, 0xff, 0xff, 0xff, 0xff, 0xff, 0xff, 0xc0, 0x00, 0x00,
    0x00, 0x00, 0x00, 0x3e, 0xff, 0xff, 0xff, 0xff, 0xff, 0xff, 0xff, 0xff, 0xff, 0xff, 0xff, 0xff,
    0xff, 0xff, 0xff, 0xff, 0xfc, 0x10, 0x00, 0x00, 0x00, 0x00, 0x00, 0x01, 0xbf, 0xff, 0xff, 0xff,
    0xff, 0xff, 0xff, 0xff, 0xff, 0xff, 0xff, 0xff, 0xff, 0xff, 0xff, 0xff, 0x70, 0x00, 0x00, 0x00,
    0x00, 0x00, 0x00, 0x00, 0x07, 0xff, 0xff, 0xff, 0xff, 0xff, 0xff, 0xff, 0xff, 0xff, 0xff, 0xff,
    0xff, 0xff, 0xff, 0xd3, 0x00, 0x00, 0x00, 0x00, 0x00, 0x00, 0x00, 0x00, 0x00, 0x17, 0xef, 0xff,
    0xff, 0xff, 0xff, 0xff, 0xff, 0xff, 0xff, 0xff, 0xff, 0xff, 0xb4, 0x00, 0x00, 0x00, 0x00, 0x00,
    0x00, 0x00, 0x00, 0x00, 0x00, 0x00, 0x05, 0xae, 0xff, 0xff, 0xff, 0xff, 0xff, 0xff, 0xff, 0xff,
    0xfc, 0x82, 0x00, 0x00, 0x00, 0x00, 0x00, 0x00, 0x00, 0x00, 0x00, 0x00, 0x00, 0x00, 0x00, 0x00,
    0x25, 0x9b, 0xcd, 0xef, 0xfe, 0xdc, 0xba, 0x73, 0x00, 0x00, 0x00, 0x00, 0x00, 0x00, 0x00, 0x00,
    0x00, 0x00, 0x00, 0x00, 0x00, 0x00, 0x00, 0x00, 0x00, 0x00, 0x00, 0x00, 0x00, 0x00, 0x00, 0x00,
    0xbf, 0xff, 0xff, 0xff, 0xff, 0x40, 0x00, 0x00, 0x00, 0x00, 0x00, 0x00, 0x00, 0x00, 0x00, 0x00,
    0x00, 0x00, 0x00, 0x00, 0x00, 0x00, 0x00, 0x00, 0x00, 0x7f, 0xff, 0xff, 0xff, 0xff, 0xf4, 0x00,
    0x00, 0x00, 0x00, 0x00, 0x00, 0x00, 0x00, 0x00, 0x00, 0x00, 0x00, 0x00, 0x00, 0x00, 0x00, 0x00,
    0x00, 0x00, 0x3f, 0xff, 0xff, 0xff, 0xff, 0xff, 0x40, 0x00, 0x00, 0x00, 0x00, 0x00, 0x00, 0x00,
    0x00, 0x00, 0x00, 0x00, 0x00, 0x00, 0x00, 0x00, 0x00, 0x00, 0x00, 0x0d, 0xff, 0xff, 0xff, 0xff,
    0xff, 0xf4, 0x00, 0x00, 0x00, 0x00, 0x00, 0x00, 0x00, 0x00, 0x00, 0x00, 0x00, 0x00, 0x00, 0x00,
    0x00, 0x00, 0x00, 0x00, 0x0a, 0xff, 0xff, 0xff, 0xff, 0xff, 0xff, 0x40, 0x00, 0x00, 0x00, 0x00,
    0x00, 0x00, 0x00, 0x00, 0x00, 0x00, 0x00, 0x00, 0x00, 0x00, 0x00, 0x00, 0x00, 0x06, 0xff, 0xff,
    0xff, 0xff, 0xff, 0xff, 0xf4, 0x00, 0x00, 0x00, 0x00, 0x00, 0x00, 0x00, 0x00, 0x00, 0x00, 0x00,
    0x00, 0x00, 0x00, 0x00, 0x00, 0x00, 0x02, 0xff, 0xff, 0xff, 0xff, 0xff, 0xff, 0xff, 0x40, 0x00,
    0x00, 0x00, 0x00, 0x00, 0x00, 0x00, 0x00, 0x00, 0x00, 0x00, 0x00, 0x00, 0x00, 0x00, 0x00, 0x00,
    0xdf, 0xff, 0xff, 0xff, 0xff, 0xff, 0xff, 0xf4, 0x00, 0x00, 0x00, 0x00, 0x00, 0x00, 0x00, 0x00,
    0x00, 0x00, 0x00, 0x00, 0x00, 0x00, 0x00, 0x00, 0x00, 0x9f, 0xff, 0xff, 0xff, 0xff, 0xff, 0xff,
    0xff, 0x40, 0x00, 0x00, 0x00, 0x00, 0x00, 0x00, 0x00, 0x00, 0x00, 0x00, 0x00, 0x00, 0x00, 0x00,
    0x00, 0x00, 0x5f, 0xff, 0xff, 0xff, 0xff, 0xff, 0xff, 0xff, 0xf4, 0x00, 0x00, 0x00, 0x00, 0x00,
    0x00, 0x00, 0x00, 0x00, 0x00, 0x00, 0x00, 0x00, 0x00, 0x00, 0x00, 0x2f, 0xff, 0xff, 0xff, 0xff,
    0xff, 0xff, 0xff, 0xff, 0x40, 0x00, 0x00, 0x00, 0x00, 0x00, 0x00, 0x00, 0x00, 0x00, 0x00, 0x00,
    0x00, 0x00, 0x00, 0x00, 0x0c, 0xff, 0xff, 0xff, 0xff, 0xff, 0xff, 0xff, 0xff, 0xf4, 0x00, 0x00,
    0x00, 0x00, 0x00, 0x00, 0x00, 0x00, 0x00, 0x00, 0x00, 0x00, 0x00, 0x00, 0x00, 0x09, 0xff, 0xff,
    0xff, 0xff, 0xde, 0xff, 0xff, 0xff, 0xff, 0x40, 0x00, 0x00, 0x00, 0x00, 0x00, 0x00, 0x00, 0x00,
    0x00, 0x00, 0x00, 0x00, 0x00, 0x00, 0x04, 0xff, 0xff, 0xff, 0xff, 0xf3, 0xdf, 0xff, 0xff, 0xff,
    0xf4, 0x00, 0x00, 0x00, 0x00, 0x00, 0x00, 0x00, 0x00, 0x00, 0x00, 0x00, 0x00, 0x00, 0x00, 0x01,
    0xef, 0xff, 0xff, 0xff, 0xf7, 0x0d, 0xff, 0xff, 0xff, 0xff, 0x40, 0x00, 0x00, 0x00, 0x00, 0x00,
    0x00, 0x00, 0x00, 0x00, 0x00, 0x00, 0x00, 0x00, 0x00, 0xcf, 0xff, 0xff, 0xff, 0xfb, 0x00, 0xdf,
    0xff, 0xff, 0xff, 0xf4, 0x00, 0x00, 0x00, 0x00, 0x00, 0x00, 0x00, 0x00, 0x00, 0x00, 0x00, 0x00,
    0x00, 0x00, 0x8f, 0xff, 0xff, 0xff, 0xfe, 0x10, 0x0d, 0xff, 0xff, 0xff, 0xff, 0x40, 0x00, 0x00,
    0x00, 0x00, 0x00, 0x00, 0x00, 0x00, 0x00, 0x00, 0x00, 0x00, 0x00, 0x4f, 0xff, 0xff, 0xff, 0xff,
    0x30, 0x00, 0xdf, 0xff, 0xff, 0xff, 0xf4, 0x00, 0x00, 0x00, 0x00, 0x00, 0x00, 0x00, 0x00, 0x00,
    0x00, 0x00, 0x00, 0x00, 0x1e, 0xff, 0xff, 0xff, 0xff, 0x70, 0x00, 0x0d, 0xff, 0xff, 0xff, 0xff,
    0x40, 0x00, 0x00, 0x00, 0x00, 0x00, 0x00, 0x00, 0x00, 0x00, 0x00, 0x00, 0x00, 0x0b, 0xff, 0xff,
    0xff, 0xff, 0xc0, 0x00, 0x00, 0xdf, 0xff, 0xff, 0xff, 0xf4, 0x00, 0x00, 0x00, 0x00, 0x00, 0x00,
    0x00, 0x00, 0x00, 0x00, 0x00, 0x00, 0x07, 0xff, 0xff, 0xff, 0xff, 0xe1, 0x00, 0x00, 0x0d, 0xff,
    0xff, 0xff, 0xff, 0x40, 0x00, 0x00, 0x00, 0x00, 0x00, 0x00, 0x00, 0x00, 0x00, 0x00, 0x00, 0x03,
    0xff, 0xff, 0xff, 0xff, 0xf4, 0x00, 0x00, 0x00, 0xdf, 0xff, 0xff, 0xff, 0xf4, 0x00, 0x00, 0x00,
    0x00, 0x00, 0x00, 0x00, 0x00, 0x00, 0x00, 0x00, 0x01, 0xef, 0xff, 0xff, 0xff, 0xf8, 0x00, 0x00,
    0x00, 0x0d, 0xff, 0xff, 0xff, 0xff, 0x40, 0x00, 0x00, 0x00, 0x00, 0x00, 0x00, 0x00, 0x00, 0x00,
    0x00, 0x00, 0xbf, 0xff, 0xff, 0xff, 0xfc, 0x00, 0x00, 0x00, 0x00, 0xdf, 0xff, 0xff, 0xff, 0xf4,
    0x00, 0x00, 0x00, 0x00, 0x00, 0x00, 0x00, 0x00, 0x00, 0x00, 0x00, 0x6f, 0xff, 0xff, 0xff, 0xff,
    0x20, 0x00, 0x00, 0x00, 0x0d, 0xff, 0xff, 0xff, 0xff, 0x40, 0x00, 0x00, 0x00, 0x00, 0x00, 0x00,
    0x00, 0x00, 0x00, 0x00, 0x3f, 0xff, 0xff, 0xff, 0xff, 0x50, 0x00, 0x00, 0x00, 0x00, 0xdf, 0xff,
    0xff, 0xff, 0xf4, 0x00, 0x00, 0x00, 0x00, 0x00, 0x00, 0x00, 0x00, 0x00, 0x00, 0x0d, 0xff, 0xff,
    0xff, 0xff, 0x90, 0x00, 0x00, 0x00, 0x00, 0x0d, 0xff, 0xff, 0xff, 0xff, 0x40, 0x00, 0x00, 0x00,
    0x00, 0x00, 0x00, 0x00, 0x00, 0x00, 0x0a, 0xff, 0xff, 0xff, 0xff, 0xd0, 0x00, 0x00, 0x00, 0x00,
    0x00, 0xdf, 0xff, 0xff, 0xff, 0xf4, 0x00, 0x00, 0x00, 0x00, 0x00, 0x00, 0x00, 0x00, 0x00, 0x06,
    0xff, 0xff, 0xff, 0xff, 0xf2, 0x00, 0x00, 0x00, 0x00, 0x00, 0x0d, 0xff, 0xff, 0xff, 0xff, 0x40,
    0x00, 0x00, 0x00, 0x00, 0x00, 0x00, 0x00, 0x00, 0x02, 0xff, 0xff, 0xff, 0xff, 0xf6, 0x00, 0x00,
    0x00, 0x00, 0x00, 0x00, 0xdf, 0xff, 0xff, 0xff, 0xf4, 0x00, 0x00, 0x00, 0x00, 0x00, 0x00, 0x00,
    0x00, 0x00, 0xdf, 0xff, 0xff, 0xff, 0xfa, 0x00, 0x00, 0x00, 0x00, 0x00, 0x00, 0x0d, 0xff, 0xff,
    0xff, 0xff, 0x40, 0x00, 0x00, 0x00, 0x00, 0x00, 0x00, 0x00, 0x00, 0x9f, 0xff, 0xff, 0xff, 0xfe,
    0x10, 0x00, 0x00, 0x00, 0x00, 0x00, 0x00, 0xdf, 0xff, 0xff, 0xff, 0xf4, 0x00, 0x00, 0x00, 0x00,
    0x00, 0x00, 0x00, 0x00, 0x5f, 0xff, 0xff, 0xff, 0xff, 0x30, 0x00, 0x00, 0x00, 0x00, 0x00, 0x00,
    0x0d, 0xff, 0xff, 0xff, 0xff, 0x40, 0x00, 0x00, 0x00, 0x00, 0x00, 0x00, 0x00, 0x2f, 0xff, 0xff,
    0xff, 0xff, 0x70, 0x00, 0x00, 0x00, 0x00, 0x00, 0x00, 0x00, 0xdf, 0xff, 0xff, 0xff, 0xf4, 0x00,
    0x00, 0x00, 0x00, 0x00, 0x00, 0x00, 0x0c, 0xff, 0xff, 0xff, 0xff, 0xb0, 0x00, 0x00, 0x00, 0x00,
    0x00, 0x00, 0x00, 0x0d, 0xff, 0xff, 0xff, 0xff, 0x40, 0x00, 0x00, 0x00, 0x00, 0x00, 0x00, 0x08,
    0xff, 0xff, 0xff, 0xff, 0xe1, 0x00, 0x00, 0x00, 0x00, 0x00, 0x00, 0x00, 0x00, 0xdf, 0xff, 0xff,
    0xff, 0xf4, 0x00, 0x00, 0x00, 0x00, 0x00, 0x00, 0x04, 0xff, 0xff, 0xff, 0xff, 0xf4, 0x00, 0x00,
    0x00, 0x00, 0x00, 0x00, 0x00, 0x00, 0x0d, 0xff, 0xff, 0xff, 0xff, 0x40, 0x00, 0x00, 0x00, 0x00,
    0x00, 0x01, 0xef, 0xff, 0xff, 0xff, 0xf8, 0x00, 0x00, 0x00, 0x00, 0x00, 0x00, 0x00, 0x00, 0x00,
    0xdf, 0xff, 0xff, 0xff, 0xf4, 0x00, 0x00, 0x00, 0x00, 0x00, 0x00, 0xcf, 0xff, 0xff, 0xff, 0xfc,
    0x00, 0x00, 0x00, 0x00, 0x00, 0x00, 0x00, 0x00, 0x00, 0x0d, 0xff, 0xff, 0xff, 0xff, 0x40, 0x00,
    0x00, 0x00, 0x00, 0x00, 0x8f, 0xff, 0xff, 0xff, 0xff, 0x20, 0x00, 0x00, 0x00, 0x00, 0x00, 0x00,
    0x00, 0x00, 0x00, 0xdf, 0xff, 0xff, 0xff, 0xf4, 0x00, 0x00, 0x00, 0x00, 0x00, 0x4f, 0xff, 0xff,
    0xff, 0xff, 0x50, 0x00, 0x00, 0x00, 0x00, 0x00, 0x00, 0x00, 0x00, 0x00, 0x0d, 0xff, 0xff, 0xff,
    0xff, 0x40, 0x00, 0x00, 0x00, 0x00, 0x1e, 0xff, 0xff, 0xff, 0xff, 0x90, 0x00, 0x00, 0x00, 0x00,
    0x00, 0x00, 0x00, 0x00, 0x00, 0x00, 0xdf, 0xff, 0xff, 0xff, 0xf4, 0x00, 0x00, 0x00, 0x00, 0x0b,
    0xff, 0xff, 0xff, 0xff, 0xd0, 0x00, 0x00, 0x00, 0x00, 0x00, 0x00, 0x00, 0x00, 0x00, 0x00, 0x0d,
    0xff, 0xff, 0xff, 0xff, 0x40, 0x00, 0x00, 0x00, 0x03, 0xff, 0xff, 0xff, 0xff, 0xfa, 0x88, 0x88,
    0x88, 0x88, 0x88, 0x88, 0x88, 0x88, 0x88, 0x88, 0x88, 0xef, 0xff, 0xff, 0xff, 0xfe, 0xdd, 0xdd,
    0xdd, 0xd2, 0x3f, 0xff, 0xff, 0xff, 0xff, 0xff, 0xff, 0xff, 0xff, 0xff, 0xff, 0xff, 0xff, 0xff,
    0xff, 0xff, 0xff, 0xff, 0xff, 0xff, 0xff, 0xff, 0xff, 0xff, 0xff, 0x23, 0xff, 0xff, 0xff, 0xff,
    0xff, 0xff, 0xff, 0xff, 0xff, 0xff, 0xff, 0xff, 0xff, 0xff, 0xff, 0xff, 0xff, 0xff, 0xff, 0xff,
    0xff, 0xff, 0xff, 0xff, 0xf2, 0x3f, 0xff, 0xff, 0xff, 0xff, 0xff, 0xff, 0xff, 0xff, 0xff, 0xff,
    0xff, 0xff, 0xff, 0xff, 0xff, 0xff, 0xff, 0xff, 0xff, 0xff, 0xff, 0xff, 0xff, 0xff, 0x23, 0xff,
    0xff, 0xff, 0xff, 0xff, 0xff, 0xff, 0xff, 0xff, 0xff, 0xff, 0xff, 0xff, 0xff, 0xff, 0xff, 0xff,
    0xff, 0xff, 0xff, 0xff, 0xff, 0xff, 0xff, 0xf2, 0x3f, 0xff, 0xff, 0xff, 0xff, 0xff, 0xff, 0xff,
    0xff, 0xff, 0xff, 0xff, 0xff, 0xff, 0xff, 0xff, 0xff, 0xff, 0xff, 0xff, 0xff, 0xff, 0xff, 0xff,
    0xff, 0x23, 0xff, 0xff, 0xff, 0xff, 0xff, 0xff, 0xff, 0xff, 0xff, 0xff, 0xff, 0xff, 0xff, 0xff,
    0xff, 0xff, 0xff, 0xff, 0xff, 0xff, 0xff, 0xff, 0xff, 0xff, 0xf2, 0x3f, 0xff, 0xff, 0xff, 0xff,
    0xff, 0xff, 0xff, 0xff, 0xff, 0xff, 0xff, 0xff, 0xff, 0xff, 0xff, 0xff, 0xff, 0xff, 0xff, 0xff,
    0xff, 0xff, 0xff, 0xff, 0x20, 0x00, 0x00, 0x00, 0x00, 0x00, 0x00, 0x00, 0x00, 0x00, 0x00, 0x00,
    0x00, 0x00, 0x00, 0x00, 0x00, 0xdf, 0xff, 0xff, 0xff, 0xf4, 0x00, 0x00, 0x00, 0x00, 0x00, 0x00,
    0x00, 0x00, 0x00, 0x00, 0x00, 0x00, 0x00, 0x00, 0x00, 0x00, 0x00, 0x00, 0x00, 0x00, 0x0d, 0xff,
    0xff, 0xff, 0xff, 0x40, 0x00, 0x00, 0x00, 0x00, 0x00, 0x00, 0x00, 0x00, 0x00, 0x00, 0x00, 0x00,
    0x00, 0x00, 0x00, 0x00, 0x00, 0x00, 0x00, 0x00, 0xdf, 0xff, 0xff, 0xff, 0xf4, 0x00, 0x00, 0x00,
    0x00, 0x00, 0x00, 0x00, 0x00, 0x00, 0x00, 0x00, 0x00, 0x00, 0x00, 0x00, 0x00, 0x00, 0x00, 0x00,
    0x00, 0x0d, 0xff, 0xff, 0xff, 0xff, 0x40, 0x00, 0x00, 0x00, 0x00, 0x00, 0x00, 0x00, 0x00, 0x00,
    0x00, 0x00, 0x00, 0x00, 0x00, 0x00, 0x00, 0x00, 0x00, 0x00, 0x00, 0xdf, 0xff, 0xff, 0xff, 0xf4,
    0x00, 0x00, 0x00, 0x00, 0x00, 0x00, 0x00, 0x00, 0x00, 0x00, 0x00, 0x00, 0x00, 0x00, 0x00, 0x00,
    0x00, 0x00, 0x00, 0x00, 0x0d, 0xff, 0xff, 0xff, 0xff, 0x40, 0x00, 0x00, 0x00, 0x00, 0x00, 0x00,
    0x00, 0x00, 0x00, 0x00, 0x00, 0x00, 0x00, 0x00, 0x00, 0x00, 0x00, 0x00, 0x00, 0x00, 0xdf, 0xff,
    0xff, 0xff, 0xf4, 0x00, 0x00, 0x00, 0x00, 0x00, 0x00, 0x00, 0x00, 0x00, 0x00, 0x00, 0x00, 0x00,
    0x00, 0x00, 0x00, 0x00, 0x00, 0x00, 0x00, 0x0d, 0xff, 0xff, 0xff, 0xff, 0x40, 0x00, 0x00, 0x00,
    0x00, 0x00, 0x00, 0x00, 0x00, 0x00, 0x00, 0x00, 0x00, 0x00, 0x00, 0x00, 0x00, 0x00, 0x00, 0x00,
    0x00, 0xdf, 0xff, 0xff, 0xff, 0xf4, 0x00, 0x00, 0x00, 0x00, 0x00, 0x00, 0x00, 0x00, 0x00, 0x00,
    0x00, 0x00, 0x00, 0x00, 0x00, 0x00, 0x00, 0x00, 0x00, 0x00, 0x0d, 0xff, 0xff, 0xff, 0xff, 0x40,
    0x00, 0x00, 0x00, 0x00, 0x00, 0x00, 0x00, 0x00, 0x00, 0x00, 0x00, 0x00, 0x00, 0x00, 0x00, 0x00,
    0x00, 0x00, 0x00, 0x00, 0xdf, 0xff, 0xff, 0xff, 0xf4, 0x00, 0x00, 0x00, 0x00, 0x00, 0x00, 0x00,
    0x00, 0x00, 0x00, 0x00, 0x00, 0x00, 0x00, 0x00, 0x00, 0x00, 0x00, 0x00, 0x00, 0x0d, 0xff, 0xff,
    0xff, 0xff, 0x40, 0x00, 0x00, 0x00, 0x00, 0x00, 0x00, 0x00, 0x00, 0x00, 0x00, 0x00, 0x00, 0x00,
    0x00, 0x00, 0x00, 0x00, 0x00, 0x00, 0x00, 0xdf, 0xff, 0xff, 0xff, 0xf4, 0x00, 0x00, 0x00, 0x00,
    0x00, 0x00, 0x00, 0x00, 0x00, 0x00, 0x00, 0x00, 0x00, 0x00, 0x00, 0x00, 0x00, 0x00, 0x00, 0x00,
    0x0d, 0xff, 0xff, 0xff, 0xff, 0x40, 0x00, 0x00, 0x00, 0x00, 0x00, 0x00, 0x00, 0x00, 0x00, 0x00,
    0x00, 0x00, 0x00, 0x00, 0x00, 0x00, 0x00, 0x00, 0x00, 0x00, 0xdf, 0xff, 0xff, 0xff, 0xf4, 0x00,
    0x00, 0x00, 0x00, 0x00, 0x00, 0x00, 0x00, 0x00, 0x00, 0x00, 0x00, 0x00, 0x00, 0x00, 0x00, 0x00,
    0x00, 0x00, 0x00, 0x0d, 0xff, 0xff, 0xff, 0xff, 0x40, 0x00, 0x00, 0x00, 0x00, 0x00, 0x00, 0x00,
    0x00, 0x00, 0x00, 0x00, 0x00, 0x00, 0x00, 0x00, 0x00, 0x00, 0x00, 0x00, 0x00, 0xdf, 0xff, 0xff,
    0xff, 0xf4, 0x00, 0x00, 0x00, 0x00, 0x00, 0x00, 0x00, 0x00, 0x00, 0x00, 0x00, 0x00, 0x00, 0x00,
    0x00, 0x00, 0x00, 0x00, 0x00, 0x00, 0x0d, 0xff, 0xff, 0xff, 0xff, 0x40, 0x00, 0x00, 0x00, 0x00,
    0x00, 0x00, 0x00, 0x00, 0x00, 0x00, 0x00, 0x00, 0x00, 0x00, 0x00, 0x00, 0x00, 0x00, 0x00, 0x00,
    0xdf, 0xff, 0xff, 0xff, 0xf4, 0x00, 0x00, 0x00, 0x00, 0x00, 0x00, 0x00, 0x7f, 0xff, 0xff, 0xff,
    0xff, 0xff, 0xff, 0xff, 0xff, 0xff, 0xff, 0xff, 0xff, 0xff, 0xff, 0xff, 0xff, 0xff, 0xff, 0x00,
    0x00, 0x00, 0x00, 0x00, 0x9f, 0xff, 0xff, 0xff, 0xff, 0xff, 0xff, 0xff, 0xff, 0xff, 0xff, 0xff,
    0xff, 0xff, 0xff, 0xff, 0xff, 0xff, 0xff, 0x00, 0x00, 0x00, 0x00, 0x00, 0xbf, 0xff, 0xff, 0xff,
    0xff, 0xff, 0xff, 0xff, 0xff, 0xff, 0xff, 0xff, 0xff, 0xff, 0xff, 0xff, 0xff, 0xff, 0xff, 0x00,
    0x00, 0x00, 0x00, 0x00, 0xdf, 0xff, 0xff, 0xff, 0xff, 0xff, 0xff, 0xff, 0xff, 0xff, 0xff, 0xff,
    0xff, 0xff, 0xff, 0xff, 0xff, 0xff, 0xff, 0x00, 0x00, 0x00, 0x00, 0x00, 0xff, 0xff, 0xff, 0xff,
    0xff, 0xff, 0xff, 0xff, 0xff, 0xff, 0xff, 0xff, 0xff, 0xff, 0xff, 0xff, 0xff, 0xff, 0xff, 0x00,
    0x00, 0x00, 0x00, 0x01, 0xff, 0xff, 0xff, 0xff, 0xff, 0xff, 0xff, 0xff, 0xff, 0xff, 0xff, 0xff,
    0xff, 0xff, 0xff, 0xff, 0xff, 0xff, 0xff, 0x00, 0x00, 0x00, 0x00, 0x03, 0xff, 0xff, 0xff, 0xff,
    0xff, 0xff, 0xff, 0xff, 0xff, 0xff, 0xff, 0xff, 0xff, 0xff, 0xff, 0xff, 0xff, 0xff, 0xff, 0x00,
    0x00, 0x00, 0x00, 0x05, 0xff, 0xff, 0xff, 0xff, 0xdd, 0xdd, 0xdd, 0xdd, 0xdd, 0xdd, 0xdd, 0xdd,
    0xdd, 0xdd, 0xdd, 0xdd, 0xdd, 0xdd, 0xdd, 0x00, 0x00, 0x00, 0x00, 0x06, 0xff, 0xff, 0xff, 0xfe,
    0x00, 0x00, 0x00, 0x00, 0x00, 0x00, 0x00, 0x00, 0x00, 0x00, 0x00, 0x00, 0x00, 0x00, 0x00, 0x00,
    0x00, 0x00, 0x00, 0x08, 0xff, 0xff, 0xff, 0xfc, 0x00, 0x00, 0x00, 0x00, 0x00, 0x00, 0x00, 0x00,
    0x00, 0x00, 0x00, 0x00, 0x00, 0x00, 0x00, 0x00, 0x00, 0x00, 0x00, 0x0a, 0xff, 0xff, 0xff, 0xfa,
    0x00, 0x00, 0x00, 0x00, 0x00, 0x00, 0x00, 0x00, 0x00, 0x00, 0x00, 0x00, 0x00, 0x00, 0x00, 0x00,
    0x00, 0x00, 0x00, 0x0c, 0xff, 0xff, 0xff, 0xf8, 0x00, 0x00, 0x00, 0x00, 0x00, 0x00, 0x00, 0x00,
    0x00, 0x00, 0x00, 0x00, 0x00, 0x00, 0x00, 0x00, 0x00, 0x00, 0x00, 0x0e, 0xff, 0xff, 0xff, 0xf6,
    0x00, 0x00, 0x00, 0x00, 0x00, 0x00, 0x00, 0x00, 0x00, 0x00, 0x00, 0x00, 0x00, 0x00, 0x00, 0x00,
    0x00, 0x00, 0x00, 0x0f, 0xff, 0xff, 0xff, 0xf4, 0x00, 0x00, 0x00, 0x00, 0x00, 0x00, 0x00, 0x00,
    0x00, 0x00, 0x00, 0x00, 0x00, 0x00, 0x00, 0x00, 0x00, 0x00, 0x00, 0x2f, 0xff, 0xff, 0xff, 0xf2,
    0x00, 0x00, 0x00, 0x00, 0x00, 0x00, 0x00, 0x00, 0x00, 0x00, 0x00, 0x00, 0x00, 0x00, 0x00, 0x00,
    0x00, 0x00, 0x00, 0x3f, 0xff, 0xff, 0xff, 0xf0, 0x00, 0x00, 0x00, 0x00, 0x00, 0x00, 0x00, 0x00,
    0x00, 0x00, 0x00, 0x00, 0x00, 0x00, 0x00, 0x00, 0x00, 0x00, 0x00, 0x5f, 0xff, 0xff, 0xff, 0xe0,
    0x00, 0x00, 0x00, 0x00, 0x00, 0x00, 0x00, 0x00, 0x00, 0x00, 0x00, 0x00, 0x00, 0x00, 0x00, 0x00,
    0x00, 0x00, 0x00, 0x7f, 0xff, 0xff, 0xff, 0xc0, 0x00, 0x00, 0x00, 0x00, 0x00, 0x00, 0x00, 0x00,
    0x00, 0x00, 0x00, 0x00, 0x00, 0x00, 0x00, 0x00, 0x00, 0x00, 0x00, 0x9f, 0xff, 0xff, 0xff, 0xa0,
    0x00, 0x00, 0x00, 0x00, 0x00, 0x00, 0x00, 0x00, 0x00, 0x00, 0x00, 0x00, 0x00, 0x00, 0x00, 0x00,
    0x00, 0x00, 0x00, 0xbf, 0xff, 0xff, 0xff, 0x80, 0x00, 0x00, 0x00, 0x00, 0x00, 0x00, 0x00, 0x00,
    0x00, 0x00, 0x00, 0x00, 0x00, 0x00, 0x00, 0x00, 0x00, 0x00, 0x00, 0xdf, 0xff, 0xff, 0xff, 0x60,
    0x00, 0x00, 0x00, 0x00, 0x00, 0x00, 0x00, 0x00, 0x00, 0x00, 0x00, 0x00, 0x00, 0x00, 0x00, 0x00,
    0x00, 0x00, 0x00, 0xff, 0xff, 0xff, 0xff, 0x50, 0x00, 0x00, 0x00, 0x00, 0x00, 0x00, 0x00, 0x00,
    0x00, 0x00, 0x00, 0x00, 0x00, 0x00, 0x00, 0x00, 0x00, 0x00, 0x01, 0xff, 0xff, 0xff, 0xff, 0x30,
    0x00, 0x00, 0x00, 0x00, 0x00, 0x00, 0x00, 0x00, 0x00, 0x00, 0x00, 0x00, 0x00, 0x00, 0x00, 0x00,
    0x00, 0x00, 0x02, 0xff, 0xff, 0xff, 0xff, 0x10, 0x00, 0x00, 0x00, 0x00, 0x00, 0x00, 0x00, 0x00,
    0x00, 0x00, 0x00, 0x00, 0x00, 0x00, 0x00, 0x00, 0x00, 0x00, 0x04, 0xff, 0xff, 0xff, 0xff, 0x00,
    0x00, 0x00, 0x00, 0x00, 0x00, 0x00, 0x00, 0x00, 0x00, 0x00, 0x00, 0x00, 0x00, 0x00, 0x00, 0x00,
    0x00, 0x00, 0x06, 0xff, 0xff, 0xff, 0xfd, 0x00, 0x00, 0x00, 0x00, 0x00, 0x34, 0x56, 0x77, 0x54,
    0x31, 0x00, 0x00, 0x00, 0x00, 0x00, 0x00, 0x00, 0x00, 0x00, 0x08, 0xff, 0xff, 0xff, 0xfb, 0x00,
    0x00, 0x00, 0x48, 0xcf, 0xff, 0xff, 0xff, 0xff, 0xff, 0xd9, 0x40, 0x00, 0x00, 0x00, 0x00, 0x00,
    0x00, 0x00, 0x0a, 0xff, 0xff, 0xff, 0xf9, 0x00, 0x01, 0x8e, 0xff, 0xff, 0xff, 0xff, 0xff, 0xff,
    0xff, 0xff, 0xff, 0x81, 0x00, 0x00, 0x00, 0x00, 0x00, 0x00, 0x0c, 0xff, 0xff, 0xff, 0xf7, 0x02,
    0xaf, 0xff, 0xff, 0xff, 0xff, 0xff, 0xff, 0xff, 0xff, 0xff, 0xff, 0xff, 0x81, 0x00, 0x00, 0x00,
    0x00, 0x00, 0x0e, 0xff, 0xff, 0xff, 0xf6, 0x7f, 0xff, 0xff, 0xff, 0xff, 0xff, 0xff, 0xff, 0xff,
    0xff, 0xff, 0xff, 0xff, 0xfd, 0x20, 0x00, 0x00, 0x00, 0x00, 0x0f, 0xff, 0xff, 0xff, 0xff, 0xff,
    0xff, 0xff, 0xff, 0xff, 0xff, 0xff, 0xff, 0xff, 0xff, 0xff, 0xff, 0xff, 0xff, 0xf4, 0x00, 0x00,
    0x00, 0x00, 0x1f, 0xff, 0xff, 0xff, 0xff, 0xff, 0xff, 0xff, 0xff, 0xff, 0xff, 0xff, 0xff, 0xff,
    0xff, 0xff, 0xff, 0xff, 0xff, 0xff, 0x50, 0x00, 0x00, 0x00, 0x3f, 0xff, 0xff, 0xff, 0xff, 0xff,
    0xff, 0xff, 0xfc, 0x74, 0x21, 0x01, 0x24, 0x8c, 0xff, 0xff, 0xff, 0xff, 0xff, 0xff, 0xf2, 0x00,
    0x00, 0x00, 0x5f, 0xff, 0xff, 0xff, 0xff, 0xff, 0xff, 0xd7, 0x20, 0x00, 0x00, 0x00, 0x00, 0x00,
    0x2a, 0xff, 0xff, 0xff, 0xff, 0xff, 0xfd, 0x00, 0x00, 0x00, 0x7f, 0xff, 0xff, 0xff, 0xff, 0xff,
    0xf7, 0x00, 0x00, 0x00, 0x00, 0x00, 0x00, 0x00, 0x00, 0x3e, 0xff, 0xff, 0xff, 0xff, 0xff, 0x90,
    0x00, 0x00, 0x9f, 0xff, 0xff, 0xff, 0xff, 0xfa, 0x10, 0x00, 0x00, 0x00, 0x00, 0x00, 0x00, 0x00,
    0x00, 0x01, 0xdf, 0xff, 0xff, 0xff, 0xff, 0xf1, 0x00, 0x00, 0xbf, 0xff, 0xff, 0xff, 0xff, 0x70,
    0x00, 0x00, 0x00, 0x00, 0x00, 0x00, 0x00, 0x00, 0x00, 0x00, 0x1e, 0xff, 0xff, 0xff, 0xff, 0xf8,
    0x00, 0x00, 0x14, 0x69, 0xcf, 0xff, 0xf6, 0x00, 0x00, 0x00, 0x00, 0x00, 0x00, 0x00, 0x00, 0x00,
    0x00, 0x00, 0x04, 0xff, 0xff, 0xff, 0xff, 0xff, 0x10, 0x00, 0x00, 0x00, 0x00, 0x24, 0x30, 0x00,
    0x00, 0x00, 0x00, 0x00, 0x00, 0x00, 0x00, 0x00, 0x00, 0x00, 0x00, 0xaf, 0xff, 0xff, 0xff, 0xff,
    0x60, 0x00, 0x00, 0x00, 0x00, 0x00, 0x00, 0x00, 0x00, 0x00, 0x00, 0x00, 0x00, 0x00, 0x00, 0x00,
    0x00, 0x00, 0x00, 0x3f, 0xff, 0xff, 0xff, 0xff, 0xa0, 0x00, 0x00, 0x00, 0x00, 0x00, 0x00, 0x00,
    0x00, 0x00, 0x00, 0x00, 0x00, 0x00, 0x00, 0x00, 0x00, 0x00, 0x00, 0x0c, 0xff, 0xff, 0xff, 0xff,
    0xe0, 0x00, 0x00, 0x00, 0x00, 0x00, 0x00, 0x00, 0x00, 0x00, 0x00, 0x00, 0x00, 0x00, 0x00, 0x00,
    0x00, 0x00, 0x00, 0x07, 0xff, 0xff, 0xff, 0xff, 0xf2, 0x00, 0x00, 0x00, 0x00, 0x00, 0x00, 0x00,
    0x00, 0x00, 0x00, 0x00, 0x00, 0x00, 0x00, 0x00, 0x00, 0x00, 0x00, 0x04, 0xff, 0xff, 0xff, 0xff,
    0xf6, 0x00, 0x00, 0x00, 0x00, 0x00, 0x00, 0x00, 0x00, 0x00, 0x00, 0x00, 0x00, 0x00, 0x00, 0x00,
    0x00, 0x00, 0x00, 0x00, 0xff, 0xff, 0xff, 0xff, 0xf7, 0x00, 0x00, 0x00, 0x00, 0x00, 0x00, 0x00,
    0x00, 0x00, 0x00, 0x00, 0x00, 0x00, 0x00, 0x00, 0x00, 0x00, 0x00, 0x00, 0xef, 0xff, 0xff, 0xff,
    0xf8, 0x00, 0x00, 0x00, 0x00, 0x00, 0x00, 0x00, 0x00, 0x00, 0x00, 0x00, 0x00, 0x00, 0x00, 0x00,
    0x00, 0x00, 0x00, 0x00, 0xcf, 0xff, 0xff, 0xff, 0xfa, 0x00, 0x00, 0x00, 0x00, 0x00, 0x00, 0x00,
    0x00, 0x00, 0x00, 0x00, 0x00, 0x00, 0x00, 0x00, 0x00, 0x00, 0x00, 0x00, 0xbf, 0xff, 0xff, 0xff,
    0xfb, 0x00, 0x00, 0x00, 0x00, 0x00, 0x00, 0x00, 0x00, 0x00, 0x00, 0x00, 0x00, 0x00, 0x00, 0x00,
    0x00, 0x00, 0x00, 0x00, 0xaf, 0xff, 0xff, 0xff, 0xfc, 0x00, 0x00, 0x00, 0x00, 0x00, 0x00, 0x00,
    0x00, 0x00, 0x00, 0x00, 0x00, 0x00, 0x00, 0x00, 0x00, 0x00, 0x00, 0x00, 0xbf, 0xff, 0xff, 0xff,
    0xfb, 0x00, 0x00, 0x00, 0x01, 0x23, 0x00, 0x00, 0x00, 0x00, 0x00, 0x00, 0x00, 0x00, 0x00, 0x00,
    0x00, 0x00, 0x00, 0x00, 0xcf, 0xff, 0xff, 0xff, 0xfa, 0x18, 0xab, 0xce, 0xff, 0xff, 0x00, 0x00,
    0x00, 0x00, 0x00, 0x00, 0x00, 0x00, 0x00, 0x00, 0x00, 0x00, 0x00, 0x00, 0xdf, 0xff, 0xff, 0xff,
    0xf9, 0x1f, 0xff, 0xff, 0xff, 0xff, 0x30, 0x00, 0x00, 0x00, 0x00, 0x00, 0x00, 0x00, 0x00, 0x00,
    0x00, 0x00, 0x00, 0x00, 0xef, 0xff, 0xff, 0xff, 0xf8, 0x0f, 0xff, 0xff, 0xff, 0xff, 0x50, 0x00,
    0x00, 0x00, 0x00, 0x00, 0x00, 0x00, 0x00, 0x00, 0x00, 0x00, 0x00, 0x02, 0xff, 0xff, 0xff, 0xff,
    0xf7, 0x0e, 0xff, 0xff, 0xff, 0xff, 0x90, 0x00, 0x00, 0x00, 0x00, 0x00, 0x00, 0x00, 0x00, 0x00,
    0x00, 0x00, 0x00, 0x06, 0xff, 0xff, 0xff, 0xff, 0xf4, 0x0c, 0xff, 0xff, 0xff, 0xff, 0xe0, 0x00,
    0x00, 0x00, 0x00, 0x00, 0x00, 0x00, 0x00, 0x00, 0x00, 0x00, 0x00, 0x09, 0xff, 0xff, 0xff, 0xff,
    0xf0, 0x09, 0xff, 0xff, 0xff, 0xff, 0xf3, 0x00, 0x00, 0x00, 0x00, 0x00, 0x00, 0x00, 0x00, 0x00,
    0x00, 0x00, 0x00, 0x1f, 0xff, 0xff, 0xff, 0xff, 0xc0, 0x04, 0xff, 0xff, 0xff, 0xff, 0xfb, 0x00,
    0x00, 0x00, 0x00, 0x00, 0x00, 0x00, 0x00, 0x00, 0x00, 0x00, 0x00, 0x7f, 0xff, 0xff, 0xff, 0xff,
    0x80, 0x00, 0xff, 0xff, 0xff, 0xff, 0xff, 0x30, 0x00, 0x00, 0x00, 0x00, 0x00, 0x00, 0x00, 0x00,
    0x00, 0x00, 0x01, 0xef, 0xff, 0xff, 0xff, 0xff, 0x30, 0x00, 0xbf, 0xff, 0xff, 0xff, 0xff, 0xd1,
    0x00, 0x00, 0x00, 0x00, 0x00, 0x00, 0x00, 0x00, 0x00, 0x00, 0x0b, 0xff, 0xff, 0xff, 0xff, 0xfc,
    0x00, 0x00, 0x5f, 0xff, 0xff, 0xff, 0xff, 0xfb, 0x00, 0x00, 0x00, 0x00, 0x00, 0x00, 0x00, 0x00,
    0x00, 0x00, 0x8f, 0xff, 0xff, 0xff, 0xff, 0xf4, 0x00, 0x00, 0x0c, 0xff, 0xff, 0xff, 0xff, 0xff,
    0xc2, 0x00, 0x00, 0x00, 0x00, 0x00, 0x00, 0x00, 0x00, 0x1b, 0xff, 0xff, 0xff, 0xff, 0xff, 0xd0,
    0x00, 0x00, 0x04, 0xff, 0xff, 0xff, 0xff, 0xff, 0xfe, 0x70, 0x00, 0x00, 0x00, 0x00, 0x00, 0x00,
    0x06, 0xef, 0xff, 0xff, 0xff, 0xff, 0xff, 0x50, 0x00, 0x00, 0x00, 0xbf, 0xff, 0xff, 0xff, 0xff,
    0xff, 0xff, 0x95, 0x10, 0x00, 0x00, 0x02, 0x59, 0xef, 0xff, 0xff, 0xff, 0xff, 0xff, 0xf9, 0x00,
    0x00, 0x00, 0x00, 0x1d, 0xff, 0xff, 0xff, 0xff, 0xff, 0xff, 0xff, 0xff, 0xed, 0xde, 0xff, 0xff,
    0xff, 0xff, 0xff, 0xff, 0xff, 0xff, 0xc0, 0x00, 0x00, 0x00, 0x00, 0x02, 0xef, 0xff, 0xff, 0xff,
    0xff, 0xff, 0xff, 0xff, 0xff, 0xff, 0xff, 0xff, 0xff, 0xff, 0xff, 0xff, 0xff, 0xfe, 0x10, 0x00,
    0x00, 0x00, 0x00, 0x00, 0x3e, 0xff, 0xff, 0xff, 0xff, 0xff, 0xff, 0xff, 0xff, 0xff, 0xff, 0xff,
    0xff, 0xff, 0xff, 0xff, 0xff, 0xc1, 0x00, 0x00, 0x00, 0x00, 0x00, 0x00, 0x01, 0xcf, 0xff, 0xff,
    0xff, 0xff, 0xff, 0xff, 0xff, 0xff, 0xff, 0xff, 0xff, 0xff, 0xff, 0xff, 0xf8, 0x00, 0x00, 0x00,
    0x00, 0x00, 0x00, 0x00, 0x00, 0x08, 0xff, 0xff, 0xff, 0xff, 0xff, 0xff, 0xff, 0xff, 0xff, 0xff,
    0xff, 0xff, 0xff, 0xfd, 0x50, 0x00, 0x00, 0x00, 0x00, 0x00, 0x00, 0x00, 0x00, 0x00, 0x18, 0xef,
    0xff, 0xff, 0xff, 0xff, 0xff, 0xff, 0xff, 0xff, 0xff, 0xff, 0xfc, 0x50, 0x00, 0x00, 0x00, 0x00,
    0x00, 0x00, 0x00, 0x00, 0x00, 0x00, 0x00, 0x06, 0xbf, 0xff, 0xff, 0xff, 0xff, 0xff, 0xff, 0xff,
    0xff, 0xd9, 0x40, 0x00, 0x00, 0x00, 0x00, 0x00, 0x00, 0x00, 0x00, 0x00, 0x00, 0x00, 0x00, 0x00,
    0x00, 0x36, 0xab, 0xcd, 0xef, 0xfd, 0xcb, 0xa8, 0x41, 0x00, 0x00, 0x00, 0x00, 0x00, 0x00, 0x00,
    0x00, 0x00, 0x00, 0x00, 0x00, 0x00, 0x00, 0x00, 0x00, 0x00, 0x03, 0x8a, 0xbc, 0xef, 0xfe, 0xdc,
    0xa7, 0x41, 0x00, 0x00, 0x00, 0x00, 0x00, 0x00, 0x00, 0x00, 0x00, 0x00, 0x00, 0x00, 0x00, 0x00,
    0x00, 0x17, 0xbf, 0xff, 0xff, 0xff, 0xff, 0xff, 0xff, 0xff, 0xfc, 0x61, 0x00, 0x00, 0x00, 0x00,
    0x00, 0x00, 0x00, 0x00, 0x00, 0x00, 0x00, 0x00, 0x02, 0xaf, 0xff, 0xff, 0xff, 0xff, 0xff, 0xff,
    0xff, 0xff, 0xff, 0xff, 0xfa, 0x10, 0x00, 0x00, 0x00, 0x00, 0x00, 0x00, 0x00, 0x00, 0x00, 0x00,
    0x08, 0xff, 0xff, 0xff, 0xff, 0xff, 0xff, 0xff, 0xff, 0xff, 0xff, 0xff, 0xff, 0xff, 0x70, 0x00,
    0x00, 0x00, 0x00, 0x00, 0x00, 0x00, 0x00, 0x00, 0x2d, 0xff, 0xff, 0xff, 0xff, 0xff, 0xff, 0xff,
    0xff, 0xff, 0xff, 0xff, 0xff, 0xff, 0xff, 0xc1, 0x00, 0x00, 0x00, 0x00, 0x00, 0x00, 0x00, 0x00,
    0x4f, 0xff, 0xff, 0xff, 0xff, 0xff, 0xff, 0xff, 0xff, 0xff, 0xff, 0xff, 0xff, 0xff, 0xff, 0xff,
    0xc1, 0x00, 0x00, 0x00, 0x00, 0x00, 0x00, 0x00, 0x4f, 0xff, 0xff, 0xff, 0xff, 0xff, 0xff, 0xff,
    0xff, 0xff, 0xff, 0xff, 0xff, 0xff, 0xff, 0xff, 0xff, 0xd1, 0x00, 0x00, 0x00, 0x00, 0x00, 0x00,
    0x3f, 0xff, 0xff, 0xff, 0xff, 0xff, 0xff, 0xff, 0xed, 0xcc, 0xdf, 0xff, 0xff, 0xff, 0xff, 0xff,
    0xff, 0xff, 0xa0, 0x00, 0x00, 0x00, 0x00, 0x00, 0x1d, 0xff, 0xff, 0xff, 0xff, 0xff, 0xff, 0xa5,
    0x10, 0x00, 0x00, 0x02, 0x6c, 0xff, 0xff, 0xff, 0xff, 0xff, 0xff, 0x40, 0x00, 0x00, 0x00, 0x00,
    0x0a, 0xff, 0xff, 0xff, 0xff, 0xff, 0xfa, 0x10, 0x00, 0x00, 0x00, 0x00, 0x00, 0x03, 0xdf, 0xff,
    0xff, 0xff, 0xff, 0xfe, 0x00, 0x00, 0x00, 0x00, 0x04, 0xff, 0xff, 0xff, 0xff, 0xff, 0xe4, 0x00,
    0x00, 0x00, 0x00, 0x00, 0x00, 0x00, 0x00, 0x9f, 0xff, 0xff, 0xff, 0xff, 0xf6, 0x00, 0x00, 0x00,
    0x00, 0xdf, 0xff, 0xff, 0xff, 0xff, 0xe2, 0x00, 0x00, 0x00, 0x00, 0x00, 0x00, 0x00, 0x00, 0x00,
    0xaf, 0xff, 0xff, 0xff, 0xff, 0xc0, 0x00, 0x00, 0x00, 0x6f, 0xff, 0xff, 0xff, 0xff, 0xf3, 0x00,
    0x00, 0x00, 0x00, 0x00, 0x00, 0x00, 0x00, 0x00, 0x00, 0xdf, 0xff, 0xff, 0xff, 0xff, 0x20, 0x00,
    0x00, 0x0d, 0xff, 0xff, 0xff, 0xff, 0xf7, 0x00, 0x00, 0x00, 0x00, 0x00, 0x00, 0x00, 0x00, 0x00,
    0x00, 0x05, 0xff, 0xff, 0xff, 0xff, 0xf7, 0x00, 0x00, 0x04, 0xff, 0xff, 0xff, 0xff, 0xfd, 0x00,
    0x00, 0x00, 0x00, 0x00, 0x00, 0x00, 0x00, 0x00, 0x00, 0x00, 0x0d, 0xff, 0xff, 0xff, 0xff, 0xa0,
    0x00, 0x00, 0xbf, 0xff, 0xff, 0xff, 0xff, 0x50, 0x00, 0x00, 0x00, 0x00, 0x00, 0x00, 0x00, 0x00,
    0x00, 0x00, 0x00, 0x7f, 0xff, 0xff, 0xff, 0xfd, 0x00, 0x00, 0x0f, 0xff, 0xff, 0xff, 0xff, 0xd0,
    0x00, 0x00, 0x00, 0x00, 0x00, 0x00, 0x00, 0x00, 0x00, 0x00, 0x00, 0x02, 0xff, 0xff, 0xff, 0xff,
    0xf0, 0x00, 0x05, 0xff, 0xff, 0xff, 0xff, 0xf7, 0x00, 0x00, 0x00, 0x00, 0x00, 0x00, 0x00, 0x00,
    0x00, 0x00, 0x00, 0x00, 0x0e, 0xff, 0xff, 0xff, 0xff, 0x20, 0x00, 0xaf, 0xff, 0xff, 0xff, 0xff,
    0x20, 0x00, 0x00, 0x00, 0x00, 0x00, 0x00, 0x00, 0x00, 0x00, 0x00, 0x00, 0x00, 0xbf, 0xfd, 0xca,
    0x97, 0x61, 0x00, 0x0e, 0xff, 0xff, 0xff, 0xff, 0xd0, 0x00, 0x00, 0x00, 0x00, 0x00, 0x00, 0x00,
    0x00, 0x00, 0x00, 0x00, 0x00, 0x00, 0x00, 0x00, 0x00, 0x00, 0x00, 0x02, 0xff, 0xff, 0xff, 0xff,
    0xf8, 0x00, 0x00, 0x00, 0x00, 0x00, 0x00, 0x00, 0x00, 0x00, 0x00, 0x00, 0x00, 0x00, 0x00, 0x00,
    0x00, 0x00, 0x00, 0x00, 0x5f, 0xff, 0xff, 0xff, 0xff, 0x40, 0x00, 0x00, 0x00, 0x00, 0x00, 0x00,
    0x00, 0x00, 0x00, 0x00, 0x00, 0x00, 0x00, 0x00, 0x00, 0x00, 0x00, 0x00, 0x08, 0xff, 0xff, 0xff,
    0xff, 0xf1, 0x00, 0x00, 0x00, 0x00, 0x00, 0x00, 0x00, 0x00, 0x00, 0x00, 0x00, 0x00, 0x00, 0x00,
    0x00, 0x00, 0x00, 0x00, 0x00, 0xbf, 0xff, 0xff, 0xff, 0xfe, 0x00, 0x00, 0x00, 0x00, 0x00, 0x00,
    0x00, 0x00, 0x00, 0x00, 0x00, 0x00, 0x00, 0x00, 0x00, 0x00, 0x00, 0x00, 0x00, 0x0d, 0xff, 0xff,
    0xff, 0xff, 0xb0, 0x00, 0x00, 0x00, 0x00, 0x00, 0x00, 0x00, 0x00, 0x00, 0x00, 0x00, 0x00, 0x00,
    0x00, 0x00, 0x00, 0x00, 0x00, 0x00, 0xff, 0xff, 0xff, 0xff, 0xf9, 0x00, 0x00, 0x00, 0x00, 0x00,
    0x00, 0x00, 0x00, 0x00, 0x00, 0x00, 0x00, 0x00, 0x00, 0x00, 0x00, 0x00, 0x00, 0x00, 0x2f, 0xff,
    0xff, 0xff, 0xff, 0x70, 0x00, 0x00, 0x00, 0x00, 0x00, 0x00, 0x00, 0x00, 0x00, 0x00, 0x00, 0x00,
    0x00, 0x00, 0x00, 0x00, 0x00, 0x00, 0x03, 0xff, 0xff, 0xff, 0xff, 0xf5, 0x00, 0x00, 0x00, 0x00,
    0x00, 0x00, 0x00, 0x00, 0x00, 0x00, 0x00, 0x00, 0x00, 0x00, 0x00, 0x00, 0x00, 0x00, 0x00, 0x5f,
    0xff, 0xff, 0xff, 0xff, 0x40, 0x00, 0x00, 0x00, 0x00, 0x01, 0x68, 0xbd, 0xef, 0xfe, 0xdc, 0xa7,
    0x30, 0x00, 0x00, 0x00, 0x00, 0x00, 0x00, 0x06, 0xff, 0xff, 0xff, 0xff, 0xf3, 0x00, 0x00, 0x00,
    0x01, 0x6b, 0xff, 0xff, 0xff, 0xff, 0xff, 0xff, 0xff, 0xfb, 0x40, 0x00, 0x00, 0x00, 0x00, 0x00,
    0x7f, 0xff, 0xff, 0xff, 0xff, 0x20, 0x00, 0x00, 0x3b, 0xff, 0xff, 0xff, 0xff, 0xff, 0xff, 0xff,
    0xff, 0xff, 0xff, 0xd6, 0x00, 0x00, 0x00, 0x00, 0x08, 0xff, 0xff, 0xff, 0xff, 0xf1, 0x00, 0x01,
    0x9f, 0xff, 0xff, 0xff, 0xff, 0xff, 0xff, 0xff, 0xff, 0xff, 0xff, 0xff, 0xfb, 0x10, 0x00, 0x00,
    0x00, 0x8f, 0xff, 0xff, 0xff, 0xff, 0x10, 0x07, 0xff, 0xff, 0xff, 0xff, 0xff, 0xff, 0xff, 0xff,
    0xff, 0xff, 0xff, 0xff, 0xff, 0xfe, 0x40, 0x00, 0x00, 0x09, 0xff, 0xff, 0xff, 0xff, 0xf0, 0x0a,
    0xff, 0xff, 0xff, 0xff, 0xff, 0xff, 0xff, 0xff, 0xff, 0xff, 0xff, 0xff, 0xff, 0xff, 0xff, 0x40,
    0x00, 0x00, 0x9f, 0xff, 0xff, 0xff, 0xff, 0x2d, 0xff, 0xff, 0xff, 0xff, 0xff, 0xfe, 0xdc, 0xcd,
    0xef, 0xff, 0xff, 0xff, 0xff, 0xff, 0xff, 0xfe, 0x20, 0x00, 0x09, 0xff, 0xff, 0xff, 0xff, 0xfe,
    0xff, 0xff, 0xff, 0xff, 0xfa, 0x51, 0x00, 0x00, 0x00, 0x15, 0xaf, 0xff, 0xff, 0xff, 0xff, 0xff,
    0xfd, 0x00, 0x00, 0x9f, 0xff, 0xff, 0xff, 0xff, 0xff, 0xff, 0xff, 0xfc, 0x60, 0x00, 0x00, 0x00,
    0x00, 0x00, 0x00, 0x2a, 0xff, 0xff, 0xff, 0xff, 0xff, 0xf8, 0x00, 0x09, 0xff, 0xff, 0xff, 0xff,
    0xff, 0xff, 0xff, 0xe4, 0x00, 0x00, 0x00, 0x00, 0x00, 0x00, 0x00, 0x00, 0x06, 0xff, 0xff, 0xff,
    0xff, 0xff, 0xf1, 0x00, 0x8f, 0xff, 0xff, 0xff, 0xff, 0xff, 0xff, 0x80, 0x00, 0x00, 0x00, 0x00,
    0x00, 0x00, 0x00, 0x00, 0x00, 0x04, 0xff, 0xff, 0xff, 0xff, 0xff, 0x70, 0x08, 0xff, 0xff, 0xff,
    0xff, 0xff, 0xfe, 0x30, 0x00, 0x00, 0x00, 0x00, 0x00, 0x00, 0x00, 0x00, 0x00, 0x00, 0x08, 0xff,
    0xff, 0xff, 0xff, 0xfe, 0x00, 0x7f, 0xff, 0xff, 0xff, 0xff, 0xfd, 0x10, 0x00, 0x00, 0x00, 0x00,
    0x00, 0x00, 0x00, 0x00, 0x00, 0x00, 0x00, 0x0d, 0xff, 0xff, 0xff, 0xff, 0xf3, 0x06, 0xff, 0xff,
    0xff, 0xff, 0xfb, 0x00, 0x00, 0x00, 0x00, 0x00, 0x00, 0x00, 0x00, 0x00, 0x00, 0x00, 0x00, 0x00,
    0x6f, 0xff, 0xff, 0xff, 0xff, 0x80, 0x5f, 0xff, 0xff, 0xff, 0xff, 0x30, 0x00, 0x00, 0x00, 0x00,
    0x00, 0x00, 0x00, 0x00, 0x00, 0x00, 0x00, 0x00, 0x00, 0xff, 0xff, 0xff, 0xff, 0xfc, 0x04, 0xff,
    0xff, 0xff, 0xff, 0xf5, 0x00, 0x00, 0x00, 0x00, 0x00, 0x00, 0x00, 0x00, 0x00, 0x00, 0x00, 0x00,
    0x00, 0x0b, 0xff, 0xff, 0xff, 0xff, 0xf0, 0x3f, 0xff, 0xff, 0xff, 0xff, 0x70, 0x00, 0x00, 0x00,
    0x00, 0x00, 0x00, 0x00, 0x00, 0x00, 0x00, 0x00, 0x00, 0x00, 0x7f, 0xff, 0xff, 0xff, 0xff, 0x21,
    0xff, 0xff, 0xff, 0xff, 0xf8, 0x00, 0x00, 0x00, 0x00, 0x00, 0x00, 0x00, 0x00, 0x00, 0x00, 0x00,
    0x00, 0x00, 0x03, 0xff, 0xff, 0xff, 0xff, 0xf3, 0x0f, 0xff, 0xff, 0xff, 0xff, 0xa0, 0x00, 0x00,
    0x00, 0x00, 0x00, 0x00, 0x00, 0x00, 0x00, 0x00, 0x00, 0x00, 0x00, 0x2f, 0xff, 0xff, 0xff, 0xff,
    0x40, 0xdf, 0xff, 0xff, 0xff, 0xfc, 0x00, 0x00, 0x00, 0x00, 0x00, 0x00, 0x00, 0x00, 0x00, 0x00,
    0x00, 0x00, 0x00, 0x01, 0xff, 0xff, 0xff, 0xff, 0xf5, 0x0a, 0xff, 0xff, 0xff, 0xff, 0xe0, 0x00,
    0x00, 0x00, 0x00, 0x00, 0x00, 0x00, 0x00, 0x00, 0x00, 0x00, 0x00, 0x00, 0x0f, 0xff, 0xff, 0xff,
    0xff, 0x70, 0x8f, 0xff, 0xff, 0xff, 0xff, 0x20, 0x00, 0x00, 0x00, 0x00, 0x00, 0x00, 0x00, 0x00,
    0x00, 0x00, 0x00, 0x00, 0x00, 0xff, 0xff, 0xff, 0xff, 0xf6, 0x04, 0xff, 0xff, 0xff, 0xff, 0xf5,
    0x00, 0x00, 0x00, 0x00, 0x00, 0x00, 0x00, 0x00, 0x00, 0x00, 0x00, 0x00, 0x00, 0x1f, 0xff, 0xff,
    0xff, 0xff, 0x50, 0x1f, 0xff, 0xff, 0xff, 0xff, 0x80, 0x00, 0x00, 0x00, 0x00, 0x00, 0x00, 0x00,
    0x00, 0x00, 0x00, 0x00, 0x00, 0x02, 0xff, 0xff, 0xff, 0xff, 0xf4, 0x00, 0xef, 0xff, 0xff, 0xff,
    0xfc, 0x00, 0x00, 0x00, 0x00, 0x00, 0x00, 0x00, 0x00, 0x00, 0x00, 0x00, 0x00, 0x00, 0x4f, 0xff,
    0xff, 0xff, 0xff, 0x30, 0x09, 0xff, 0xff, 0xff, 0xff, 0xf1, 0x00, 0x00, 0x00, 0x00, 0x00, 0x00,
    0x00, 0x00, 0x00, 0x00, 0x00, 0x00, 0x08, 0xff, 0xff, 0xff, 0xff, 0xf1, 0x00, 0x5f, 0xff, 0xff,
    0xff, 0xff, 0x70, 0x00, 0x00, 0x00, 0x00, 0x00, 0x00, 0x00, 0x00, 0x00, 0x00, 0x00, 0x00, 0xcf,
    0xff, 0xff, 0xff, 0xfe, 0x00, 0x01, 0xff, 0xff, 0xff, 0xff, 0xfc, 0x00, 0x00, 0x00, 0x00, 0x00,
    0x00, 0x00, 0x00, 0x00, 0x00, 0x00, 0x00, 0x1f, 0xff, 0xff, 0xff, 0xff, 0xa0, 0x00, 0x0a, 0xff,
    0xff, 0xff, 0xff, 0xf3, 0x00, 0x00, 0x00, 0x00, 0x00, 0x00, 0x00, 0x00, 0x00, 0x00, 0x00, 0x07,
    0xff, 0xff, 0xff, 0xff, 0xf7, 0x00, 0x00, 0x4f, 0xff, 0xff, 0xff, 0xff, 0xc0, 0x00, 0x00, 0x00,
    0x00, 0x00, 0x00, 0x00, 0x00, 0x00, 0x00, 0x00, 0xef, 0xff, 0xff, 0xff, 0xff, 0x30, 0x00, 0x00,
    0xef, 0xff, 0xff, 0xff, 0xff, 0x40, 0x00, 0x00, 0x00, 0x00, 0x00, 0x00, 0x00, 0x00, 0x00, 0x00,
    0x8f, 0xff, 0xff, 0xff, 0xff, 0xe0, 0x00, 0x00, 0x07, 0xff, 0xff, 0xff, 0xff, 0xfe, 0x10, 0x00,
    0x00, 0x00, 0x00, 0x00, 0x00, 0x00, 0x00, 0x00, 0x4f, 0xff, 0xff, 0xff, 0xff, 0xf7, 0x00, 0x00,
    0x00, 0x0e, 0xff, 0xff, 0xff, 0xff, 0xfd, 0x00, 0x00, 0x00, 0x00, 0x00, 0x00, 0x00, 0x00, 0x00,
    0x3e, 0xff, 0xff, 0xff, 0xff, 0xff, 0x00, 0x00, 0x00, 0x00, 0x6f, 0xff, 0xff, 0xff, 0xff, 0xfc,
    0x10, 0x00, 0x00, 0x00, 0x00, 0x00, 0x00, 0x00, 0x5f, 0xff, 0xff, 0xff, 0xff, 0xff, 0x80, 0x00,
    0x00, 0x00, 0x00, 0xcf, 0xff, 0xff, 0xff, 0xff, 0xff, 0x60, 0x00, 0x00, 0x00, 0x00, 0x00, 0x03,
    0xbf, 0xff, 0xff, 0xff, 0xff, 0xff, 0xe1, 0x00, 0x00, 0x00, 0x00, 0x02, 0xff, 0xff, 0xff, 0xff,
    0xff, 0xff, 0xd8, 0x30, 0x00, 0x00, 0x03, 0x7c, 0xff, 0xff, 0xff, 0xff, 0xff, 0xff, 0xf4, 0x00,
    0x00, 0x00, 0x00, 0x00, 0x05, 0xff, 0xff, 0xff, 0xff, 0xff, 0xff, 0xff, 0xff, 0xdd, 0xef, 0xff,
    0xff, 0xff, 0xff, 0xff, 0xff, 0xff, 0xf8, 0x00, 0x00, 0x00, 0x00, 0x00, 0x00, 0x08, 0xff, 0xff,
    0xff, 0xff, 0xff, 0xff, 0xff, 0xff, 0xff, 0xff, 0xff, 0xff, 0xff, 0xff, 0xff, 0xff, 0xfb, 0x00,
    0x00, 0x00, 0x00, 0x00, 0x00, 0x00, 0x08, 0xff, 0xff, 0xff, 0xff, 0xff, 0xff, 0xff, 0xff, 0xff,
    0xff, 0xff, 0xff, 0xff, 0xff, 0xff, 0xf9, 0x00, 0x00, 0x00, 0x00, 0x00, 0x00, 0x00, 0x00, 0x06,
    0xff, 0xff, 0xff, 0xff, 0xff, 0xff, 0xff, 0xff, 0xff, 0xff, 0xff, 0xff, 0xff, 0xff, 0xf6, 0x00,
    0x00, 0x00, 0x00, 0x00, 0x00, 0x00, 0x00, 0x00, 0x02, 0xdf, 0xff, 0xff, 0xff, 0xff, 0xff, 0xff,
    0xff, 0xff, 0xff, 0xff, 0xff, 0xff, 0xc3, 0x00, 0x00, 0x00, 0x00, 0x00, 0x00, 0x00, 0x00, 0x00,
    0x00, 0x00, 0x6e, 0xff, 0xff, 0xff, 0xff, 0xff, 0xff, 0xff, 0xff, 0xff, 0xff, 0xfc, 0x40, 0x00,
    0x00, 0x00, 0x00, 0x00, 0x00, 0x00, 0x00, 0x00, 0x00, 0x00, 0x00, 0x05, 0xbf, 0xff, 0xff, 0xff,
    0xff, 0xff, 0xff, 0xff, 0xfd, 0x83, 0x00, 0x00, 0x00, 0x00, 0x00, 0x00, 0x00, 0x00, 0x00, 0x00,
    0x00, 0x00, 0x00, 0x00, 0x00, 0x04, 0x79, 0xbc, 0xdf, 0xfe, 0xcb, 0xa9, 0x51, 0x00, 0x00, 0x00,
    0x00, 0x00, 0x00, 0x00, 0x00, 0x9f, 0xff, 0xff, 0xff, 0xff, 0xff, 0xff, 0xff, 0xff, 0xff, 0xff,
    0xff, 0xff, 0xff, 0xff, 0xff, 0xff, 0xff, 0xff, 0xff, 0xff, 0xff, 0xf4, 0x9f, 0xff, 0xff, 0xff,
    0xff, 0xff, 0xff, 0xff, 0xff, 0xff, 0xff, 0xff, 0xff, 0xff, 0xff, 0xff, 0xff, 0xff, 0xff, 0xff,
    0xff, 0xff, 0xf4, 0x9f, 0xff, 0xff, 0xff, 0xff, 0xff, 0xff, 0xff, 0xff, 0xff, 0xff, 0xff, 0xff,
    0xff, 0xff, 0xff, 0xff, 0xff, 0xff, 0xff, 0xff, 0xff, 0xf4, 0x9f, 0xff, 0xff, 0xff, 0xff, 0xff,
    0xff, 0xff, 0xff, 0xff, 0xff, 0xff, 0xff, 0xff, 0xff, 0xff, 0xff, 0xff, 0xff, 0xff, 0xff, 0xff,
    0xf4, 0x9f, 0xff, 0xff, 0xff, 0xff, 0xff, 0xff, 0xff, 0xff, 0xff, 0xff, 0xff, 0xff, 0xff, 0xff,
    0xff, 0xff, 0xff, 0xff, 0xff, 0xff, 0xff, 0xf4, 0x9f, 0xff, 0xff, 0xff, 0xff, 0xff, 0xff, 0xff,
    0xff, 0xff, 0xff, 0xff, 0xff, 0xff, 0xff, 0xff, 0xff, 0xff, 0xff, 0xff, 0xff, 0xff, 0xf4, 0x9f,
    0xff, 0xff, 0xff, 0xff, 0xff, 0xff, 0xff, 0xff, 0xff, 0xff, 0xff, 0xff, 0xff, 0xff, 0xff, 0xff,
    0xff, 0xff, 0xff, 0xff, 0xff, 0xf4, 0x8d, 0xdd, 0xdd, 0xdd, 0xdd, 0xdd, 0xdd, 0xdd, 0xdd, 0xdd,
    0xdd, 0xdd, 0xdd, 0xdd, 0xdd, 0xdd, 0xdd, 0xdf, 0xff, 0xff, 0xff, 0xff, 0xe0, 0x00, 0x00, 0x00,
    0x00, 0x00, 0x00, 0x00, 0x00, 0x00, 0x00, 0x00, 0x00, 0x00, 0x00, 0x00, 0x00, 0x00, 0x0e, 0xff,
    0xff, 0xff, 0xff, 0x80, 0x00, 0x00, 0x00, 0x00, 0x00, 0x00, 0x00, 0x00, 0x00, 0x00, 0x00, 0x00,
    0x00, 0x00, 0x00, 0x00, 0x00, 0x5f, 0xff, 0xff, 0xff, 0xff, 0x20, 0x00, 0x00, 0x00, 0x00, 0x00,
    0x00, 0x00, 0x00, 0x00, 0x00, 0x00, 0x00, 0x00, 0x00, 0x00, 0x00, 0x00, 0xbf, 0xff, 0xff, 0xff,
    0xfd, 0x00, 0x00, 0x00, 0x00, 0x00, 0x00, 0x00, 0x00, 0x00, 0x00, 0x00, 0x00, 0x00, 0x00, 0x00,
    0x00, 0x00, 0x01, 0xff, 0xff, 0xff, 0xff, 0xf7, 0x00, 0x00, 0x00, 0x00, 0x00, 0x00, 0x00, 0x00,
    0x00, 0x00, 0x00, 0x00, 0x00, 0x00, 0x00, 0x00, 0x00, 0x07, 0xff, 0xff, 0xff, 0xff, 0xf1, 0x00,
    0x00, 0x00, 0x00, 0x00, 0x00, 0x00, 0x00, 0x00, 0x00, 0x00, 0x00, 0x00, 0x00, 0x00, 0x00, 0x00,
    0x0d, 0xff, 0xff, 0xff, 0xff, 0xb0, 0x00, 0x00, 0x00, 0x00, 0x00, 0x00, 0x00, 0x00, 0x00, 0x00,
    0x00, 0x00, 0x00, 0x00, 0x00, 0x00, 0x00, 0x3f, 0xff, 0xff, 0xff, 0xff, 0x50, 0x00, 0x00, 0x00,
    0x00, 0x00, 0x00, 0x00, 0x00, 0x00, 0x00, 0x00, 0x00, 0x00, 0x00, 0x00, 0x00, 0x00, 0x9f, 0xff,
    0xff, 0xff, 0xfe, 0x00, 0x00, 0x00, 0x00, 0x00, 0x00, 0x00, 0x00, 0x00, 0x00, 0x00, 0x00, 0x00,
    0x00, 0x00, 0x00, 0x00, 0x00, 0xef, 0xff, 0xff, 0xff, 0xf9, 0x00, 0x00, 0x00, 0x00, 0x00, 0x00,
    0x00, 0x00, 0x00, 0x00, 0x00, 0x00, 0x00, 0x00, 0x00, 0x00, 0x00, 0x05, 0xff, 0xff, 0xff, 0xff,
    0xf3, 0x00, 0x00, 0x00, 0x00, 0x00, 0x00, 0x00, 0x00, 0x00, 0x00, 0x00, 0x00, 0x00, 0x00, 0x00,
    0x00, 0x00, 0x0b, 0xff, 0xff, 0xff, 0xff, 0xd0, 0x00, 0x00, 0x00, 0x00, 0x00, 0x00, 0x00, 0x00,
    0x00, 0x00, 0x00, 0x00, 0x00, 0x00, 0x00, 0x00, 0x00, 0x1f, 0xff, 0xff, 0xff, 0xff, 0x70, 0x00,
    0x00, 0x00, 0x00, 0x00, 0x00, 0x00, 0x00, 0x00, 0x00, 0x00, 0x00, 0x00, 0x00, 0x00, 0x00, 0x00,
    0x7f, 0xff, 0xff, 0xff, 0xff, 0x10, 0x00, 0x00, 0x00, 0x00, 0x00, 0x00, 0x00, 0x00, 0x00, 0x00,
    0x00, 0x00, 0x00, 0x00, 0x00, 0x00, 0x00, 0xdf, 0xff, 0xff, 0xff, 0xfb, 0x00, 0x00, 0x00, 0x00,
    0x00, 0x00, 0x00, 0x00, 0x00, 0x00, 0x00, 0x00, 0x00, 0x00, 0x00, 0x00, 0x00, 0x03, 0xff, 0xff,
    0xff, 0xff, 0xf5, 0x00, 0x00, 0x00, 0x00, 0x00, 0x00, 0x00, 0x00, 0x00, 0x00, 0x00, 0x00, 0x00,
    0x00, 0x00, 0x00, 0x00, 0x09, 0xff, 0xff, 0xff, 0xff, 0xe0, 0x00, 0x00, 0x00, 0x00, 0x00, 0x00,
    0x00, 0x00, 0x00, 0x00, 0x00, 0x00, 0x00, 0x00, 0x00, 0x00, 0x00, 0x0f, 0xff, 0xff, 0xff, 0xff,
    0x90, 0x00, 0x00, 0x00, 0x00, 0x00, 0x00, 0x00, 0x00, 0x00, 0x00, 0x00, 0x00, 0x00, 0x00, 0x00,
    0x00, 0x00, 0x5f, 0xff, 0xff, 0xff, 0xff, 0x30, 0x00, 0x00, 0x00, 0x00, 0x00, 0x00, 0x00, 0x00,
    0x00, 0x00, 0x00, 0x00, 0x00, 0x00, 0x00, 0x00, 0x00, 0xbf, 0xff, 0xff, 0xff, 0xfd, 0x00, 0x00,
    0x00, 0x00, 0x00, 0x00, 0x00, 0x00, 0x00, 0x00, 0x00, 0x00, 0x00, 0x00, 0x00, 0x00, 0x00, 0x01,
    0xff, 0xff, 0xff, 0xff, 0xf7, 0x00, 0x00, 0x00, 0x00, 0x00, 0x00, 0x00, 0x00, 0x00, 0x00, 0x00,
    0x00, 0x00, 0x00, 0x00, 0x00, 0x00, 0x07, 0xff, 0xff, 0xff, 0xff, 0xf1, 0x00, 0x00, 0x00, 0x00,
    0x00, 0x00, 0x00, 0x00, 0x00, 0x00, 0x00, 0x00, 0x00, 0x00, 0x00, 0x00, 0x00, 0x0d, 0xff, 0xff,
    0xff, 0xff, 0xb0, 0x00, 0x00, 0x00, 0x00, 0x00, 0x00, 0x00, 0x00, 0x00, 0x00, 0x00, 0x00, 0x00,
    0x00, 0x00, 0x00, 0x00, 0x3f, 0xff, 0xff, 0xff, 0xff, 0x50, 0x00, 0x00, 0x00, 0x00, 0x00, 0x00,
    0x00, 0x00, 0x00, 0x00, 0x00, 0x00, 0x00, 0x00, 0x00, 0x00, 0x00, 0xaf, 0xff, 0xff, 0xff, 0xff,
    0x00, 0x00, 0x00, 0x00, 0x00, 0x00, 0x00, 0x00, 0x00, 0x00, 0x00, 0x00, 0x00, 0x00, 0x00, 0x00,
    0x00, 0x00, 0xff, 0xff, 0xff, 0xff, 0xf9, 0x00, 0x00, 0x00, 0x00, 0x00, 0x00, 0x00, 0x00, 0x00,
    0x00, 0x00, 0x00, 0x00, 0x00, 0x00, 0x00, 0x00, 0x06, 0xff, 0xff, 0xff, 0xff, 0xf3, 0x00, 0x00,
    0x00, 0x00, 0x00, 0x00, 0x00, 0x00, 0x00, 0x00, 0x00, 0x00, 0x00, 0x00, 0x00, 0x00, 0x00, 0x0c,
    0xff, 0xff, 0xff, 0xff, 0xd0, 0x00, 0x00, 0x00, 0x00, 0x00, 0x00, 0x00, 0x00, 0x00, 0x00, 0x00,
    0x00, 0x00, 0x00, 0x00, 0x00, 0x00, 0x2f, 0xff, 0xff, 0xff, 0xff, 0x70, 0x00, 0x00, 0x00, 0x00,
    0x00, 0x00, 0x00, 0x00, 0x00, 0x00, 0x00, 0x00, 0x00, 0x00, 0x00, 0x00, 0x00, 0x8f, 0xff, 0xff,
    0xff, 0xff, 0x10, 0x00, 0x00, 0x00, 0x00, 0x00, 0x00, 0x00, 0x00, 0x00, 0x00, 0x00, 0x00, 0x00,
    0x00, 0x00, 0x00, 0x00, 0xef, 0xff, 0xff, 0xff, 0xfb, 0x00, 0x00, 0x00, 0x00, 0x00, 0x00, 0x00,
    0x00, 0x00, 0x00, 0x00, 0x00, 0x00, 0x00, 0x00, 0x00, 0x00, 0x04, 0xff, 0xff, 0xff, 0xff, 0xf5,
    0x00, 0x00, 0x00, 0x00, 0x00, 0x00, 0x00, 0x00, 0x00, 0x00, 0x00, 0x00, 0x00, 0x00, 0x00, 0x00,
    0x00, 0x0a, 0xff, 0xff, 0xff, 0xff, 0xf0, 0x00, 0x00, 0x00, 0x00, 0x00, 0x00, 0x00, 0x00, 0x00,
    0x00, 0x00, 0x00, 0x00, 0x00, 0x00, 0x00, 0x00, 0x0f, 0xff, 0xff, 0xff, 0xff, 0x90, 0x00, 0x00,
    0x00, 0x00, 0x00, 0x00, 0x00, 0x00, 0x00, 0x00, 0x00, 0x00, 0x00, 0x00, 0x00, 0x00, 0x00, 0x6f,
    0xff, 0xff, 0xff, 0xff, 0x30, 0x00, 0x00, 0x00, 0x00, 0x00, 0x00, 0x00, 0x00, 0x00, 0x00, 0x00,
    0x00, 0x00, 0x00, 0x00, 0x00, 0x00, 0xcf, 0xff, 0xff, 0xff, 0xfd, 0x00, 0x00, 0x00, 0x00, 0x00,
    0x00, 0x00, 0x00, 0x00, 0x00, 0x00, 0x00, 0x00, 0x00, 0x00, 0x00, 0x00, 0x02, 0xff, 0xff, 0xff,
    0xff, 0xf7, 0x00, 0x00, 0x00, 0x00, 0x00, 0x00, 0x00, 0x00, 0x00, 0x00, 0x00, 0x00, 0x00, 0x00,
    0x00, 0x00, 0x00, 0x08, 0xff, 0xff, 0xff, 0xff, 0xf2, 0x00, 0x00, 0x00, 0x00, 0x00, 0x00, 0x00,
    0x00, 0x00, 0x00, 0x00, 0x00, 0x00, 0x00, 0x00, 0x00, 0x00, 0x0e, 0xff, 0xff, 0xff, 0xff, 0xb0,
    0x00, 0x00, 0x00, 0x00, 0x00, 0x00, 0x00, 0x00, 0x00, 0x00, 0x00, 0x00, 0x00, 0x00, 0x00, 0x00,
    0x00, 0x4f, 0xff, 0xff, 0xff, 0xff, 0x60, 0x00, 0x00, 0x00, 0x00, 0x00, 0x00, 0x00, 0x00, 0x00,
    0x00, 0x00, 0x00, 0x00, 0x00, 0x00, 0x00, 0x00, 0xaf, 0xff, 0xff, 0xff, 0xff, 0x00, 0x00, 0x00,
    0x00, 0x00, 0x00, 0x00, 0x00, 0x00, 0x00, 0x00, 0x00, 0x00, 0x00, 0x00, 0x00, 0x00, 0x01, 0xff,
    0xff, 0xff, 0xff, 0xfa, 0x00, 0x00, 0x00, 0x00, 0x00, 0x00, 0x00, 0x00, 0x00, 0x00, 0x00, 0x00,
    0x00, 0x00, 0x00, 0x00, 0x00, 0x06, 0xff, 0xff, 0xff, 0xff, 0xf4, 0x00, 0x00, 0x00, 0x00, 0x00,
    0x00, 0x00, 0x00, 0x00, 0x00, 0x00, 0x00, 0x00, 0x00, 0x00, 0x00, 0x00, 0x0c, 0xff, 0xff, 0xff,
    0xff, 0xe0, 0x00, 0x00, 0x00, 0x00, 0x00, 0x00, 0x00, 0x00, 0x00, 0x00, 0x00, 0x00, 0x00, 0x00,
    0x00, 0x00, 0x00, 0x2f, 0xff, 0xff, 0xff, 0xff, 0x80, 0x00, 0x00, 0x00, 0x00, 0x00, 0x00, 0x00,
    0x00, 0x00, 0x00, 0x00, 0x00, 0x00, 0x00, 0x00, 0x00, 0x00, 0x8f, 0xff, 0xff, 0xff, 0xff, 0x20,
    0x00, 0x00, 0x00, 0x00, 0x00, 0x00, 0x00, 0x00, 0x00, 0x00, 0x00, 0x00, 0x00, 0x00, 0x00, 0x00,
    0x00, 0xef, 0xff, 0xff, 0xff, 0xfc, 0x00, 0x00, 0x00, 0x00, 0x00, 0x00, 0x00, 0x00, 0x00, 0x00,
    0x00, 0x00, 0x00, 0x00, 0x00, 0x00, 0x00, 0x04, 0xff, 0xff, 0xff, 0xff, 0xf6, 0x00, 0x00, 0x00,
    0x00, 0x00, 0x00, 0x00, 0x00, 0x00, 0x00, 0x00, 0x00, 0x00, 0x00, 0x00, 0x00, 0x00, 0x0a, 0xff,
    0xff, 0xff, 0xff, 0xf0, 0x00, 0x00, 0x00, 0x00, 0x00, 0x00, 0x00, 0x00, 0x00, 0x00, 0x00, 0x00,
    0x00, 0x00, 0x00, 0x00, 0x00, 0x1f, 0xff, 0xff, 0xff, 0xff, 0xa0, 0x00, 0x00, 0x00, 0x00, 0x00,
    0x00, 0x00, 0x00, 0x00, 0x00, 0x00, 0x00, 0x00, 0x00, 0x00, 0x00, 0x00, 0x6f, 0xff, 0xff, 0xff,
    0xff, 0x40, 0x00, 0x00, 0x00, 0x00, 0x00, 0x00, 0x00, 0x00, 0x00, 0x00, 0x00, 0x00, 0x00, 0x00,
    0x00, 0x00, 0x00, 0xcf, 0xff, 0xff, 0xff, 0xfe, 0x00, 0x00, 0x00, 0x00, 0x00, 0x00, 0x00, 0x00,
    0x00, 0x00, 0x00, 0x00, 0x00, 0x00, 0x00, 0x00, 0x00, 0x02, 0xff, 0xff, 0xff, 0xff, 0xf8, 0x00,
    0x00, 0x00, 0x00, 0x00, 0x00, 0x00, 0x00, 0x00, 0x00, 0x00, 0x00, 0x00, 0x00, 0x00, 0x00, 0x00,
    0x08, 0xff, 0xff, 0xff, 0xff, 0xf2, 0x00, 0x00, 0x00, 0x00, 0x00, 0x00, 0x00, 0x00, 0x00, 0x00,
    0x00, 0x00, 0x00, 0x00, 0x00, 0x00, 0x00, 0x0e, 0xff, 0xff, 0xff, 0xff, 0xc0, 0x00, 0x00, 0x00,
    0x00, 0x00, 0x00, 0x00, 0x00, 0x00, 0x00, 0x00, 0x00, 0x00, 0x00, 0x00, 0x00, 0x00, 0x5f, 0xff,
    0xff, 0xff, 0xff, 0x60, 0x00, 0x00, 0x00, 0x00, 0x00, 0x00, 0x00, 0x00, 0x00, 0x00, 0x00, 0x00,
    0x00, 0x00, 0x00, 0x00, 0x00, 0xbf, 0xff, 0xff, 0xff, 0xff, 0x10, 0x00, 0x00, 0x00, 0x00, 0x00,
    0x00, 0x00, 0x00, 0x00, 0x00, 0x00, 0x00, 0x00, 0x00, 0x00, 0x00, 0x01, 0xff, 0xff, 0xff, 0xff,
    0xfa, 0x00, 0x00, 0x00, 0x00, 0x00, 0x00, 0x00, 0x00, 0x00, 0x00, 0x00, 0x00, 0x00, 0x00, 0x00,
    0x00, 0x00, 0x07, 0xff, 0xff, 0xff, 0xff, 0xf4, 0x00, 0x00, 0x00, 0x00, 0x00, 0x00, 0x00, 0x00,
    0x00, 0x00, 0x00, 0x00, 0x00, 0x00, 0x00, 0x00, 0x00, 0x0d, 0xff, 0xff, 0xff, 0xff, 0xe0, 0x00,
    0x00, 0x00, 0x00, 0x00, 0x00, 0x00, 0x00, 0x00, 0x00, 0x00, 0x00, 0x00, 0x00, 0x00, 0x00, 0x00,
    0x3f, 0xff, 0xff, 0xff, 0xff, 0x80, 0x00, 0x00, 0x00, 0x00, 0x00, 0x00, 0x00, 0x00, 0x00, 0x00,
    0x00, 0x00, 0x00, 0x00, 0x00, 0x00, 0x00, 0x9f, 0xff, 0xff, 0xff, 0xff, 0x20, 0x00, 0x00, 0x00,
    0x00, 0x00, 0x00, 0x00, 0x00, 0x00, 0x00, 0x00, 0x00, 0x00, 0x00, 0x00, 0x00, 0x00, 0xef, 0xff,
    0xff, 0xff, 0xfc, 0x00, 0x00, 0x00, 0x00, 0x00, 0x00, 0x00, 0x00, 0x00, 0x00, 0x00, 0x00, 0x00,
    0x00, 0x00, 0x00, 0x00, 0x00, 0x00, 0x00, 0x03, 0x69, 0xbc, 0xde, 0xff, 0xed, 0xca, 0x74, 0x20,
    0x00, 0x00, 0x00, 0x00, 0x00, 0x00, 0x00, 0x00, 0x00, 0x00, 0x00, 0x00, 0x00, 0x00, 0x00, 0x5b,
    0xff, 0xff, 0xff, 0xff, 0xff, 0xff, 0xff, 0xff, 0xfe, 0x83, 0x00, 0x00, 0x00, 0x00, 0x00, 0x00,
    0x00, 0x00, 0x00, 0x00, 0x00, 0x00, 0x01, 0x9f, 0xff, 0xff, 0xff, 0xff, 0xff, 0xff, 0xff, 0xff,
    0xff, 0xff, 0xff, 0xd6, 0x00, 0x00, 0x00, 0x00, 0x00, 0x00, 0x00, 0x00, 0x00, 0x00, 0x00, 0x7f,
    0xff, 0xff, 0xff, 0xff, 0xff, 0xff, 0xff, 0xff, 0xff, 0xff, 0xff, 0xff, 0xff, 0xd4, 0x00, 0x00,
    0x00, 0x00, 0x00, 0x00, 0x00, 0x00, 0x00, 0x2d, 0xff, 0xff, 0xff, 0xff, 0xff, 0xff, 0xff, 0xff,
    0xff, 0xff, 0xff, 0xff, 0xff, 0xff, 0xff, 0xa0, 0x00, 0x00, 0x00, 0x00, 0x00, 0x00, 0x00, 0x03,
    0xef, 0xff, 0xff, 0xff, 0xff, 0xff, 0xff, 0xff, 0xff, 0xff, 0xff, 0xff, 0xff, 0xff, 0xff, 0xff,
    0xfb, 0x00, 0x00, 0x00, 0x00, 0x00, 0x00, 0x00, 0x4f, 0xff, 0xff, 0xff, 0xff, 0xff, 0xff, 0xff,
    0xff, 0xff, 0xff, 0xff, 0xff, 0xff, 0xff, 0xff, 0xff, 0xff, 0xc0, 0x00, 0x00, 0x00, 0x00, 0x00,
    0x01, 0xef, 0xff, 0xff, 0xff, 0xff, 0xff, 0xff, 0xfe, 0xcb, 0xbc, 0xde, 0xff, 0xff, 0xff, 0xff,
    0xff, 0xff, 0xff, 0xf9, 0x00, 0x00, 0x00, 0x00, 0x00, 0x0a, 0xff, 0xff, 0xff, 0xff, 0xff, 0xff,
    0x94, 0x10, 0x00, 0x00, 0x00, 0x14, 0x9e, 0xff, 0xff, 0xff, 0xff, 0xff, 0xff, 0x40, 0x00, 0x00,
    0x00, 0x00, 0x5f, 0xff, 0xff, 0xff, 0xff, 0xff, 0x80, 0x00, 0x00, 0x00, 0x00, 0x00, 0x00, 0x00,
    0x6e, 0xff, 0xff, 0xff, 0xff, 0xff, 0xe0, 0x00, 0x00, 0x00, 0x00, 0xcf, 0xff, 0xff, 0xff, 0xff,
    0xe2, 0x00, 0x00, 0x00, 0x00, 0x00, 0x00, 0x00, 0x00, 0x01, 0xaf, 0xff, 0xff, 0xff, 0xff, 0xf5,
    0x00, 0x00, 0x00, 0x02, 0xff, 0xff, 0xff, 0xff, 0xfe, 0x10, 0x00, 0x00, 0x00, 0x00, 0x00, 0x00,
    0x00, 0x00, 0x00, 0x0a, 0xff, 0xff, 0xff, 0xff, 0xfb, 0x00, 0x00, 0x00, 0x07, 0xff, 0xff, 0xff,
    0xff, 0xf4, 0x00, 0x00, 0x00, 0x00, 0x00, 0x00, 0x00, 0x00, 0x00, 0x00, 0x00, 0xcf, 0xff, 0xff,
    0xff, 0xff, 0x10, 0x00, 0x00, 0x0c, 0xff, 0xff, 0xff, 0xff, 0xb0, 0x00, 0x00, 0x00, 0x00, 0x00,
    0x00, 0x00, 0x00, 0x00, 0x00, 0x00, 0x3f, 0xff, 0xff, 0xff, 0xff, 0x50, 0x00, 0x00, 0x0e, 0xff,
    0xff, 0xff, 0xff, 0x60, 0x00, 0x00, 0x00, 0x00, 0x00, 0x00, 0x00, 0x00, 0x00, 0x00, 0x00, 0x0b,
    0xff, 0xff, 0xff, 0xff, 0x70, 0x00, 0x00, 0x0f, 0xff, 0xff, 0xff, 0xff, 0x10, 0x00, 0x00, 0x00,
    0x00, 0x00, 0x00, 0x00, 0x00, 0x00, 0x00, 0x00, 0x06, 0xff, 0xff, 0xff, 0xff, 0x80, 0x00, 0x00,
    0x2f, 0xff, 0xff, 0xff, 0xff, 0x00, 0x00, 0x00, 0x00, 0x00, 0x00, 0x00, 0x00, 0x00, 0x00, 0x00,
    0x00, 0x02, 0xff, 0xff, 0xff, 0xff, 0xa0, 0x00, 0x00, 0x3f, 0xff, 0xff, 0xff, 0xfe, 0x00, 0x00,
    0x00, 0x00, 0x00, 0x00, 0x00, 0x00, 0x00, 0x00, 0x00, 0x00, 0x01, 0xff, 0xff, 0xff, 0xff, 0xc0,
    0x00, 0x00, 0x2f, 0xff, 0xff, 0xff, 0xff, 0x00, 0x00, 0x00, 0x00, 0x00, 0x00, 0x00, 0x00, 0x00,
    0x00, 0x00, 0x00, 0x00, 0xff, 0xff, 0xff, 0xff, 0xb0, 0x00, 0x00, 0x1f, 0xff, 0xff, 0xff, 0xff,
    0x10, 0x00, 0x00, 0x00, 0x00, 0x00, 0x00, 0x00, 0x00, 0x00, 0x00, 0x00, 0x00, 0xff, 0xff, 0xff,
    0xff, 0xa0, 0x00, 0x00, 0x0f, 0xff, 0xff, 0xff, 0xff, 0x50, 0x00, 0x00, 0x00, 0x00, 0x00, 0x00,
    0x00, 0x00, 0x00, 0x00, 0x00, 0x02, 0xff, 0xff, 0xff, 0xff, 0x80, 0x00, 0x00, 0x0c, 0xff, 0xff,
    0xff, 0xff, 0xb0, 0x00, 0x00, 0x00, 0x00, 0x00, 0x00, 0x00, 0x00, 0x00, 0x00, 0x00, 0x05, 0xff,
    0xff, 0xff, 0xff, 0x50, 0x00, 0x00, 0x08, 0xff, 0xff, 0xff, 0xff, 0xf3, 0x00, 0x00, 0x00, 0x00,
    0x00, 0x00, 0x00, 0x00, 0x00, 0x00, 0x00, 0x09, 0xff, 0xff, 0xff, 0xff, 0x10, 0x00, 0x00, 0x04,
    0xff, 0xff, 0xff, 0xff, 0xfd, 0x00, 0x00, 0x00, 0x00, 0x00, 0x00, 0x00, 0x00, 0x00, 0x00, 0x00,
    0x1f, 0xff, 0xff, 0xff, 0xfd, 0x00, 0x00, 0x00, 0x00, 0xdf, 0xff, 0xff, 0xff, 0xff, 0xa0, 0x00,
    0x00, 0x00, 0x00, 0x00, 0x00, 0x00, 0x00, 0x00, 0x00, 0x8f, 0xff, 0xff, 0xff, 0xf6, 0x00, 0x00,
    0x00, 0x00, 0x7f, 0xff, 0xff, 0xff, 0xff, 0xfb, 0x00, 0x00, 0x00, 0x00, 0x00, 0x00, 0x00, 0x00,
    0x00, 0x03, 0xff, 0xff, 0xff, 0xff, 0xe0, 0x00, 0x00, 0x00, 0x00, 0x0d, 0xff, 0xff, 0xff, 0xff,
    0xff, 0xd3, 0x00, 0x00, 0x00, 0x00, 0x00, 0x00, 0x00, 0x00, 0x2e, 0xff, 0xff, 0xff, 0xff, 0x50,
    0x00, 0x00, 0x00, 0x00, 0x04, 0xff, 0xff, 0xff, 0xff, 0xff, 0xff, 0x81, 0x00, 0x00, 0x00, 0x00,
    0x00, 0x00, 0x03, 0xef, 0xff, 0xff, 0xff, 0xfa, 0x00, 0x00, 0x00, 0x00, 0x00, 0x00, 0x8f, 0xff,
    0xff, 0xff, 0xff, 0xff, 0xff, 0x81, 0x00, 0x00, 0x00, 0x00, 0x00, 0x4f, 0xff, 0xff, 0xff, 0xff,
    0xc0, 0x00, 0x00, 0x00, 0x00, 0x00, 0x00, 0x0b, 0xff, 0xff, 0xff, 0xff, 0xff, 0xff, 0xff, 0x93,
    0x00, 0x00, 0x00, 0x08, 0xff, 0xff, 0xff, 0xff, 0xfd, 0x10, 0x00, 0x00, 0x00, 0x00, 0x00, 0x00,
    0x00, 0xbf, 0xff, 0xff, 0xff, 0xff, 0xff, 0xff, 0xff, 0xd7, 0x20, 0x06, 0xef, 0xff, 0xff, 0xff,
    0xff, 0xb0, 0x00, 0x00, 0x00, 0x00, 0x00, 0x00, 0x00, 0x00, 0x0a, 0xff, 0xff, 0xff, 0xff, 0xff,
    0xff, 0xff, 0xff, 0xfc, 0xdf, 0xff, 0xff, 0xff, 0xff, 0xf7, 0x00, 0x00, 0x00, 0x00, 0x00, 0x00,
    0x00, 0x00, 0x00, 0x00, 0x5e, 0xff, 0xff, 0xff, 0xff, 0xff, 0xff, 0xff, 0xff, 0xff, 0xff, 0xff,
    0xff, 0xf9, 0x10, 0x00, 0x00, 0x00, 0x00, 0x00, 0x00, 0x00, 0x00, 0x00, 0x00, 0x01, 0xbf, 0xff,
    0xff, 0xff, 0xff, 0xff, 0xff, 0xff, 0xff, 0xff, 0xff, 0xfc, 0x30, 0x00, 0x00, 0x00, 0x00, 0x00,
    0x00, 0x00, 0x00, 0x00, 0x00, 0x00, 0x00, 0x05, 0xef, 0xff, 0xff, 0xff, 0xff, 0xff, 0xff, 0xff,
    0xff, 0xff, 0xfb, 0x20, 0x00, 0x00, 0x00, 0x00, 0x00, 0x00, 0x00, 0x00, 0x00, 0x00, 0x00, 0x00,
    0x08, 0xff, 0xff, 0xff, 0xff, 0xff, 0xff, 0xff, 0xff, 0xff, 0xff, 0xff, 0xf9, 0x10, 0x00, 0x00,
    0x00, 0x00, 0x00, 0x00, 0x00, 0x00, 0x00, 0x00, 0x07, 0xef, 0xff, 0xff, 0xff, 0xff, 0xff, 0xff,
    0xff, 0xff, 0xff, 0xff, 0xff, 0xff, 0xf8, 0x10, 0x00, 0x00, 0x00, 0x00, 0x00, 0x00, 0x00, 0x00,
    0x06, 0xef, 0xff, 0xff, 0xff, 0xff, 0xcf, 0xff, 0xff, 0xff, 0xff, 0xff, 0xff, 0xff, 0xff, 0xff,
    0xe3, 0x00, 0x00, 0x00, 0x00, 0x00, 0x00, 0x00, 0x01, 0xbf, 0xff, 0xff, 0xff, 0xff, 0xc3, 0x01,
    0x6d, 0xff, 0xff, 0xff, 0xff, 0xff, 0xff, 0xff, 0xff, 0xff, 0x70, 0x00, 0x00, 0x00, 0x00, 0x00,
    0x00, 0x3e, 0xff, 0xff, 0xff, 0xff, 0xe5, 0x00, 0x00, 0x00, 0x39, 0xff, 0xff, 0xff, 0xff, 0xff,
    0xff, 0xff, 0xff, 0xf8, 0x00, 0x00, 0x00, 0x00, 0x00, 0x03, 0xef, 0xff, 0xff, 0xff, 0xfc, 0x10,
    0x00, 0x00, 0x00, 0x00, 0x06, 0xcf, 0xff, 0xff, 0xff, 0xff, 0xff, 0xff, 0xff, 0x80, 0x00, 0x00,
    0x00, 0x00, 0x3e, 0xff, 0xff, 0xff, 0xff, 0xb0, 0x00, 0x00, 0x00, 0x00, 0x00, 0x00, 0x03, 0xbf,
    0xff, 0xff, 0xff, 0xff, 0xff, 0xff, 0xf5, 0x00, 0x00, 0x00, 0x00, 0xdf, 0xff, 0xff, 0xff, 0xf9,
    0x00, 0x00, 0x00, 0x00, 0x00, 0x00, 0x00, 0x00, 0x03, 0xbf, 0xff, 0xff, 0xff, 0xff, 0xff, 0xff,
    0x20, 0x00, 0x00, 0x0a, 0xff, 0xff, 0xff, 0xff, 0xb0, 0x00, 0x00, 0x00, 0x00, 0x00, 0x00, 0x00,
    0x00, 0x00, 0x05, 0xef, 0xff, 0xff, 0xff, 0xff, 0xff, 0xb0, 0x00, 0x00, 0x4f, 0xff, 0xff, 0xff,
    0xfe, 0x10, 0x00, 0x00, 0x00, 0x00, 0x00, 0x00, 0x00, 0x00, 0x00, 0x00, 0x0b, 0xff, 0xff, 0xff,
    0xff, 0xff, 0xf3, 0x00, 0x00, 0xcf, 0xff, 0xff, 0xff, 0xf6, 0x00, 0x00, 0x00, 0x00, 0x00, 0x00,
    0x00, 0x00, 0x00, 0x00, 0x00, 0x00, 0x9f, 0xff, 0xff, 0xff, 0xff, 0xfb, 0x00, 0x03, 0xff, 0xff,
    0xff, 0xff, 0xe0, 0x00, 0x00, 0x00, 0x00, 0x00, 0x00, 0x00, 0x00, 0x00, 0x00, 0x00, 0x00, 0x0b,
    0xff, 0xff, 0xff, 0xff, 0xff, 0x10, 0x09, 0xff, 0xff, 0xff, 0xff, 0x80, 0x00, 0x00, 0x00, 0x00,
    0x00, 0x00, 0x00, 0x00, 0x00, 0x00, 0x00, 0x00, 0x01, 0xef, 0xff, 0xff, 0xff, 0xff, 0x50, 0x0d,
    0xff, 0xff, 0xff, 0xff, 0x30, 0x00, 0x00, 0x00, 0x00, 0x00, 0x00, 0x00, 0x00, 0x00, 0x00, 0x00,
    0x00, 0x00, 0x7f, 0xff, 0xff, 0xff, 0xff, 0x90, 0x2f, 0xff, 0xff, 0xff, 0xff, 0x00, 0x00, 0x00,
    0x00, 0x00, 0x00, 0x00, 0x00, 0x00, 0x00, 0x00, 0x00, 0x00, 0x00, 0x1f, 0xff, 0xff, 0xff, 0xff,
    0xd0, 0x5f, 0xff, 0xff, 0xff, 0xfd, 0x00, 0x00, 0x00, 0x00, 0x00, 0x00, 0x00, 0x00, 0x00, 0x00,
    0x00, 0x00, 0x00, 0x00, 0x0d, 0xff, 0xff, 0xff, 0xff, 0xe0, 0x6f, 0xff, 0xff, 0xff, 0xfc, 0x00,
    0x00, 0x00, 0x00, 0x00, 0x00, 0x00, 0x00, 0x00, 0x00, 0x00, 0x00, 0x00, 0x00, 0x0b, 0xff, 0xff,
    0xff, 0xff, 0xf0, 0x7f, 0xff, 0xff, 0xff, 0xfb, 0x00, 0x00, 0x00, 0x00, 0x00, 0x00, 0x00, 0x00,
    0x00, 0x00, 0x00, 0x00, 0x00, 0x00, 0x0a, 0xff, 0xff, 0xff, 0xff, 0xf1, 0x8f, 0xff, 0xff, 0xff,
    0xfc, 0x00, 0x00, 0x00, 0x00, 0x00, 0x00, 0x00, 0x00, 0x00, 0x00, 0x00, 0x00, 0x00, 0x00, 0x0a,
    0xff, 0xff, 0xff, 0xff, 0xf0, 0x7f, 0xff, 0xff, 0xff, 0xfe, 0x00, 0x00, 0x00, 0x00, 0x00, 0x00,
    0x00, 0x00, 0x00, 0x00, 0x00, 0x00, 0x00, 0x00, 0x0c, 0xff, 0xff, 0xff, 0xff, 0xe0, 0x6f, 0xff,
    0xff, 0xff, 0xff, 0x10, 0x00, 0x00, 0x00, 0x00, 0x00, 0x00, 0x00, 0x00, 0x00, 0x00, 0x00, 0x00,
    0x00, 0x0e, 0xff, 0xff, 0xff, 0xff, 0xd0, 0x4f, 0xff, 0xff, 0xff, 0xff, 0x60, 0x00, 0x00, 0x00,
    0x00, 0x00, 0x00, 0x00, 0x00, 0x00, 0x00, 0x00, 0x00, 0x00, 0x3f, 0xff, 0xff, 0xff, 0xff, 0xb0,
    0x2f, 0xff, 0xff, 0xff, 0xff, 0xc0, 0x00, 0x00, 0x00, 0x00, 0x00, 0x00, 0x00, 0x00, 0x00, 0x00,
    0x00, 0x00, 0x00, 0x9f, 0xff, 0xff, 0xff, 0xff, 0x70, 0x0d, 0xff, 0xff, 0xff, 0xff, 0xf5, 0x00,
    0x00, 0x00, 0x00, 0x00, 0x00, 0x00, 0x00, 0x00, 0x00, 0x00, 0x00, 0x02, 0xff, 0xff, 0xff, 0xff,
    0xff, 0x20, 0x08, 0xff, 0xff, 0xff, 0xff, 0xfe, 0x10, 0x00, 0x00, 0x00, 0x00, 0x00, 0x00, 0x00,
    0x00, 0x00, 0x00, 0x00, 0x0b, 0xff, 0xff, 0xff, 0xff, 0xfd, 0x00, 0x03, 0xff, 0xff, 0xff, 0xff,
    0xff, 0xe2, 0x00, 0x00, 0x00, 0x00, 0x00, 0x00, 0x00, 0x00, 0x00, 0x00, 0x00, 0xaf, 0xff, 0xff,
    0xff, 0xff, 0xf8, 0x00, 0x00, 0xcf, 0xff, 0xff, 0xff, 0xff, 0xfe, 0x50, 0x00, 0x00, 0x00, 0x00,
    0x00, 0x00, 0x00, 0x00, 0x00, 0x2b, 0xff, 0xff, 0xff, 0xff, 0xff, 0xe1, 0x00, 0x00, 0x3f, 0xff,
    0xff, 0xff, 0xff, 0xff, 0xfc, 0x40, 0x00, 0x00, 0x00, 0x00, 0x00, 0x00, 0x00, 0x28, 0xff, 0xff,
    0xff, 0xff, 0xff, 0xff, 0x60, 0x00, 0x00, 0x09, 0xff, 0xff, 0xff, 0xff, 0xff, 0xff, 0xff, 0xa6,
    0x30, 0x00, 0x00, 0x00, 0x14, 0x7c, 0xff, 0xff, 0xff, 0xff, 0xff, 0xff, 0xfc, 0x00, 0x00, 0x00,
    0x00, 0xcf, 0xff, 0xff, 0xff, 0xff, 0xff, 0xff, 0xff, 0xff, 0xfe, 0xee, 0xff, 0xff, 0xff, 0xff,
    0xff, 0xff, 0xff, 0xff, 0xff, 0xd1, 0x00, 0x00, 0x00, 0x00, 0x1d, 0xff, 0xff, 0xff, 0xff, 0xff,
    0xff, 0xff, 0xff, 0xff, 0xff, 0xff, 0xff, 0xff, 0xff, 0xff, 0xff, 0xff, 0xff, 0xfe, 0x10, 0x00,
    0x00, 0x00, 0x00, 0x01, 0xdf, 0xff, 0xff, 0xff, 0xff, 0xff, 0xff, 0xff, 0xff, 0xff, 0xff, 0xff,
    0xff, 0xff, 0xff, 0xff, 0xff, 0xff, 0xd2, 0x00, 0x00, 0x00, 0x00, 0x00, 0x00, 0x08, 0xff, 0xff,
    0xff, 0xff, 0xff, 0xff, 0xff, 0xff, 0xff, 0xff, 0xff, 0xff, 0xff, 0xff, 0xff, 0xff, 0xf8, 0x00,
    0x00, 0x00, 0x00, 0x00, 0x00, 0x00, 0x00, 0x3d, 0xff, 0xff, 0xff, 0xff, 0xff, 0xff, 0xff, 0xff,
    0xff, 0xff, 0xff, 0xff, 0xff, 0xff, 0xfd, 0x30, 0x00, 0x00, 0x00, 0x00, 0x00, 0x00, 0x00, 0x00,
    0x00, 0x4b, 0xff, 0xff, 0xff, 0xff, 0xff, 0xff, 0xff, 0xff, 0xff, 0xff, 0xff, 0xff, 0xfa, 0x40,
    0x00, 0x00, 0x00, 0x00, 0x00, 0x00, 0x00, 0x00, 0x00, 0x00, 0x00, 0x18, 0xcf, 0xff, 0xff, 0xff,
    0xff, 0xff, 0xff, 0xff, 0xff, 0xfe, 0xb7, 0x10, 0x00, 0x00, 0x00, 0x00, 0x00, 0x00, 0x00, 0x00,
    0x00, 0x00, 0x00, 0x00, 0x00, 0x00, 0x36, 0x9b, 0xcd, 0xef, 0xfe, 0xdc, 0xba, 0x85, 0x20, 0x00,
    0x00, 0x00, 0x00, 0x00, 0x00, 0x00, 0x00, 0x00, 0x00, 0x00, 0x00, 0x00, 0x00, 0x00, 0x00, 0x37,
    0x9a, 0xcd, 0xef, 0xed, 0xba, 0x85, 0x10, 0x00, 0x00, 0x00, 0x00, 0x00, 0x00, 0x00, 0x00, 0x00,
    0x00, 0x00, 0x00, 0x00, 0x00, 0x00, 0x6a, 0xef, 0xff, 0xff, 0xff, 0xff, 0xff, 0xff, 0xff, 0xd7,
    0x20, 0x00, 0x00, 0x00, 0x00, 0x00, 0x00, 0x00, 0x00, 0x00, 0x00, 0x00, 0x00, 0x07, 0xef, 0xff,
    0xff, 0xff, 0xff, 0xff, 0xff, 0xff, 0xff, 0xff, 0xff, 0xa2, 0x00, 0x00, 0x00, 0x00, 0x00, 0x00,
    0x00, 0x00, 0x00, 0x00, 0x00, 0x7e, 0xff, 0xff, 0xff, 0xff, 0xff, 0xff, 0xff, 0xff, 0xff, 0xff,
    0xff, 0xff, 0xf7, 0x00, 0x00, 0x00, 0x00, 0x00, 0x00, 0x00, 0x00, 0x00, 0x01, 0xcf, 0xff, 0xff,
    0xff, 0xff, 0xff, 0xff, 0xff, 0xff, 0xff, 0xff, 0xff, 0xff, 0xff, 0xfc, 0x10, 0x00, 0x00, 0x00,
    0x00, 0x00, 0x00, 0x00, 0x02, 0xef, 0xff, 0xff, 0xff, 0xff, 0xff, 0xff, 0xff, 0xff, 0xff, 0xff,
    0xff, 0xff, 0xff, 0xff, 0xfd, 0x20, 0x00, 0x00, 0x00, 0x00, 0x00, 0x00, 0x03, 0xff, 0xff, 0xff,
    0xff, 0xff, 0xff, 0xff, 0xff, 0xff, 0xff, 0xff, 0xff, 0xff, 0xff, 0xff, 0xff, 0xfe, 0x10, 0x00,
    0x00, 0x00, 0x00, 0x00, 0x01, 0xef, 0xff, 0xff, 0xff, 0xff, 0xff, 0xff, 0xff, 0xfe, 0xde, 0xff,
    0xff, 0xff, 0xff, 0xff, 0xff, 0xff, 0xfd, 0x00, 0x00, 0x00, 0x00, 0x00, 0x00, 0xbf, 0xff, 0xff,
    0xff, 0xff, 0xff, 0xfe, 0xa5, 0x10, 0x00, 0x00, 0x26, 0xbf, 0xff, 0xff, 0xff, 0xff, 0xff, 0xfa,
    0x00, 0x00, 0x00, 0x00, 0x00, 0x7f, 0xff, 0xff, 0xff, 0xff, 0xff, 0xf7, 0x00, 0x00, 0x00, 0x00,
    0x00, 0x00, 0x2b, 0xff, 0xff, 0xff, 0xff, 0xff, 0xf4, 0x00, 0x00, 0x00, 0x00, 0x1f, 0xff, 0xff,
    0xff, 0xff, 0xff, 0xc1, 0x00, 0x00, 0x00, 0x00, 0x00, 0x00, 0x00, 0x06, 0xff, 0xff, 0xff, 0xff,
    0xff, 0xe0, 0x00, 0x00, 0x00, 0x07, 0xff, 0xff, 0xff, 0xff, 0xff, 0xa0, 0x00, 0x00, 0x00, 0x00,
    0x00, 0x00, 0x00, 0x00, 0x06, 0xff, 0xff, 0xff, 0xff, 0xff, 0x70, 0x00, 0x00, 0x00, 0xef, 0xff,
    0xff, 0xff, 0xff, 0xc0, 0x00, 0x00, 0x00, 0x00, 0x00, 0x00, 0x00, 0x00, 0x00, 0x07, 0xff, 0xff,
    0xff, 0xff, 0xfe, 0x00, 0x00, 0x00, 0x6f, 0xff, 0xff, 0xff, 0xff, 0xe2, 0x00, 0x00, 0x00, 0x00,
    0x00, 0x00, 0x00, 0x00, 0x00, 0x00, 0x0c, 0xff, 0xff, 0xff, 0xff, 0xf6, 0x00, 0x00, 0x0b, 0xff,
    0xff, 0xff, 0xff, 0xf7, 0x00, 0x00, 0x00, 0x00, 0x00, 0x00, 0x00, 0x00, 0x00, 0x00, 0x00, 0x4f,
    0xff, 0xff, 0xff, 0xff, 0xd0, 0x00, 0x00, 0xef, 0xff, 0xff, 0xff, 0xff, 0x00, 0x00, 0x00, 0x00,
    0x00, 0x00, 0x00, 0x00, 0x00, 0x00, 0x00, 0x00, 0xbf, 0xff, 0xff, 0xff, 0xff, 0x20, 0x00, 0x2f,
    0xff, 0xff, 0xff, 0xff, 0x90, 0x00, 0x00, 0x00, 0x00, 0x00, 0x00, 0x00, 0x00, 0x00, 0x00, 0x00,
    0x04, 0xff, 0xff, 0xff, 0xff, 0xf8, 0x00, 0x06, 0xff, 0xff, 0xff, 0xff, 0xf4, 0x00, 0x00, 0x00,
    0x00, 0x00, 0x00, 0x00, 0x00, 0x00, 0x00, 0x00, 0x00, 0x0e, 0xff, 0xff, 0xff, 0xff, 0xd0, 0x00,
    0x9f, 0xff, 0xff, 0xff, 0xff, 0x00, 0x00, 0x00, 0x00, 0x00, 0x00, 0x00, 0x00, 0x00, 0x00, 0x00,
    0x00, 0x00, 0x9f, 0xff, 0xff, 0xff, 0xff, 0x10, 0x0a, 0xff, 0xff, 0xff, 0xff, 0xc0, 0x00, 0x00,
    0x00, 0x00, 0x00, 0x00, 0x00, 0x00, 0x00, 0x00, 0x00, 0x00, 0x04, 0xff, 0xff, 0xff, 0xff, 0xf6,
    0x00, 0xcf, 0xff, 0xff, 0xff, 0xfb, 0x00, 0x00, 0x00, 0x00, 0x00, 0x00, 0x00, 0x00, 0x00, 0x00,
    0x00, 0x00, 0x00, 0x0f, 0xff, 0xff, 0xff, 0xff, 0x90, 0x0d, 0xff, 0xff, 0xff, 0xff, 0x90, 0x00,
    0x00, 0x00, 0x00, 0x00, 0x00, 0x00, 0x00, 0x00, 0x00, 0x00, 0x00, 0x00, 0xdf, 0xff, 0xff, 0xff,
    0xfc, 0x00, 0xef, 0xff, 0xff, 0xff, 0xf8, 0x00, 0x00, 0x00, 0x00, 0x00, 0x00, 0x00, 0x00, 0x00,
    0x00, 0x00, 0x00, 0x00, 0x0a, 0xff, 0xff, 0xff, 0xff, 0xf0, 0x0e, 0xff, 0xff, 0xff, 0xff, 0x80,
    0x00, 0x00, 0x00, 0x00, 0x00, 0x00, 0x00, 0x00, 0x00, 0x00, 0x00, 0x00, 0x00, 0x7f, 0xff, 0xff,
    0xff, 0xff, 0x30, 0xdf, 0xff, 0xff, 0xff, 0xf9, 0x00, 0x00, 0x00, 0x00, 0x00, 0x00, 0x00, 0x00,
    0x00, 0x00, 0x00, 0x00, 0x00, 0x04, 0xff, 0xff, 0xff, 0xff, 0xf5, 0x0c, 0xff, 0xff, 0xff, 0xff,
    0xa0, 0x00, 0x00, 0x00, 0x00, 0x00, 0x00, 0x00, 0x00, 0x00, 0x00, 0x00, 0x00, 0x00, 0x2f, 0xff,
    0xff, 0xff, 0xff, 0x70, 0xbf, 0xff, 0xff, 0xff, 0xfc, 0x00, 0x00, 0x00, 0x00, 0x00, 0x00, 0x00,
    0x00, 0x00, 0x00, 0x00, 0x00, 0x00, 0x00, 0xff, 0xff, 0xff, 0xff, 0xf9, 0x0a, 0xff, 0xff, 0xff,
    0xff, 0xf0, 0x00, 0x00, 0x00, 0x00, 0x00, 0x00, 0x00, 0x00, 0x00, 0x00, 0x00, 0x00, 0x00, 0x0f,
    0xff, 0xff, 0xff, 0xff, 0xb0, 0x8f, 0xff, 0xff, 0xff, 0xff, 0x30, 0x00, 0x00, 0x00, 0x00, 0x00,
    0x00, 0x00, 0x00, 0x00, 0x00, 0x00, 0x00, 0x00, 0xdf, 0xff, 0xff, 0xff, 0xfc, 0x04, 0xff, 0xff,
    0xff, 0xff, 0xf7, 0x00, 0x00, 0x00, 0x00, 0x00, 0x00, 0x00, 0x00, 0x00, 0x00, 0x00, 0x00, 0x00,
    0x0c, 0xff, 0xff, 0xff, 0xff, 0xd0, 0x0f, 0xff, 0xff, 0xff, 0xff, 0xe0, 0x00, 0x00, 0x00, 0x00,
    0x00, 0x00, 0x00, 0x00, 0x00, 0x00, 0x00, 0x00, 0x05, 0xff, 0xff, 0xff, 0xff, 0xfe, 0x00, 0xbf,
    0xff, 0xff, 0xff, 0xff, 0x50, 0x00, 0x00, 0x00, 0x00, 0x00, 0x00, 0x00, 0x00, 0x00, 0x00, 0x00,
    0x06, 0xff, 0xff, 0xff, 0xff, 0xff, 0xf0, 0x07, 0xff, 0xff, 0xff, 0xff, 0xfe, 0x10, 0x00, 0x00,
    0x00, 0x00, 0x00, 0x00, 0x00, 0x00, 0x00, 0x00, 0x08, 0xff, 0xff, 0xff, 0xff, 0xff, 0xff, 0x00,
    0x0f, 0xff, 0xff, 0xff, 0xff, 0xfc, 0x00, 0x00, 0x00, 0x00, 0x00, 0x00, 0x00, 0x00, 0x00, 0x00,
    0x3c, 0xff, 0xff, 0xff, 0xff, 0xff, 0xff, 0xf1, 0x00, 0x8f, 0xff, 0xff, 0xff, 0xff, 0xfc, 0x10,
    0x00, 0x00, 0x00, 0x00, 0x00, 0x00, 0x00, 0x01, 0x9f, 0xff, 0xff, 0xff, 0xff, 0xff, 0xff, 0xff,
    0x10, 0x01, 0xff, 0xff, 0xff, 0xff, 0xff, 0xfe, 0x50, 0x00, 0x00, 0x00, 0x00, 0x00, 0x00, 0x38,
    0xef, 0xff, 0xff, 0xff, 0xff, 0xff, 0xff, 0xff, 0xf1, 0x00, 0x06, 0xff, 0xff, 0xff, 0xff, 0xff,
    0xff, 0xd7, 0x30, 0x00, 0x00, 0x00, 0x27, 0xdf, 0xff, 0xff, 0xff, 0xff, 0xef, 0xff, 0xff, 0xff,
    0xff, 0x20, 0x00, 0x09, 0xff, 0xff, 0xff, 0xff, 0xff, 0xff, 0xff, 0xfd, 0xcb, 0xcd, 0xff, 0xff,
    0xff, 0xff, 0xff, 0xff, 0x78, 0xff, 0xff, 0xff, 0xff, 0xf1, 0x00, 0x00, 0x0b, 0xff, 0xff, 0xff,
    0xff, 0xff, 0xff, 0xff, 0xff, 0xff, 0xff, 0xff, 0xff, 0xff, 0xff, 0xff, 0x40, 0x8f, 0xff, 0xff,
    0xff, 0xff, 0x10, 0x00, 0x00, 0x0a, 0xff, 0xff, 0xff, 0xff, 0xff, 0xff, 0xff, 0xff, 0xff, 0xff,
    0xff, 0xff, 0xff, 0xfc, 0x20, 0x09, 0xff, 0xff, 0xff, 0xff, 0xf0, 0x00, 0x00, 0x00, 0x06, 0xff,
    0xff, 0xff, 0xff, 0xff, 0xff, 0xff, 0xff, 0xff, 0xff, 0xff, 0xff, 0xe5, 0x00, 0x00, 0x9f, 0xff,
    0xff, 0xff, 0xff, 0x00, 0x00, 0x00, 0x00, 0x02, 0xaf, 0xff, 0xff, 0xff, 0xff, 0xff, 0xff, 0xff,
    0xff, 0xff, 0xfe, 0x70, 0x00, 0x00, 0x0a, 0xff, 0xff, 0xff, 0xff, 0xf0, 0x00, 0x00, 0x00, 0x00,
    0x00, 0x18, 0xef, 0xff, 0xff, 0xff, 0xff, 0xff, 0xff, 0xfe, 0x94, 0x00, 0x00, 0x00, 0x00, 0xbf,
    0xff, 0xff, 0xff, 0xfe, 0x00, 0x00, 0x00, 0x00, 0x00, 0x00, 0x00, 0x25, 0x9b, 0xce, 0xff, 0xee,
    0xca, 0x73, 0x00, 0x00, 0x00, 0x00, 0x00, 0x0c, 0xff, 0xff, 0xff, 0xff, 0xd0, 0x00, 0x00, 0x00,
    0x00, 0x00, 0x00, 0x00, 0x00, 0x00, 0x00, 0x00, 0x00, 0x00, 0x00, 0x00, 0x00, 0x00, 0x00, 0x00,
    0xdf, 0xff, 0xff, 0xff, 0xfb, 0x00, 0x00, 0x00, 0x00, 0x00, 0x00, 0x00, 0x00, 0x00, 0x00, 0x00,
    0x00, 0x00, 0x00, 0x00, 0x00, 0x00, 0x00, 0x00, 0x0f, 0xff, 0xff, 0xff, 0xff, 0xa0, 0x00, 0x00,
    0x00, 0x00, 0x00, 0x00, 0x00, 0x00, 0x00, 0x00, 0x00, 0x00, 0x00, 0x00, 0x00, 0x00, 0x00, 0x00,
    0x01, 0xff, 0xff, 0xff, 0xff, 0xf8, 0x00, 0x00, 0x00, 0x00, 0x00, 0x00, 0x00, 0x00, 0x00, 0x00,
    0x00, 0x00, 0x00, 0x00, 0x00, 0x00, 0x00, 0x00, 0x00, 0x3f, 0xff, 0xff, 0xff, 0xff, 0x60, 0x00,
    0x00, 0x00, 0x00, 0x00, 0x00, 0x00, 0x00, 0x00, 0x00, 0x00, 0x00, 0x00, 0x00, 0x00, 0x00, 0x00,
    0x00, 0x06, 0xff, 0xff, 0xff, 0xff, 0xf3, 0x00, 0x00, 0x00, 0x00, 0x00, 0x00, 0x00, 0x00, 0x00,
    0x00, 0x00, 0x00, 0x00, 0x00, 0x00, 0x00, 0x00, 0x00, 0x00, 0x9f, 0xff, 0xff, 0xff, 0xff, 0x10,
    0x00, 0x00, 0x00, 0x00, 0x00, 0x00, 0x00, 0x00, 0x00, 0x00, 0x00, 0x00, 0x00, 0x00, 0x00, 0x00,
    0x00, 0x00, 0x0c, 0xff, 0xff, 0xff, 0xff, 0xe0, 0x00, 0x00, 0x00, 0x00, 0x00, 0x00, 0x00, 0x00,
    0x00, 0x00, 0x00, 0x00, 0x00, 0x00, 0x00, 0x00, 0x00, 0x00, 0x01, 0xff, 0xff, 0xff, 0xff, 0xfa,
    0x00, 0x00, 0x00, 0x00, 0x00, 0x00, 0x00, 0x00, 0x00, 0x00, 0x00, 0x00, 0x00, 0x00, 0x00, 0x00,
    0x00, 0x00, 0x00, 0x5f, 0xff, 0xff, 0xff, 0xff, 0x60, 0x00, 0x46, 0x89, 0xbc, 0xdf, 0xf3, 0x00,
    0x00, 0x00, 0x00, 0x00, 0x00, 0x00, 0x00, 0x00, 0x00, 0x00, 0x00, 0x0a, 0xff, 0xff, 0xff, 0xff,
    0xf2, 0x00, 0x0a, 0xff, 0xff, 0xff, 0xff, 0x60, 0x00, 0x00, 0x00, 0x00, 0x00, 0x00, 0x00, 0x00,
    0x00, 0x00, 0x00, 0x00, 0xff, 0xff, 0xff, 0xff, 0xfd, 0x00, 0x00, 0x7f, 0xff, 0xff, 0xff, 0xfa,
    0x00, 0x00, 0x00, 0x00, 0x00, 0x00, 0x00, 0x00, 0x00, 0x00, 0x00, 0x00, 0x5f, 0xff, 0xff, 0xff,
    0xff, 0x80, 0x00, 0x05, 0xff, 0xff, 0xff, 0xff, 0xf0, 0x00, 0x00, 0x00, 0x00, 0x00, 0x00, 0x00,
    0x00, 0x00, 0x00, 0x00, 0x0d, 0xff, 0xff, 0xff, 0xff, 0xf3, 0x00, 0x00, 0x3f, 0xff, 0xff, 0xff,
    0xff, 0x50, 0x00, 0x00, 0x00, 0x00, 0x00, 0x00, 0x00, 0x00, 0x00, 0x00, 0x05, 0xff, 0xff, 0xff,
    0xff, 0xfc, 0x00, 0x00, 0x00, 0xff, 0xff, 0xff, 0xff, 0xfc, 0x00, 0x00, 0x00, 0x00, 0x00, 0x00,
    0x00, 0x00, 0x00, 0x00, 0x00, 0xef, 0xff, 0xff, 0xff, 0xff, 0x50, 0x00, 0x00, 0x0a, 0xff, 0xff,
    0xff, 0xff, 0xf6, 0x00, 0x00, 0x00, 0x00, 0x00, 0x00, 0x00, 0x00, 0x00, 0x00, 0xbf, 0xff, 0xff,
    0xff, 0xff, 0xe0, 0x00, 0x00, 0x00, 0x4f, 0xff, 0xff, 0xff, 0xff, 0xf3, 0x00, 0x00, 0x00, 0x00,
    0x00, 0x00, 0x00, 0x00, 0x00, 0xaf, 0xff, 0xff, 0xff, 0xff, 0xf6, 0x00, 0x00, 0x00, 0x00, 0xef,
    0xff, 0xff, 0xff, 0xff, 0xe3, 0x00, 0x00, 0x00, 0x00, 0x00, 0x00, 0x00, 0x00, 0x9f, 0xff, 0xff,
    0xff, 0xff, 0xfc, 0x00, 0x00, 0x00, 0x00, 0x07, 0xff, 0xff, 0xff, 0xff, 0xff, 0xf7, 0x00, 0x00,
    0x00, 0x00, 0x00, 0x00, 0x05, 0xef, 0xff, 0xff, 0xff, 0xff, 0xff, 0x30, 0x00, 0x00, 0x00, 0x00,
    0x0c, 0xff, 0xff, 0xff, 0xff, 0xff, 0xfe, 0x84, 0x00, 0x00, 0x00, 0x02, 0x7c, 0xff, 0xff, 0xff,
    0xff, 0xff, 0xff, 0x70, 0x00, 0x00, 0x00, 0x00, 0x00, 0x2f, 0xff, 0xff, 0xff, 0xff, 0xff, 0xff,
    0xff, 0xdc, 0xbc, 0xdf, 0xff, 0xff, 0xff, 0xff, 0xff, 0xff, 0xff, 0xa0, 0x00, 0x00, 0x00, 0x00,
    0x00, 0x00, 0x6f, 0xff, 0xff, 0xff, 0xff, 0xff, 0xff, 0xff, 0xff, 0xff, 0xff, 0xff, 0xff, 0xff,
    0xff, 0xff, 0xff, 0xb0, 0x00, 0x00, 0x00, 0x00, 0x00, 0x00, 0x00, 0x6f, 0xff, 0xff, 0xff, 0xff,
    0xff, 0xff, 0xff, 0xff, 0xff, 0xff, 0xff, 0xff, 0xff, 0xff, 0xff, 0xb0, 0x00, 0x00, 0x00, 0x00,
    0x00, 0x00, 0x00, 0x00, 0x5f, 0xff, 0xff, 0xff, 0xff, 0xff, 0xff, 0xff, 0xff, 0xff, 0xff, 0xff,
    0xff, 0xff, 0xff, 0x80, 0x00, 0x00, 0x00, 0x00, 0x00, 0x00, 0x00, 0x00, 0x00, 0x2c, 0xff, 0xff,
    0xff, 0xff, 0xff, 0xff, 0xff, 0xff, 0xff, 0xff, 0xff, 0xff, 0xfd, 0x30, 0x00, 0x00, 0x00, 0x00,
    0x00, 0x00, 0x00, 0x00, 0x00, 0x00, 0x05, 0xdf, 0xff, 0xff, 0xff, 0xff, 0xff, 0xff, 0xff, 0xff,
    0xff, 0xff, 0xd6, 0x00, 0x00, 0x00, 0x00, 0x00, 0x00, 0x00, 0x00, 0x00, 0x00, 0x00, 0x00, 0x00,
    0x39, 0xff, 0xff, 0xff, 0xff, 0xff, 0xff, 0xff, 0xff, 0xd9, 0x40, 0x00, 0x00, 0x00, 0x00, 0x00,
    0x00, 0x00, 0x00, 0x00, 0x00, 0x00, 0x00, 0x00, 0x00, 0x00, 0x36, 0x9c, 0xde, 0xff, 0xed, 0xcb,
    0x96, 0x10, 0x00, 0x00, 0x00, 0x00, 0x00, 0x00, 0x00, 0x00, 0x00, 0x00, 0x00, 0x00, 0x02, 0x33,
    0x20, 0x00, 0x00, 0x00, 0x00, 0x00, 0x4b, 0xff, 0xff, 0xfe, 0x92, 0x00, 0x00, 0x00, 0x1a, 0xff,
    0xff, 0xff, 0xff, 0xff, 0x70, 0x00, 0x00, 0xcf, 0xff, 0xff, 0xff, 0xff, 0xff, 0xf9, 0x00, 0x0a,
    0xff, 0xff, 0xff, 0xff, 0xff, 0xff, 0xff, 0x50, 0x2f, 0xff, 0xff, 0xff, 0xff, 0xff, 0xff, 0xff,
    0xe0, 0x8f, 0xff, 0xff, 0xff, 0xff, 0xff, 0xff, 0xff, 0xf4, 0xcf, 0xff, 0xff, 0xff, 0xff, 0xff,
    0xff, 0xff, 0xf8, 0xef, 0xff, 0xff, 0xff, 0xff, 0xff, 0xff, 0xff, 0xfa, 0xff, 0xff, 0xff, 0xff,
    0xff, 0xff, 0xff, 0xff, 0xfb, 0xef, 0xff, 0xff, 0xff, 0xff, 0xff, 0xff, 0xff, 0xf9, 0xbf, 0xff,
    0xff, 0xff, 0xff, 0xff, 0xff, 0xff, 0xf7, 0x7f, 0xff, 0xff, 0xff, 0xff, 0xff, 0xff, 0xff, 0xf2,
    0x1e, 0xff, 0xff, 0xff, 0xff, 0xff, 0xff, 0xff, 0xc0, 0x06, 0xff, 0xff, 0xff, 0xff, 0xff, 0xff,
    0xff, 0x30, 0x00, 0x8f, 0xff, 0xff, 0xff, 0xff, 0xff, 0xf5, 0x00, 0x00, 0x06, 0xef, 0xff, 0xff,
    0xff, 0xfd, 0x30, 0x00, 0x00, 0x00, 0x06, 0xbe, 0xff, 0xda, 0x50, 0x00, 0x00, 0x00, 0x00, 0x00,
    0x00, 0x00, 0x00, 0x00, 0x00, 0x00, 0x00, 0x00, 0x00, 0x00, 0x00, 0x00, 0x00, 0x00, 0x00, 0x00,
    0x00, 0x00, 0x00, 0x00, 0x00, 0x00, 0x00, 0x00, 0x00, 0x00, 0x00, 0x00, 0x00, 0x00, 0x00, 0x00,
    0x00, 0x00, 0x00, 0x00, 0x00, 0x00, 0x00, 0x00, 0x00, 0x00, 0x00, 0x00, 0x00, 0x00, 0x00, 0x00,
    0x00, 0x00, 0x00, 0x00, 0x00, 0x00, 0x00, 0x00, 0x00, 0x00, 0x00, 0x00, 0x00, 0x00, 0x00, 0x00,
    0x00, 0x00, 0x00, 0x00, 0x00, 0x00, 0x00, 0x00, 0x00, 0x00, 0x00, 0x00, 0x00, 0x00, 0x00, 0x00,
    0x00, 0x00, 0x00, 0x00, 0x00, 0x00, 0x00, 0x00, 0x00, 0x00, 0x00, 0x00, 0x00, 0x00, 0x00, 0x00,
    0x00, 0x00, 0x00, 0x00, 0x00, 0x00, 0x00, 0x00, 0x00, 0x00, 0x00, 0x00, 0x00, 0x00, 0x00, 0x00,
    0x00, 0x00, 0x00, 0x00, 0x00, 0x00, 0x00, 0x00, 0x00, 0x00, 0x00, 0x00, 0x00, 0x00, 0x00, 0x00,
    0x00, 0x00, 0x00, 0x00, 0x00, 0x00, 0x00, 0x00, 0x00, 0x00, 0x00, 0x00, 0x00, 0x00, 0x00, 0x00,
    0x00, 0x00, 0x00, 0x00, 0x00, 0x00, 0x00, 0x00, 0x00, 0x00, 0x00, 0x00, 0x00, 0x00, 0x00, 0x00,
    0x00, 0x00, 0x00, 0x00, 0x00, 0x00, 0x00, 0x00, 0x00, 0x00, 0x00, 0x00, 0x00, 0x00, 0x00, 0x00,
    0x00, 0x00, 0x00, 0x06, 0xbe, 0xff, 0xda, 0x50, 0x00, 0x00, 0x00, 0x06, 0xef, 0xff, 0xff, 0xff,
    0xfd, 0x30, 0x00, 0x00, 0x9f, 0xff, 0xff, 0xff, 0xff, 0xff, 0xf5, 0x00, 0x06, 0xff, 0xff, 0xff,
    0xff, 0xff, 0xff, 0xff, 0x30, 0x1f, 0xff, 0xff, 0xff, 0xff, 0xff, 0xff, 0xff, 0xc0, 0x7f, 0xff,
    0xff, 0xff, 0xff, 0xff, 0xff, 0xff, 0xf3, 0xbf, 0xff, 0xff, 0xff, 0xff, 0xff, 0xff, 0xff, 0xf7,
    0xef, 0xff, 0xff, 0xff, 0xff, 0xff, 0xff, 0xff, 0xf9, 0xff, 0xff, 0xff, 0xff, 0xff, 0xff, 0xff,
    0xff, 0xfb, 0xef, 0xff, 0xff, 0xff, 0xff, 0xff, 0xff, 0xff, 0xfa, 0xcf, 0xff, 0xff, 0xff, 0xff,
    0xff, 0xff, 0xff, 0xf8, 0x8f, 0xff, 0xff, 0xff, 0xff, 0xff, 0xff, 0xff, 0xf4, 0x2f, 0xff, 0xff,
    0xff, 0xff, 0xff, 0xff, 0xff, 0xe0, 0x09, 0xff, 0xff, 0xff, 0xff, 0xff, 0xff, 0xff, 0x50, 0x00,
    0xcf, 0xff, 0xff, 0xff, 0xff, 0xff, 0xf9, 0x00, 0x00, 0x0a, 0xff, 0xff, 0xff, 0xff, 0xff, 0x70,
    0x00, 0x00, 0x00, 0x4b, 0xff, 0xff, 0xfe, 0x92, 0x00, 0x00, 0x00, 0x00, 0x00, 0x02, 0x43, 0x20,
    0x00, 0x00, 0x00,
};

static const lv_font_fmt_txt_glyph_dsc_t catnip_font_display_dsc[] = {
    {.bitmap_index = 0, .adv_w = 0, .box_w = 0, .box_h = 0, .ofs_x = 0, .ofs_y = 0},
    {.bitmap_index = 0, .adv_w = 952, .box_w = 0, .box_h = 0, .ofs_x = 0, .ofs_y = 0},
    {.bitmap_index = 0, .adv_w = 952, .box_w = 32, .box_h = 8, .ofs_x = 14, .ofs_y = 27},
    {.bitmap_index = 128, .adv_w = 952, .box_w = 19, .box_h = 18, .ofs_x = 20, .ofs_y = -2},
    {.bitmap_index = 299, .adv_w = 952, .box_w = 51, .box_h = 73, .ofs_x = 4, .ofs_y = -1},
    {.bitmap_index = 2161, .adv_w = 952, .box_w = 46, .box_h = 70, .ofs_x = 8, .ofs_y = 0},
    {.bitmap_index = 3771, .adv_w = 952, .box_w = 47, .box_h = 71, .ofs_x = 6, .ofs_y = 0},
    {.bitmap_index = 5440, .adv_w = 952, .box_w = 48, .box_h = 72, .ofs_x = 5, .ofs_y = -1},
    {.bitmap_index = 7168, .adv_w = 952, .box_w = 51, .box_h = 70, .ofs_x = 4, .ofs_y = 0},
    {.bitmap_index = 8953, .adv_w = 952, .box_w = 48, .box_h = 71, .ofs_x = 5, .ofs_y = -1},
    {.bitmap_index = 10657, .adv_w = 952, .box_w = 49, .box_h = 72, .ofs_x = 5, .ofs_y = -1},
    {.bitmap_index = 12421, .adv_w = 952, .box_w = 46, .box_h = 70, .ofs_x = 7, .ofs_y = 0},
    {.bitmap_index = 14031, .adv_w = 952, .box_w = 50, .box_h = 72, .ofs_x = 5, .ofs_y = -1},
    {.bitmap_index = 15831, .adv_w = 952, .box_w = 49, .box_h = 72, .ofs_x = 6, .ofs_y = -1},
    {.bitmap_index = 17595, .adv_w = 952, .box_w = 18, .box_h = 56, .ofs_x = 21, .ofs_y = -2}
};

static const lv_font_fmt_txt_cmap_t catnip_font_display_cmaps[] = {
    {
        .range_start = 32, .range_length = 1, .glyph_id_start = 1,
        .unicode_list = NULL, .glyph_id_ofs_list = NULL, .list_length = 0,
        .type = LV_FONT_FMT_TXT_CMAP_FORMAT0_TINY
    },
    {
        .range_start = 45, .range_length = 2, .glyph_id_start = 2,
        .unicode_list = NULL, .glyph_id_ofs_list = NULL, .list_length = 0,
        .type = LV_FONT_FMT_TXT_CMAP_FORMAT0_TINY
    },
    {
        .range_start = 48, .range_length = 11, .glyph_id_start = 4,
        .unicode_list = NULL, .glyph_id_ofs_list = NULL, .list_length = 0,
        .type = LV_FONT_FMT_TXT_CMAP_FORMAT0_TINY
    }
};

static const lv_font_fmt_txt_dsc_t catnip_font_display_font_dsc = {
    .glyph_bitmap = catnip_font_display_bitmap,
    .glyph_dsc = catnip_font_display_dsc,
    .cmaps = catnip_font_display_cmaps,
    /* No kerning. The face is monospaced, so every pair is already the
     * same width apart; a kerning table would be a list of zeroes with
     * a lookup in front of it. */
    .kern_dsc = NULL,
    .kern_scale = 0,
    .cmap_num = 3,
    .bpp = 4,
    .kern_classes = 0,
    .bitmap_format = 0,
};

const lv_font_t catnip_font_display = {
    .get_glyph_dsc = lv_font_get_glyph_dsc_fmt_txt,
    .get_glyph_bitmap = lv_font_get_bitmap_fmt_txt,
    .line_height = 111,
    .base_line = 20,
    .subpx = LV_FONT_SUBPX_NONE,
    .underline_position = -8,
    .underline_thickness = 4,
    .dsc = &catnip_font_display_font_dsc,
};

/* clang-format on */
